Date,Bundesland,tmax,tavg,prcp,EinwohnerInnen,EinwohnerInnenRelativ
2019-12-31,Baden-Württemberg,5.5,-0.45,0,11124642,0.1336500045340346
2019-12-31,Bayern,7.3,1.5,0,13176989,0.15830663490968286
2019-12-31,Berlin,8.05,5.2,0,3677472,0.04418067111497029
2019-12-31,Brandenburg,7.2,4.5,0,2537868,0.03048961662827274
2019-12-31,Bremen,8.600000000000001,5.300000000000001,0,676463,0.008126938648192602
2019-12-31,Gesamt,8.05,5.2,0,83237124,1
2019-12-31,Hamburg,8.45,5.85,0,1853935,0.022272934370005385
2019-12-31,Hessen,2.8,-0.6499999999999999,0,6295017,0.07562751687576327
2019-12-31,Mecklenburg-Vorpommern,7.45,5,0,1611160,0.01935626704257586
2019-12-31,Niedersachsen,9.2,5.7,0.2,8027031,0.096435708182325
2019-12-31,Nordrhein-Westfalen,7.25,3.3499999999999996,0.05,17924591,0.21534370889604498
2019-12-31,Rheinland-Pfalz,2.65,-0.5,0,4106485,0.04933477759274816
2019-12-31,Saarland,6,-0.1,0,982348,0.011801801321246995
2019-12-31,Sachsen,6.25,3.45,0,4043002,0.048572101073554634
2019-12-31,Sachsen-Anhalt,9.25,4.699999999999999,0,2169253,0.02606112388025324
2019-12-31,Schleswig-Holstein,7.800000000000001,6.5,0,2922005,0.035104588668873275
2019-12-31,Thüringen,7.05,3.05,0,2108863,0.025335606261456128
2020-01-05,Baden-Württemberg,5.6,1.76,0.31999999999999995,11124642,0.1336500045340346
2020-01-05,Bayern,5.82,1.92,0.54,13176989,0.15830663490968286
2020-01-05,Berlin,5.64,2.36,1.5799999999999998,3677472,0.04418067111497029
2020-01-05,Brandenburg,5.1,2,1.26,2537868,0.03048961662827274
2020-01-05,Bremen,5.46,2.62,1.4000000000000001,676463,0.008126938648192602
2020-01-05,Gesamt,5.64,2.36,1.5799999999999998,83237124,1
2020-01-05,Hamburg,5.88,2.88,2.1399999999999997,1853935,0.022272934370005385
2020-01-05,Hessen,5.24,3.1199999999999997,0.48000000000000004,6295017,0.07562751687576327
2020-01-05,Mecklenburg-Vorpommern,4.88,2.16,2.46,1611160,0.01935626704257586
2020-01-05,Niedersachsen,6.0200000000000005,2.66,1.24,8027031,0.096435708182325
2020-01-05,Nordrhein-Westfalen,6.8,4.58,0.56,17924591,0.21534370889604498
2020-01-05,Rheinland-Pfalz,4.92,3.02,0.19999999999999998,4106485,0.04933477759274816
2020-01-05,Saarland,6.3,3.7,0.7200000000000001,982348,0.011801801321246995
2020-01-05,Sachsen,7,3.04,0.62,4043002,0.048572101073554634
2020-01-05,Sachsen-Anhalt,6.18,2.38,0.8,2169253,0.02606112388025324
2020-01-05,Schleswig-Holstein,6.04,3.9,1.8800000000000001,2922005,0.035104588668873275
2020-01-05,Thüringen,4.86,1.66,0.58,2108863,0.025335606261456128
2020-01-12,Baden-Württemberg,7.914285714285714,3.6714285714285713,0.41428571428571426,11124642,0.1336500045340346
2020-01-12,Bayern,7.714285714285714,3.7714285714285714,0.35714285714285715,13176989,0.15830663490968286
2020-01-12,Berlin,8.028571428571428,5.671428571428572,1.3285714285714285,3677472,0.04418067111497029
2020-01-12,Brandenburg,7.5285714285714285,5.1,1.6142857142857143,2537868,0.03048961662827274
2020-01-12,Bremen,9.514285714285714,7,1.3142857142857143,676463,0.008126938648192602
2020-01-12,Gesamt,8.028571428571428,5.671428571428572,1.3285714285714285,83237124,1
2020-01-12,Hamburg,8.9,6.771428571428571,1.9857142857142858,1853935,0.022272934370005385
2020-01-12,Hessen,7.371428571428572,4.3428571428571425,3.142857142857143,6295017,0.07562751687576327
2020-01-12,Mecklenburg-Vorpommern,8.028571428571428,6,1.6857142857142857,1611160,0.01935626704257586
2020-01-12,Niedersachsen,9.128571428571428,6.8,0.5857142857142856,8027031,0.096435708182325
2020-01-12,Nordrhein-Westfalen,9.614285714285714,7.257142857142857,2.6142857142857143,17924591,0.21534370889604498
2020-01-12,Rheinland-Pfalz,7.5285714285714285,4.742857142857143,1.2428571428571429,4106485,0.04933477759274816
2020-01-12,Saarland,7.114285714285715,4.957142857142857,1.7428571428571429,982348,0.011801801321246995
2020-01-12,Sachsen,7.242857142857143,4.328571428571428,1.4428571428571428,4043002,0.048572101073554634
2020-01-12,Sachsen-Anhalt,8.257142857142856,5.928571428571429,1.4714285714285713,2169253,0.02606112388025324
2020-01-12,Schleswig-Holstein,8.6,6.5285714285714285,4.671428571428572,2922005,0.035104588668873275
2020-01-12,Thüringen,6.614285714285715,4.442857142857143,1.8428571428571427,2108863,0.025335606261456128
2020-01-19,Baden-Württemberg,8.885714285714286,4.728571428571429,0.12857142857142856,11124642,0.1336500045340346
2020-01-19,Bayern,9.314285714285715,4.285714285714286,1.3857142857142857,13176989,0.15830663490968286
2020-01-19,Berlin,9.1,6.414285714285715,0.04285714285714286,3677472,0.04418067111497029
2020-01-19,Brandenburg,8.82857142857143,5.642857142857142,0.02857142857142857,2537868,0.03048961662827274
2020-01-19,Bremen,9.928571428571429,6.914285714285715,0.8428571428571429,676463,0.008126938648192602
2020-01-19,Gesamt,9.1,6.414285714285715,0.04285714285714286,83237124,1
2020-01-19,Hamburg,9.842857142857143,6.857142857142857,0.7571428571428571,1853935,0.022272934370005385
2020-01-19,Hessen,8.571428571428571,5.785714285714286,0.3142857142857143,6295017,0.07562751687576327
2020-01-19,Mecklenburg-Vorpommern,8.957142857142857,6.271428571428571,0.39999999999999997,1611160,0.01935626704257586
2020-01-19,Niedersachsen,9.842857142857143,7.114285714285714,0.1,8027031,0.096435708182325
2020-01-19,Nordrhein-Westfalen,10.142857142857142,7.371428571428571,0.9571428571428572,17924591,0.21534370889604498
2020-01-19,Rheinland-Pfalz,8.72857142857143,6.428571428571429,0.05714285714285714,4106485,0.04933477759274816
2020-01-19,Saarland,9.614285714285714,6.3,0.35714285714285715,982348,0.011801801321246995
2020-01-19,Sachsen,6.728571428571429,4.214285714285714,0.11428571428571428,4043002,0.048572101073554634
2020-01-19,Sachsen-Anhalt,9.657142857142857,6.628571428571428,0.12857142857142856,2169253,0.02606112388025324
2020-01-19,Schleswig-Holstein,9.142857142857142,7.1,2.1,2922005,0.035104588668873275
2020-01-19,Thüringen,8.428571428571429,5.742857142857143,0,2108863,0.025335606261456128
2020-01-26,Baden-Württemberg,4.285714285714286,-0.9428571428571428,0,11124642,0.1336500045340346
2020-01-26,Bayern,4.014285714285714,0.39999999999999997,0.19999999999999998,13176989,0.15830663490968286
2020-01-26,Berlin,4.171428571428572,1.5,0,3677472,0.04418067111497029
2020-01-26,Brandenburg,3.857142857142857,1.042857142857143,0.014285714285714285,2537868,0.03048961662827274
2020-01-26,Bremen,5.414285714285715,2.857142857142857,0.09999999999999999,676463,0.008126938648192602
2020-01-26,Gesamt,4.171428571428572,1.5,0,83237124,1
2020-01-26,Hamburg,5.1571428571428575,3.6,0.08571428571428572,1853935,0.022272934370005385
2020-01-26,Hessen,3.0142857142857142,0.8428571428571427,0,6295017,0.07562751687576327
2020-01-26,Mecklenburg-Vorpommern,4.5285714285714285,3.057142857142857,0.014285714285714287,1611160,0.01935626704257586
2020-01-26,Niedersachsen,4.457142857142857,2,0.014285714285714287,8027031,0.096435708182325
2020-01-26,Nordrhein-Westfalen,4.414285714285715,1.8,0.3428571428571428,17924591,0.21534370889604498
2020-01-26,Rheinland-Pfalz,2.2714285714285714,0.4142857142857143,0.02857142857142857,4106485,0.04933477759274816
2020-01-26,Saarland,5.4714285714285715,1.5,0,982348,0.011801801321246995
2020-01-26,Sachsen,3.814285714285714,-0.39999999999999997,0.014285714285714285,4043002,0.048572101073554634
2020-01-26,Sachsen-Anhalt,4.485714285714286,1.457142857142857,0,2169253,0.02606112388025324
2020-01-26,Schleswig-Holstein,5.742857142857143,4.7,0.1285714285714286,2922005,0.035104588668873275
2020-01-26,Thüringen,2.471428571428571,-1.1714285714285715,0,2108863,0.025335606261456128
2020-02-02,Baden-Württemberg,10.714285714285714,7.428571428571429,4.057142857142857,11124642,0.1336500045340346
2020-02-02,Bayern,10.942857142857143,7.5285714285714285,6.842857142857143,13176989,0.15830663490968286
2020-02-02,Berlin,9.414285714285715,6.985714285714286,4.042857142857143,3677472,0.04418067111497029
2020-02-02,Brandenburg,8.971428571428572,6.3999999999999995,3.757142857142857,2537868,0.03048961662827274
2020-02-02,Bremen,9.385714285714286,7.442857142857143,2.7142857142857144,676463,0.008126938648192602
2020-02-02,Gesamt,9.414285714285715,6.985714285714286,4.042857142857143,83237124,1
2020-02-02,Hamburg,8.8,6.771428571428571,8.8,1853935,0.022272934370005385
2020-02-02,Hessen,10.471428571428572,7.685714285714286,3.5428571428571427,6295017,0.07562751687576327
2020-02-02,Mecklenburg-Vorpommern,8.085714285714285,6.2,5.214285714285714,1611160,0.01935626704257586
2020-02-02,Niedersachsen,9.471428571428572,7.428571428571428,2.8,8027031,0.096435708182325
2020-02-02,Nordrhein-Westfalen,10.771428571428572,8.385714285714286,4.457142857142857,17924591,0.21534370889604498
2020-02-02,Rheinland-Pfalz,10.571428571428571,7.5,2.742857142857143,4106485,0.04933477759274816
2020-02-02,Saarland,10.028571428571428,7.785714285714286,9.785714285714286,982348,0.011801801321246995
2020-02-02,Sachsen,10.6,7.514285714285714,2.914285714285714,4043002,0.048572101073554634
2020-02-02,Sachsen-Anhalt,9.542857142857143,7.3428571428571425,2.8285714285714287,2169253,0.02606112388025324
2020-02-02,Schleswig-Holstein,8.114285714285714,6.614285714285714,5.857142857142858,2922005,0.035104588668873275
2020-02-02,Thüringen,8.914285714285715,6.5,1.2,2108863,0.025335606261456128
2020-02-09,Baden-Württemberg,9.814285714285715,3.3285714285714283,1.9857142857142858,11124642,0.1336500045340346
2020-02-09,Bayern,9.057142857142857,3.3285714285714287,5.257142857142857,13176989,0.15830663490968286
2020-02-09,Berlin,8.242857142857144,5.728571428571429,1.8857142857142857,3677472,0.04418067111497029
2020-02-09,Brandenburg,7.885714285714285,5.2,1.8857142857142857,2537868,0.03048961662827274
2020-02-09,Bremen,8.485714285714286,5.9,2.457142857142857,676463,0.008126938648192602
2020-02-09,Gesamt,8.242857142857144,5.728571428571429,1.8857142857142857,83237124,1
2020-02-09,Hamburg,8.2,5.757142857142857,2.857142857142857,1853935,0.022272934370005385
2020-02-09,Hessen,7.8999999999999995,4.457142857142857,2.2714285714285714,6295017,0.07562751687576327
2020-02-09,Mecklenburg-Vorpommern,7.485714285714286,5.514285714285714,2,1611160,0.01935626704257586
2020-02-09,Niedersachsen,7.785714285714286,5.7,3.6714285714285717,8027031,0.096435708182325
2020-02-09,Nordrhein-Westfalen,9.557142857142857,6.257142857142857,2.442857142857143,17924591,0.21534370889604498
2020-02-09,Rheinland-Pfalz,7.614285714285714,4.442857142857143,3.4714285714285715,4106485,0.04933477759274816
2020-02-09,Saarland,10.514285714285714,5.171428571428571,4.542857142857143,982348,0.011801801321246995
2020-02-09,Sachsen,7.814285714285714,4.642857142857143,4.685714285714285,4043002,0.048572101073554634
2020-02-09,Sachsen-Anhalt,8.257142857142858,5.814285714285714,2.2,2169253,0.02606112388025324
2020-02-09,Schleswig-Holstein,7.785714285714286,5.8428571428571425,2.7285714285714286,2922005,0.035104588668873275
2020-02-09,Thüringen,7,4.285714285714286,2.6857142857142855,2108863,0.025335606261456128
2020-02-16,Baden-Württemberg,10.8,6.057142857142857,2.6,11124642,0.1336500045340346
2020-02-16,Bayern,11.071428571428571,6.571428571428571,2.5142857142857147,13176989,0.15830663490968286
2020-02-16,Berlin,9.4,5.842857142857143,0.8571428571428571,3677472,0.04418067111497029
2020-02-16,Brandenburg,9.085714285714285,5.285714285714286,1.542857142857143,2537868,0.03048961662827274
2020-02-16,Bremen,9.157142857142857,6.2,4.142857142857143,676463,0.008126938648192602
2020-02-16,Gesamt,9.4,5.842857142857143,0.8571428571428571,83237124,1
2020-02-16,Hamburg,8.442857142857143,5.828571428571428,5.614285714285714,1853935,0.022272934370005385
2020-02-16,Hessen,9.7,6.171428571428572,4.085714285714285,6295017,0.07562751687576327
2020-02-16,Mecklenburg-Vorpommern,7.8428571428571425,5.171428571428572,5.228571428571429,1611160,0.01935626704257586
2020-02-16,Niedersachsen,9.357142857142858,6.371428571428572,3.7142857142857144,8027031,0.096435708182325
2020-02-16,Nordrhein-Westfalen,10.728571428571428,7.614285714285714,5.071428571428571,17924591,0.21534370889604498
2020-02-16,Rheinland-Pfalz,9.514285714285714,6.571428571428571,1.2428571428571429,4106485,0.04933477759274816
2020-02-16,Saarland,10.67142857142857,6.957142857142857,6.114285714285715,982348,0.011801801321246995
2020-02-16,Sachsen,10.485714285714286,6.5285714285714285,1.4714285714285713,4043002,0.048572101073554634
2020-02-16,Sachsen-Anhalt,10.242857142857144,6.285714285714286,2.2285714285714286,2169253,0.02606112388025324
2020-02-16,Schleswig-Holstein,8.042857142857143,5.828571428571428,10.1,2922005,0.035104588668873275
2020-02-16,Thüringen,8.7,5.357142857142857,0.8857142857142857,2108863,0.025335606261456128
2020-02-23,Baden-Württemberg,11.285714285714286,7.014285714285714,2.3285714285714283,11124642,0.1336500045340346
2020-02-23,Bayern,11.942857142857143,7.914285714285715,1.8285714285714287,13176989,0.15830663490968286
2020-02-23,Berlin,8.914285714285715,6.742857142857143,4.071428571428571,3677472,0.04418067111497029
2020-02-23,Brandenburg,8.685714285714285,6.271428571428571,4.1571428571428575,2537868,0.03048961662827274
2020-02-23,Bremen,8.971428571428572,6.714285714285714,3.714285714285714,676463,0.008126938648192602
2020-02-23,Gesamt,8.914285714285715,6.742857142857143,4.071428571428571,83237124,1
2020-02-23,Hamburg,8.414285714285715,6.314285714285714,5.228571428571429,1853935,0.022272934370005385
2020-02-23,Hessen,10.428571428571429,7.1571428571428575,2.0999999999999996,6295017,0.07562751687576327
2020-02-23,Mecklenburg-Vorpommern,7.8999999999999995,5.871428571428572,3.6142857142857143,1611160,0.01935626704257586
2020-02-23,Niedersachsen,9.5,6.9,4.985714285714286,8027031,0.096435708182325
2020-02-23,Nordrhein-Westfalen,10.142857142857142,7.685714285714286,5.7142857142857135,17924591,0.21534370889604498
2020-02-23,Rheinland-Pfalz,9.728571428571428,7.085714285714285,0.5571428571428572,4106485,0.04933477759274816
2020-02-23,Saarland,9.971428571428572,7.071428571428571,2.357142857142857,982348,0.011801801321246995
2020-02-23,Sachsen,11.77142857142857,7.985714285714286,2.5000000000000004,4043002,0.048572101073554634
2020-02-23,Sachsen-Anhalt,10.257142857142858,7.1000000000000005,2.6,2169253,0.02606112388025324
2020-02-23,Schleswig-Holstein,7.8,6.242857142857143,7.071428571428571,2922005,0.035104588668873275
2020-02-23,Thüringen,9.442857142857143,6.0285714285714285,1.5000000000000002,2108863,0.025335606261456128
2020-03-01,Baden-Württemberg,9.771428571428572,5.771428571428571,2.6714285714285717,11124642,0.1336500045340346
2020-03-01,Bayern,10.114285714285714,5.957142857142857,2.3857142857142857,13176989,0.15830663490968286
2020-03-01,Berlin,8.614285714285714,5.285714285714286,2.4714285714285715,3677472,0.04418067111497029
2020-03-01,Brandenburg,8.214285714285714,4.585714285714286,3.0285714285714285,2537868,0.03048961662827274
2020-03-01,Bremen,8.942857142857143,5.228571428571429,5.014285714285714,676463,0.008126938648192602
2020-03-01,Gesamt,8.614285714285714,5.285714285714286,2.4714285714285715,83237124,1
2020-03-01,Hamburg,9,4.871428571428571,5.085714285714285,1853935,0.022272934370005385
2020-03-01,Hessen,9.128571428571428,5.985714285714286,5.3428571428571425,6295017,0.07562751687576327
2020-03-01,Mecklenburg-Vorpommern,8.114285714285714,4.5285714285714285,3.714285714285714,1611160,0.01935626704257586
2020-03-01,Niedersachsen,8.914285714285715,5.428571428571429,4.371428571428571,8027031,0.096435708182325
2020-03-01,Nordrhein-Westfalen,9.200000000000001,5.671428571428572,5.542857142857143,17924591,0.21534370889604498
2020-03-01,Rheinland-Pfalz,9.114285714285714,5.757142857142857,4.642857142857142,4106485,0.04933477759274816
2020-03-01,Saarland,9.785714285714285,6.171428571428572,6.228571428571429,982348,0.011801801321246995
2020-03-01,Sachsen,9.942857142857143,6.057142857142857,1.6714285714285715,4043002,0.048572101073554634
2020-03-01,Sachsen-Anhalt,9.17142857142857,5.585714285714285,2.6142857142857143,2169253,0.02606112388025324
2020-03-01,Schleswig-Holstein,7.6000000000000005,4.742857142857143,4.357142857142857,2922005,0.035104588668873275
2020-03-01,Thüringen,7.4714285714285715,4.271428571428571,1.7428571428571429,2108863,0.025335606261456128
2020-03-08,Baden-Württemberg,8.442857142857143,4.685714285714286,2.5571428571428574,11124642,0.1336500045340346
2020-03-08,Bayern,8.157142857142857,5.014285714285714,1.4142857142857144,13176989,0.15830663490968286
2020-03-08,Berlin,8.414285714285715,4.9714285714285715,1.0999999999999999,3677472,0.04418067111497029
2020-03-08,Brandenburg,8.628571428571428,4.514285714285714,0.9285714285714286,2537868,0.03048961662827274
2020-03-08,Bremen,9.042857142857143,5.785714285714286,3.0857142857142854,676463,0.008126938648192602
2020-03-08,Gesamt,8.414285714285715,4.9714285714285715,1.0999999999999999,83237124,1
2020-03-08,Hamburg,8.857142857142858,5.457142857142857,1.6,1853935,0.022272934370005385
2020-03-08,Hessen,9.157142857142857,5.771428571428571,3.842857142857143,6295017,0.07562751687576327
2020-03-08,Mecklenburg-Vorpommern,8.1,4.828571428571428,0.9857142857142857,1611160,0.01935626704257586
2020-03-08,Niedersachsen,8.528571428571428,5.671428571428572,2.3285714285714287,8027031,0.096435708182325
2020-03-08,Nordrhein-Westfalen,9.485714285714286,6.242857142857143,3.528571428571429,17924591,0.21534370889604498
2020-03-08,Rheinland-Pfalz,9.028571428571428,5.6571428571428575,3.0142857142857142,4106485,0.04933477759274816
2020-03-08,Saarland,9.299999999999999,5.714285714285714,6.371428571428571,982348,0.011801801321246995
2020-03-08,Sachsen,9.5,5.9,0.7857142857142857,4043002,0.048572101073554634
2020-03-08,Sachsen-Anhalt,9.785714285714286,5.642857142857143,1.7,2169253,0.02606112388025324
2020-03-08,Schleswig-Holstein,7,5.042857142857143,2.414285714285714,2922005,0.035104588668873275
2020-03-08,Thüringen,7.871428571428571,4.3,0.9714285714285714,2108863,0.025335606261456128
2020-03-15,Baden-Württemberg,12.614285714285714,7.571428571428571,1.7142857142857142,11124642,0.1336500045340346
2020-03-15,Bayern,12.785714285714285,8.071428571428571,2.8285714285714283,13176989,0.15830663490968286
2020-03-15,Berlin,11.214285714285714,6.914285714285715,2.3142857142857145,3677472,0.04418067111497029
2020-03-15,Brandenburg,10.928571428571429,6.414285714285715,2.0142857142857147,2537868,0.03048961662827274
2020-03-15,Bremen,11.885714285714286,7.814285714285714,2.6285714285714286,676463,0.008126938648192602
2020-03-15,Gesamt,11.214285714285714,6.914285714285715,2.3142857142857145,83237124,1
2020-03-15,Hamburg,11.085714285714285,7.242857142857143,3.2285714285714286,1853935,0.022272934370005385
2020-03-15,Hessen,12.271428571428572,8.67142857142857,2.685714285714286,6295017,0.07562751687576327
2020-03-15,Mecklenburg-Vorpommern,10.82857142857143,6.742857142857143,2.242857142857143,1611160,0.01935626704257586
2020-03-15,Niedersachsen,11.771428571428572,7.885714285714285,2.971428571428571,8027031,0.096435708182325
2020-03-15,Nordrhein-Westfalen,12.857142857142858,9.242857142857144,4.328571428571428,17924591,0.21534370889604498
2020-03-15,Rheinland-Pfalz,12.285714285714286,8.742857142857144,1.514285714285714,4106485,0.04933477759274816
2020-03-15,Saarland,13.242857142857144,8.685714285714285,2.5714285714285716,982348,0.011801801321246995
2020-03-15,Sachsen,12.114285714285714,7.571428571428571,1.5142857142857142,4043002,0.048572101073554634
2020-03-15,Sachsen-Anhalt,12.042857142857143,7.514285714285714,1.7428571428571429,2169253,0.02606112388025324
2020-03-15,Schleswig-Holstein,9.385714285714286,6.828571428571428,2.5142857142857142,2922005,0.035104588668873275
2020-03-15,Thüringen,11.014285714285714,6.928571428571429,2.042857142857143,2108863,0.025335606261456128
2020-03-22,Baden-Württemberg,14.971428571428572,8.628571428571428,2.1714285714285713,11124642,0.1336500045340346
2020-03-22,Bayern,14.614285714285714,8.757142857142856,3.8714285714285714,13176989,0.15830663490968286
2020-03-22,Berlin,12.357142857142858,7.828571428571428,0,3677472,0.04418067111497029
2020-03-22,Brandenburg,13.071428571428571,7.771428571428571,0.014285714285714285,2537868,0.03048961662827274
2020-03-22,Bremen,11.185714285714285,7.285714285714286,0.11428571428571428,676463,0.008126938648192602
2020-03-22,Gesamt,12.357142857142858,7.828571428571428,0,83237124,1
2020-03-22,Hamburg,10.314285714285715,6.428571428571429,0.2571428571428572,1853935,0.022272934370005385
2020-03-22,Hessen,14.471428571428572,9.4,0.9428571428571427,6295017,0.07562751687576327
2020-03-22,Mecklenburg-Vorpommern,10.071428571428571,6.385714285714286,0.37142857142857144,1611160,0.01935626704257586
2020-03-22,Niedersachsen,11.571428571428571,7.7,0.05714285714285714,8027031,0.096435708182325
2020-03-22,Nordrhein-Westfalen,13.842857142857143,8.7,0.22857142857142856,17924591,0.21534370889604498
2020-03-22,Rheinland-Pfalz,14.314285714285713,9.614285714285714,0.6142857142857143,4106485,0.04933477759274816
2020-03-22,Saarland,15.914285714285715,8.957142857142857,0.8999999999999999,982348,0.011801801321246995
2020-03-22,Sachsen,12.7,7.271428571428571,0.6428571428571429,4043002,0.048572101073554634
2020-03-22,Sachsen-Anhalt,13.17142857142857,7.9,0.37142857142857144,2169253,0.02606112388025324
2020-03-22,Schleswig-Holstein,8.342857142857143,6.214285714285714,0.6142857142857142,2922005,0.035104588668873275
2020-03-22,Thüringen,11.342857142857142,6.571428571428572,0,2108863,0.025335606261456128
2020-03-29,Baden-Württemberg,10,3.942857142857143,0.7571428571428571,11124642,0.1336500045340346
2020-03-29,Bayern,9.185714285714285,3.8857142857142857,0.09999999999999999,13176989,0.15830663490968286
2020-03-29,Berlin,10.414285714285715,5.157142857142857,0.07142857142857144,3677472,0.04418067111497029
2020-03-29,Brandenburg,10.757142857142856,4.257142857142857,0.1714285714285714,2537868,0.03048961662827274
2020-03-29,Bremen,10.542857142857143,5.0285714285714285,0.05714285714285714,676463,0.008126938648192602
2020-03-29,Gesamt,10.414285714285715,5.157142857142857,0.07142857142857144,83237124,1
2020-03-29,Hamburg,10.114285714285714,4.6000000000000005,0.5571428571428572,1853935,0.022272934370005385
2020-03-29,Hessen,11.871428571428572,6.985714285714286,0,6295017,0.07562751687576327
2020-03-29,Mecklenburg-Vorpommern,9.714285714285714,4.5285714285714285,0.22857142857142856,1611160,0.01935626704257586
2020-03-29,Niedersachsen,10,4.257142857142857,0.14285714285714288,8027031,0.096435708182325
2020-03-29,Nordrhein-Westfalen,11.842857142857143,6.6,0.15714285714285717,17924591,0.21534370889604498
2020-03-29,Rheinland-Pfalz,11.371428571428572,6.128571428571428,0,4106485,0.04933477759274816
2020-03-29,Saarland,11.714285714285714,6.185714285714286,0,982348,0.011801801321246995
2020-03-29,Sachsen,10.7,3.5714285714285716,0.22857142857142856,4043002,0.048572101073554634
2020-03-29,Sachsen-Anhalt,10.742857142857142,4.757142857142857,0.09999999999999999,2169253,0.02606112388025324
2020-03-29,Schleswig-Holstein,7.014285714285714,4.671428571428572,0.19999999999999998,2922005,0.035104588668873275
2020-03-29,Thüringen,9.042857142857143,3.1,0.19999999999999998,2108863,0.025335606261456128
2020-04-05,Baden-Württemberg,11.685714285714285,5.0285714285714285,0,11124642,0.1336500045340346
2020-04-05,Bayern,11.585714285714285,5.642857142857143,0,13176989,0.15830663490968286
2020-04-05,Berlin,10.214285714285715,5.285714285714286,0.0857142857142857,3677472,0.04418067111497029
2020-04-05,Brandenburg,10.571428571428571,4.985714285714286,0.18571428571428572,2537868,0.03048961662827274
2020-04-05,Bremen,11.257142857142858,5.7,0.8999999999999999,676463,0.008126938648192602
2020-04-05,Gesamt,10.214285714285715,5.285714285714286,0.0857142857142857,83237124,1
2020-04-05,Hamburg,10.771428571428572,5.414285714285715,0.7714285714285714,1853935,0.022272934370005385
2020-04-05,Hessen,12.628571428571428,7.014285714285714,0,6295017,0.07562751687576327
2020-04-05,Mecklenburg-Vorpommern,10.185714285714285,5.357142857142857,0.2142857142857143,1611160,0.01935626704257586
2020-04-05,Niedersachsen,10.028571428571428,5.214285714285714,0.4714285714285714,8027031,0.096435708182325
2020-04-05,Nordrhein-Westfalen,12.5,6.285714285714286,0.05714285714285714,17924591,0.21534370889604498
2020-04-05,Rheinland-Pfalz,12.385714285714286,7.0285714285714285,0,4106485,0.04933477759274816
2020-04-05,Saarland,14.028571428571428,6.228571428571429,0,982348,0.011801801321246995
2020-04-05,Sachsen,10.7,4.757142857142857,0,4043002,0.048572101073554634
2020-04-05,Sachsen-Anhalt,10.514285714285714,5.3999999999999995,0.04285714285714286,2169253,0.02606112388025324
2020-04-05,Schleswig-Holstein,9.2,6.1,0.27142857142857146,2922005,0.035104588668873275
2020-04-05,Thüringen,9.7,3.7285714285714286,0.014285714285714285,2108863,0.025335606261456128
2020-04-12,Baden-Württemberg,21.885714285714286,13.257142857142856,0.37142857142857144,11124642,0.1336500045340346
2020-04-12,Bayern,21.8,14.4,0,13176989,0.15830663490968286
2020-04-12,Berlin,19.97142857142857,12.371428571428572,0.22857142857142856,3677472,0.04418067111497029
2020-04-12,Brandenburg,20.385714285714286,12.6,0.38571428571428573,2537868,0.03048961662827274
2020-04-12,Bremen,19.37142857142857,11.971428571428572,0.02857142857142857,676463,0.008126938648192602
2020-04-12,Gesamt,19.97142857142857,12.371428571428572,0.22857142857142856,83237124,1
2020-04-12,Hamburg,18.62857142857143,11.2,0,1853935,0.022272934370005385
2020-04-12,Hessen,22.428571428571427,15.657142857142857,0,6295017,0.07562751687576327
2020-04-12,Mecklenburg-Vorpommern,17.885714285714286,11.428571428571429,0,1611160,0.01935626704257586
2020-04-12,Niedersachsen,19.65714285714286,12.385714285714286,0,8027031,0.096435708182325
2020-04-12,Nordrhein-Westfalen,22.52857142857143,15.028571428571428,0,17924591,0.21534370889604498
2020-04-12,Rheinland-Pfalz,22.5,16.271428571428572,0,4106485,0.04933477759274816
2020-04-12,Saarland,24.642857142857142,14.7,0.02857142857142857,982348,0.011801801321246995
2020-04-12,Sachsen,20.9,13.028571428571428,0,4043002,0.048572101073554634
2020-04-12,Sachsen-Anhalt,20.228571428571428,12.557142857142857,0.02857142857142857,2169253,0.02606112388025324
2020-04-12,Schleswig-Holstein,15.214285714285714,10.442857142857143,0,2922005,0.035104588668873275
2020-04-12,Thüringen,19.371428571428574,11.942857142857143,0,2108863,0.025335606261456128
2020-04-19,Baden-Württemberg,19.214285714285715,11.585714285714285,0,11124642,0.1336500045340346
2020-04-19,Bayern,20.228571428571428,13.057142857142857,0.3428571428571428,13176989,0.15830663490968286
2020-04-19,Berlin,15.085714285714285,9.485714285714286,0,3677472,0.04418067111497029
2020-04-19,Brandenburg,15.742857142857144,9.22857142857143,0.04285714285714285,2537868,0.03048961662827274
2020-04-19,Bremen,14.785714285714285,8.700000000000001,0.02857142857142857,676463,0.008126938648192602
2020-04-19,Gesamt,15.085714285714285,9.485714285714286,0,83237124,1
2020-04-19,Hamburg,13.785714285714286,8.014285714285714,0,1853935,0.022272934370005385
2020-04-19,Hessen,18.414285714285715,12,0.2,6295017,0.07562751687576327
2020-04-19,Mecklenburg-Vorpommern,13.657142857142857,8.128571428571428,0.014285714285714285,1611160,0.01935626704257586
2020-04-19,Niedersachsen,15.7,8.642857142857142,0,8027031,0.096435708182325
2020-04-19,Nordrhein-Westfalen,17.642857142857142,11.357142857142858,0.08571428571428572,17924591,0.21534370889604498
2020-04-19,Rheinland-Pfalz,19.185714285714287,12.842857142857143,0.11428571428571428,4106485,0.04933477759274816
2020-04-19,Saarland,21.228571428571428,12.542857142857143,0.04285714285714285,982348,0.011801801321246995
2020-04-19,Sachsen,16.957142857142856,10.285714285714286,0.2,4043002,0.048572101073554634
2020-04-19,Sachsen-Anhalt,16.271428571428572,9.857142857142858,0,2169253,0.02606112388025324
2020-04-19,Schleswig-Holstein,10.428571428571429,7.5285714285714285,0,2922005,0.035104588668873275
2020-04-19,Thüringen,15.914285714285715,9.3,0.8285714285714286,2108863,0.025335606261456128
2020-04-26,Baden-Württemberg,20.47142857142857,13.642857142857142,0.014285714285714285,11124642,0.1336500045340346
2020-04-26,Bayern,20.34285714285714,13.642857142857142,0.04285714285714285,13176989,0.15830663490968286
2020-04-26,Berlin,18.47142857142857,12.3,0,3677472,0.04418067111497029
2020-04-26,Brandenburg,19.3,12.385714285714286,0,2537868,0.03048961662827274
2020-04-26,Bremen,18.085714285714285,11.614285714285714,0,676463,0.008126938648192602
2020-04-26,Gesamt,18.47142857142857,12.3,0,83237124,1
2020-04-26,Hamburg,16.9,10.5,0,1853935,0.022272934370005385
2020-04-26,Hessen,21.15714285714286,14.585714285714285,0,6295017,0.07562751687576327
2020-04-26,Mecklenburg-Vorpommern,16.97142857142857,10.7,0,1611160,0.01935626704257586
2020-04-26,Niedersachsen,17.7,11.285714285714286,0,8027031,0.096435708182325
2020-04-26,Nordrhein-Westfalen,20.5,13.157142857142857,0,17924591,0.21534370889604498
2020-04-26,Rheinland-Pfalz,20.742857142857144,14.357142857142858,0,4106485,0.04933477759274816
2020-04-26,Saarland,22.585714285714285,14.542857142857143,0,982348,0.011801801321246995
2020-04-26,Sachsen,18.385714285714286,11.514285714285714,0,4043002,0.048572101073554634
2020-04-26,Sachsen-Anhalt,18.900000000000002,12.285714285714285,0,2169253,0.02606112388025324
2020-04-26,Schleswig-Holstein,12.514285714285714,9.914285714285715,0,2922005,0.035104588668873275
2020-04-26,Thüringen,17,10.442857142857143,0,2108863,0.025335606261456128
2020-05-03,Baden-Württemberg,17.085714285714285,11.928571428571429,1.9285714285714286,11124642,0.1336500045340346
2020-05-03,Bayern,16.685714285714287,11.685714285714285,6.357142857142857,13176989,0.15830663490968286
2020-05-03,Berlin,18.8,12.942857142857143,2.0285714285714285,3677472,0.04418067111497029
2020-05-03,Brandenburg,18.82857142857143,12.457142857142857,3.4571428571428573,2537868,0.03048961662827274
2020-05-03,Bremen,15.871428571428572,11.014285714285714,2.3285714285714283,676463,0.008126938648192602
2020-05-03,Gesamt,18.8,12.942857142857143,2.0285714285714285,83237124,1
2020-05-03,Hamburg,15.542857142857143,10.742857142857142,1.9428571428571426,1853935,0.022272934370005385
2020-05-03,Hessen,16.614285714285714,11.885714285714286,3.4857142857142858,6295017,0.07562751687576327
2020-05-03,Mecklenburg-Vorpommern,15.128571428571428,10.685714285714285,3.3714285714285714,1611160,0.01935626704257586
2020-05-03,Niedersachsen,16.67142857142857,11.471428571428572,2.2142857142857144,8027031,0.096435708182325
2020-05-03,Nordrhein-Westfalen,17.67142857142857,12,2.5142857142857142,17924591,0.21534370889604498
2020-05-03,Rheinland-Pfalz,17.071428571428573,12.285714285714286,2.3000000000000003,4106485,0.04933477759274816
2020-05-03,Saarland,17.5,11.799999999999999,4.457142857142857,982348,0.011801801321246995
2020-05-03,Sachsen,19.514285714285716,13.857142857142858,1.342857142857143,4043002,0.048572101073554634
2020-05-03,Sachsen-Anhalt,18.37142857142857,12.6,1.6714285714285715,2169253,0.02606112388025324
2020-05-03,Schleswig-Holstein,12.371428571428572,9.785714285714285,4,2922005,0.035104588668873275
2020-05-03,Thüringen,16.814285714285713,11.285714285714285,1.7142857142857142,2108863,0.025335606261456128
2020-05-10,Baden-Württemberg,20.542857142857144,13.957142857142857,0.8857142857142857,11124642,0.1336500045340346
2020-05-10,Bayern,19.857142857142858,13.942857142857143,0.9857142857142857,13176989,0.15830663490968286
2020-05-10,Berlin,18.014285714285712,12.314285714285715,0.9428571428571428,3677472,0.04418067111497029
2020-05-10,Brandenburg,18.45714285714286,12.142857142857142,0.6142857142857143,2537868,0.03048961662827274
2020-05-10,Bremen,18.7,11.4,0.09999999999999999,676463,0.008126938648192602
2020-05-10,Gesamt,18.014285714285712,12.314285714285715,0.9428571428571428,83237124,1
2020-05-10,Hamburg,17.728571428571428,11.085714285714285,0.14285714285714288,1853935,0.022272934370005385
2020-05-10,Hessen,19.185714285714287,13.77142857142857,1.0571428571428572,6295017,0.07562751687576327
2020-05-10,Mecklenburg-Vorpommern,17.442857142857143,11.685714285714285,0.5571428571428572,1611160,0.01935626704257586
2020-05-10,Niedersachsen,18.985714285714288,11.628571428571428,0.27142857142857146,8027031,0.096435708182325
2020-05-10,Nordrhein-Westfalen,19.957142857142856,13.314285714285715,0.38571428571428573,17924591,0.21534370889604498
2020-05-10,Rheinland-Pfalz,19.585714285714285,13.842857142857143,0.7571428571428572,4106485,0.04933477759274816
2020-05-10,Saarland,21.7,14.571428571428571,3,982348,0.011801801321246995
2020-05-10,Sachsen,19.3,12.314285714285713,1.2,4043002,0.048572101073554634
2020-05-10,Sachsen-Anhalt,19,12.285714285714286,0.5571428571428572,2169253,0.02606112388025324
2020-05-10,Schleswig-Holstein,14.728571428571428,10.914285714285715,0,2922005,0.035104588668873275
2020-05-10,Thüringen,17.585714285714285,11.471428571428572,0.014285714285714285,2108863,0.025335606261456128
2020-05-17,Baden-Württemberg,15.357142857142858,9.914285714285715,5.228571428571429,11124642,0.1336500045340346
2020-05-17,Bayern,14.742857142857142,9.657142857142858,4.271428571428571,13176989,0.15830663490968286
2020-05-17,Berlin,15.32857142857143,9.7,1.1857142857142857,3677472,0.04418067111497029
2020-05-17,Brandenburg,15.257142857142858,9.385714285714286,1.3714285714285714,2537868,0.03048961662827274
2020-05-17,Bremen,13.957142857142857,8.585714285714285,0.22857142857142856,676463,0.008126938648192602
2020-05-17,Gesamt,15.32857142857143,9.7,1.1857142857142857,83237124,1
2020-05-17,Hamburg,13.1,8.32857142857143,1.042857142857143,1853935,0.022272934370005385
2020-05-17,Hessen,16.97142857142857,11.200000000000001,1.8428571428571427,6295017,0.07562751687576327
2020-05-17,Mecklenburg-Vorpommern,12.7,8.585714285714285,0.4,1611160,0.01935626704257586
2020-05-17,Niedersachsen,14.242857142857142,8.728571428571428,0.1,8027031,0.096435708182325
2020-05-17,Nordrhein-Westfalen,15.785714285714286,9.6,0,17924591,0.21534370889604498
2020-05-17,Rheinland-Pfalz,16.62857142857143,10.585714285714285,1.5142857142857142,4106485,0.04933477759274816
2020-05-17,Saarland,17.457142857142856,10.771428571428572,2.0285714285714285,982348,0.011801801321246995
2020-05-17,Sachsen,15.985714285714286,10.228571428571428,1.8714285714285712,4043002,0.048572101073554634
2020-05-17,Sachsen-Anhalt,14.971428571428572,9.6,1.2428571428571427,2169253,0.02606112388025324
2020-05-17,Schleswig-Holstein,11.4,8.728571428571428,0.6428571428571428,2922005,0.035104588668873275
2020-05-17,Thüringen,13.714285714285714,7.857142857142857,2.2714285714285714,2108863,0.025335606261456128
2020-05-24,Baden-Württemberg,22.285714285714285,16.042857142857144,1.142857142857143,11124642,0.1336500045340346
2020-05-24,Bayern,22.6,16.5,1.4142857142857144,13176989,0.15830663490968286
2020-05-24,Berlin,20.742857142857144,15.1,0.9857142857142857,3677472,0.04418067111497029
2020-05-24,Brandenburg,20.67142857142857,14.971428571428572,1.6142857142857143,2537868,0.03048961662827274
2020-05-24,Bremen,20.07142857142857,15.22857142857143,1.1857142857142857,676463,0.008126938648192602
2020-05-24,Gesamt,20.742857142857144,15.1,0.9857142857142857,83237124,1
2020-05-24,Hamburg,19.02857142857143,14.128571428571428,1.8000000000000003,1853935,0.022272934370005385
2020-05-24,Hessen,23.37142857142857,17.542857142857144,1.0714285714285714,6295017,0.07562751687576327
2020-05-24,Mecklenburg-Vorpommern,18.385714285714286,13.942857142857143,1.0142857142857145,1611160,0.01935626704257586
2020-05-24,Niedersachsen,20.485714285714284,15.185714285714287,1.8,8027031,0.096435708182325
2020-05-24,Nordrhein-Westfalen,23.15714285714286,16.7,0.07142857142857142,17924591,0.21534370889604498
2020-05-24,Rheinland-Pfalz,23.057142857142857,17.442857142857143,0.35714285714285715,4106485,0.04933477759274816
2020-05-24,Saarland,24.02857142857143,17.085714285714285,1.0857142857142856,982348,0.011801801321246995
2020-05-24,Sachsen,20.728571428571428,14.985714285714286,2.442857142857143,4043002,0.048572101073554634
2020-05-24,Sachsen-Anhalt,21.314285714285713,15.657142857142857,1.542857142857143,2169253,0.02606112388025324
2020-05-24,Schleswig-Holstein,15.657142857142857,13.142857142857142,2.9714285714285715,2922005,0.035104588668873275
2020-05-24,Thüringen,19.62857142857143,14.442857142857143,1.5,2108863,0.025335606261456128
2020-05-31,Baden-Württemberg,20.04285714285714,14.371428571428572,0,11124642,0.1336500045340346
2020-05-31,Bayern,17.985714285714284,13,0.5285714285714286,13176989,0.15830663490968286
2020-05-31,Berlin,20.02857142857143,14.614285714285714,0.07142857142857144,3677472,0.04418067111497029
2020-05-31,Brandenburg,20.814285714285713,14.4,0,2537868,0.03048961662827274
2020-05-31,Bremen,20.5,14.614285714285714,0,676463,0.008126938648192602
2020-05-31,Gesamt,20.02857142857143,14.614285714285714,0.07142857142857144,83237124,1
2020-05-31,Hamburg,19.785714285714285,13.928571428571429,0,1853935,0.022272934370005385
2020-05-31,Hessen,21.65714285714286,16.942857142857143,0,6295017,0.07562751687576327
2020-05-31,Mecklenburg-Vorpommern,19.65714285714286,13.757142857142856,0,1611160,0.01935626704257586
2020-05-31,Niedersachsen,20.357142857142858,14,0,8027031,0.096435708182325
2020-05-31,Nordrhein-Westfalen,22.628571428571426,16.357142857142858,0,17924591,0.21534370889604498
2020-05-31,Rheinland-Pfalz,22.17142857142857,16.5,0,4106485,0.04933477759274816
2020-05-31,Saarland,22.428571428571427,16.242857142857144,0,982348,0.011801801321246995
2020-05-31,Sachsen,18.785714285714285,13.857142857142858,1.4285714285714286,4043002,0.048572101073554634
2020-05-31,Sachsen-Anhalt,20.785714285714285,14.82857142857143,0.15714285714285717,2169253,0.02606112388025324
2020-05-31,Schleswig-Holstein,16.62857142857143,13.414285714285715,0,2922005,0.035104588668873275
2020-05-31,Thüringen,18.257142857142856,12.885714285714286,0.2571428571428572,2108863,0.025335606261456128
2020-06-07,Baden-Württemberg,20.414285714285715,15.32857142857143,3.8285714285714287,11124642,0.1336500045340346
2020-06-07,Bayern,20.385714285714286,15.771428571428572,4.685714285714286,13176989,0.15830663490968286
2020-06-07,Berlin,23.042857142857144,16.942857142857143,2.0714285714285716,3677472,0.04418067111497029
2020-06-07,Brandenburg,23.142857142857142,16.099999999999998,2.357142857142857,2537868,0.03048961662827274
2020-06-07,Bremen,21.4,15.4,1.9285714285714286,676463,0.008126938648192602
2020-06-07,Gesamt,23.042857142857144,16.942857142857143,2.0714285714285716,83237124,1
2020-06-07,Hamburg,21.228571428571428,14.971428571428572,2.8,1853935,0.022272934370005385
2020-06-07,Hessen,21.257142857142856,16.4,2.357142857142857,6295017,0.07562751687576327
2020-06-07,Mecklenburg-Vorpommern,21.47142857142857,15.471428571428572,2.242857142857143,1611160,0.01935626704257586
2020-06-07,Niedersachsen,20.985714285714284,15.357142857142858,2.1571428571428575,8027031,0.096435708182325
2020-06-07,Nordrhein-Westfalen,21.228571428571428,16,3.0428571428571427,17924591,0.21534370889604498
2020-06-07,Rheinland-Pfalz,21.92857142857143,16.414285714285715,2.1142857142857143,4106485,0.04933477759274816
2020-06-07,Saarland,22.02857142857143,16.114285714285714,3.7,982348,0.011801801321246995
2020-06-07,Sachsen,21.857142857142858,15.771428571428572,3.0428571428571427,4043002,0.048572101073554634
2020-06-07,Sachsen-Anhalt,22.714285714285715,16.142857142857142,0.7428571428571429,2169253,0.02606112388025324
2020-06-07,Schleswig-Holstein,16.857142857142858,14.157142857142857,5.142857142857142,2922005,0.035104588668873275
2020-06-07,Thüringen,19.585714285714285,14.314285714285715,4.714285714285714,2108863,0.025335606261456128
2020-06-14,Baden-Württemberg,19.12857142857143,15.014285714285714,3.3571428571428568,11124642,0.1336500045340346
2020-06-14,Bayern,19.557142857142857,15.32857142857143,10.17142857142857,13176989,0.15830663490968286
2020-06-14,Berlin,24.542857142857144,18.757142857142856,2.685714285714286,3677472,0.04418067111497029
2020-06-14,Brandenburg,24.271428571428572,18.3,3.414285714285714,2537868,0.03048961662827274
2020-06-14,Bremen,21.257142857142856,16.914285714285715,1.2428571428571429,676463,0.008126938648192602
2020-06-14,Gesamt,24.542857142857144,18.757142857142856,2.685714285714286,83237124,1
2020-06-14,Hamburg,20.95714285714286,16.15714285714286,3.5142857142857142,1853935,0.022272934370005385
2020-06-14,Hessen,22.385714285714286,17.92857142857143,3.1142857142857143,6295017,0.07562751687576327
2020-06-14,Mecklenburg-Vorpommern,21.385714285714286,16.32857142857143,2.6857142857142855,1611160,0.01935626704257586
2020-06-14,Niedersachsen,22.357142857142858,17.2,2.085714285714286,8027031,0.096435708182325
2020-06-14,Nordrhein-Westfalen,22.12857142857143,17.62857142857143,0.22857142857142856,17924591,0.21534370889604498
2020-06-14,Rheinland-Pfalz,22.785714285714285,17.37142857142857,0.3714285714285715,4106485,0.04933477759274816
2020-06-14,Saarland,21.942857142857143,16.814285714285713,0.6428571428571429,982348,0.011801801321246995
2020-06-14,Sachsen,24.057142857142857,18.728571428571428,2.4857142857142853,4043002,0.048572101073554634
2020-06-14,Sachsen-Anhalt,23.914285714285715,18.4,6.614285714285715,2169253,0.02606112388025324
2020-06-14,Schleswig-Holstein,16.8,14.700000000000001,2.728571428571428,2922005,0.035104588668873275
2020-06-14,Thüringen,20.8,16.2,10.071428571428573,2108863,0.025335606261456128
2020-06-21,Baden-Württemberg,21.085714285714285,16.242857142857144,5.242857142857143,11124642,0.1336500045340346
2020-06-21,Bayern,19.7,15.442857142857143,10.285714285714285,13176989,0.15830663490968286
2020-06-21,Berlin,24.6,19.871428571428574,0.9428571428571427,3677472,0.04418067111497029
2020-06-21,Brandenburg,24.385714285714286,19.4,1.4142857142857141,2537868,0.03048961662827274
2020-06-21,Bremen,24.3,19.15714285714286,0.8999999999999999,676463,0.008126938648192602
2020-06-21,Gesamt,24.6,19.871428571428574,0.9428571428571427,83237124,1
2020-06-21,Hamburg,24.457142857142856,18.82857142857143,0.014285714285714287,1853935,0.022272934370005385
2020-06-21,Hessen,23.142857142857142,18.5,6.171428571428571,6295017,0.07562751687576327
2020-06-21,Mecklenburg-Vorpommern,22.9,18.37142857142857,0.9,1611160,0.01935626704257586
2020-06-21,Niedersachsen,23.914285714285715,18.485714285714288,0.6,8027031,0.096435708182325
2020-06-21,Nordrhein-Westfalen,24.17142857142857,19.142857142857142,1.5857142857142859,17924591,0.21534370889604498
2020-06-21,Rheinland-Pfalz,23.67142857142857,18.557142857142857,0.7285714285714285,4106485,0.04933477759274816
2020-06-21,Saarland,23.857142857142858,17.52857142857143,5,982348,0.011801801321246995
2020-06-21,Sachsen,24.042857142857144,19.4,0.5285714285714286,4043002,0.048572101073554634
2020-06-21,Sachsen-Anhalt,25.02857142857143,19.957142857142856,0.41428571428571426,2169253,0.02606112388025324
2020-06-21,Schleswig-Holstein,20.428571428571427,17.5,4.314285714285714,2922005,0.035104588668873275
2020-06-21,Thüringen,21.02857142857143,17.142857142857142,2.642857142857143,2108863,0.025335606261456128
2020-06-28,Baden-Württemberg,26.34285714285714,20.07142857142857,4.285714285714286,11124642,0.1336500045340346
2020-06-28,Bayern,26.02857142857143,20.214285714285715,2.928571428571429,13176989,0.15830663490968286
2020-06-28,Berlin,27.685714285714287,21.82857142857143,1.0142857142857142,3677472,0.04418067111497029
2020-06-28,Brandenburg,27.457142857142856,21.042857142857144,1.7999999999999998,2537868,0.03048961662827274
2020-06-28,Bremen,27.257142857142856,21.071428571428573,0.2142857142857143,676463,0.008126938648192602
2020-06-28,Gesamt,27.685714285714287,21.82857142857143,1.0142857142857142,83237124,1
2020-06-28,Hamburg,26.757142857142856,20.885714285714286,1.1714285714285715,1853935,0.022272934370005385
2020-06-28,Hessen,27.014285714285712,21.942857142857143,0.6857142857142856,6295017,0.07562751687576327
2020-06-28,Mecklenburg-Vorpommern,26.37142857142857,20.34285714285714,0.7428571428571429,1611160,0.01935626704257586
2020-06-28,Niedersachsen,27.228571428571428,20.942857142857143,0.1,8027031,0.096435708182325
2020-06-28,Nordrhein-Westfalen,28.357142857142858,21.957142857142856,0.3,17924591,0.21534370889604498
2020-06-28,Rheinland-Pfalz,27.514285714285716,21.542857142857144,0.2,4106485,0.04933477759274816
2020-06-28,Saarland,27.52857142857143,20.642857142857142,0.8142857142857143,982348,0.011801801321246995
2020-06-28,Sachsen,26.942857142857143,20.185714285714287,3.7285714285714286,4043002,0.048572101073554634
2020-06-28,Sachsen-Anhalt,27.457142857142856,21.257142857142856,0.0857142857142857,2169253,0.02606112388025324
2020-06-28,Schleswig-Holstein,21.742857142857144,19.15714285714286,0.47142857142857136,2922005,0.035104588668873275
2020-06-28,Thüringen,24.67142857142857,19.214285714285715,0.2571428571428572,2108863,0.025335606261456128
2020-07-05,Baden-Württemberg,24.82857142857143,19.5,2.7857142857142856,11124642,0.1336500045340346
2020-07-05,Bayern,25.614285714285714,19.785714285714285,3.414285714285714,13176989,0.15830663490968286
2020-07-05,Berlin,25.17142857142857,20.085714285714285,0.3714285714285714,3677472,0.04418067111497029
2020-07-05,Brandenburg,24.4,19.357142857142858,1.4857142857142855,2537868,0.03048961662827274
2020-07-05,Bremen,22.257142857142856,17.17142857142857,2.142857142857143,676463,0.008126938648192602
2020-07-05,Gesamt,25.17142857142857,20.085714285714285,0.3714285714285714,83237124,1
2020-07-05,Hamburg,20.757142857142856,16.742857142857144,4.557142857142857,1853935,0.022272934370005385
2020-07-05,Hessen,25.42857142857143,19.914285714285715,0.45714285714285713,6295017,0.07562751687576327
2020-07-05,Mecklenburg-Vorpommern,20.785714285714285,17.12857142857143,1.3285714285714285,1611160,0.01935626704257586
2020-07-05,Niedersachsen,22.142857142857142,17.84285714285714,2.6285714285714286,8027031,0.096435708182325
2020-07-05,Nordrhein-Westfalen,22.814285714285713,18.17142857142857,3.542857142857143,17924591,0.21534370889604498
2020-07-05,Rheinland-Pfalz,25.6,19.82857142857143,0.7285714285714285,4106485,0.04933477759274816
2020-07-05,Saarland,25.84285714285714,19.514285714285716,0.3142857142857143,982348,0.011801801321246995
2020-07-05,Sachsen,26.8,21.4,0.2571428571428571,4043002,0.048572101073554634
2020-07-05,Sachsen-Anhalt,25.1,19.514285714285716,0.5142857142857143,2169253,0.02606112388025324
2020-07-05,Schleswig-Holstein,18.814285714285713,16.47142857142857,4.828571428571428,2922005,0.035104588668873275
2020-07-05,Thüringen,23.54285714285714,18.257142857142856,0.4714285714285714,2108863,0.025335606261456128
2020-07-12,Baden-Württemberg,24.357142857142858,18.5,0.2571428571428572,11124642,0.1336500045340346
2020-07-12,Bayern,24.9,19.15714285714286,6.314285714285714,13176989,0.15830663490968286
2020-07-12,Berlin,21.2,16.34285714285714,2.1428571428571432,3677472,0.04418067111497029
2020-07-12,Brandenburg,21.014285714285716,15.785714285714286,2.2285714285714286,2537868,0.03048961662827274
2020-07-12,Bremen,18.47142857142857,14.057142857142857,3.3142857142857145,676463,0.008126938648192602
2020-07-12,Gesamt,21.2,16.34285714285714,2.1428571428571432,83237124,1
2020-07-12,Hamburg,17.57142857142857,13.4,5.5,1853935,0.022272934370005385
2020-07-12,Hessen,22.942857142857143,18.514285714285716,1.3571428571428572,6295017,0.07562751687576327
2020-07-12,Mecklenburg-Vorpommern,17.685714285714287,13.657142857142857,4.242857142857143,1611160,0.01935626704257586
2020-07-12,Niedersachsen,19.485714285714284,14.785714285714285,2.557142857142857,8027031,0.096435708182325
2020-07-12,Nordrhein-Westfalen,20.6,15.985714285714286,1.385714285714286,17924591,0.21534370889604498
2020-07-12,Rheinland-Pfalz,23.485714285714284,18.37142857142857,0.4571428571428572,4106485,0.04933477759274816
2020-07-12,Saarland,25.257142857142856,18.514285714285712,0,982348,0.011801801321246995
2020-07-12,Sachsen,23.314285714285713,17.67142857142857,0.38571428571428573,4043002,0.048572101073554634
2020-07-12,Sachsen-Anhalt,21.742857142857144,16.085714285714285,0.6571428571428571,2169253,0.02606112388025324
2020-07-12,Schleswig-Holstein,16.3,13.928571428571429,3.9571428571428573,2922005,0.035104588668873275
2020-07-12,Thüringen,20.885714285714286,15.428571428571429,1.0714285714285714,2108863,0.025335606261456128
2020-07-19,Baden-Württemberg,23.057142857142857,17.84285714285714,1.7285714285714284,11124642,0.1336500045340346
2020-07-19,Bayern,22.17142857142857,17.42857142857143,3.3857142857142852,13176989,0.15830663490968286
2020-07-19,Berlin,24.414285714285715,18.87142857142857,1.0571428571428572,3677472,0.04418067111497029
2020-07-19,Brandenburg,24.15714285714286,18.67142857142857,1.142857142857143,2537868,0.03048961662827274
2020-07-19,Bremen,23.314285714285713,17.585714285714285,0.7857142857142857,676463,0.008126938648192602
2020-07-19,Gesamt,24.414285714285715,18.87142857142857,1.0571428571428572,83237124,1
2020-07-19,Hamburg,22.957142857142856,17.3,1,1853935,0.022272934370005385
2020-07-19,Hessen,24.614285714285714,19.65714285714286,2.414285714285714,6295017,0.07562751687576327
2020-07-19,Mecklenburg-Vorpommern,23.17142857142857,18,0.7142857142857142,1611160,0.01935626704257586
2020-07-19,Niedersachsen,24.1,17.742857142857144,0.24285714285714283,8027031,0.096435708182325
2020-07-19,Nordrhein-Westfalen,23.8,18.442857142857143,0.8285714285714285,17924591,0.21534370889604498
2020-07-19,Rheinland-Pfalz,25.285714285714285,19.757142857142856,0.9714285714285714,4106485,0.04933477759274816
2020-07-19,Saarland,26.314285714285713,19.17142857142857,1.1857142857142855,982348,0.011801801321246995
2020-07-19,Sachsen,24.914285714285715,18.642857142857142,4.442857142857143,4043002,0.048572101073554634
2020-07-19,Sachsen-Anhalt,24.8,18.857142857142858,3.5142857142857147,2169253,0.02606112388025324
2020-07-19,Schleswig-Holstein,20.457142857142856,17.2,0.8,2922005,0.035104588668873275
2020-07-19,Thüringen,22.8,17.34285714285714,0.8142857142857143,2108863,0.025335606261456128
2020-07-26,Baden-Württemberg,27.37142857142857,20.8,0.35714285714285715,11124642,0.1336500045340346
2020-07-26,Bayern,26.857142857142858,20.814285714285713,1.657142857142857,13176989,0.15830663490968286
2020-07-26,Berlin,24.485714285714284,18.771428571428572,2.757142857142857,3677472,0.04418067111497029
2020-07-26,Brandenburg,24.62857142857143,18.485714285714284,1.4714285714285715,2537868,0.03048961662827274
2020-07-26,Bremen,22.728571428571428,17.400000000000002,1.3142857142857145,676463,0.008126938648192602
2020-07-26,Gesamt,24.485714285714284,18.771428571428572,2.757142857142857,83237124,1
2020-07-26,Hamburg,21.642857142857142,16.65714285714286,1.7,1853935,0.022272934370005385
2020-07-26,Hessen,26.885714285714286,21.442857142857143,0.6428571428571429,6295017,0.07562751687576327
2020-07-26,Mecklenburg-Vorpommern,21.542857142857144,17.057142857142857,1.0142857142857142,1611160,0.01935626704257586
2020-07-26,Niedersachsen,23.614285714285714,17.757142857142856,1.5857142857142859,8027031,0.096435708182325
2020-07-26,Nordrhein-Westfalen,24.271428571428572,18.599999999999998,0.8571428571428572,17924591,0.21534370889604498
2020-07-26,Rheinland-Pfalz,27.057142857142857,21.17142857142857,0.37142857142857144,4106485,0.04933477759274816
2020-07-26,Saarland,29.099999999999998,20.65714285714286,0.7571428571428571,982348,0.011801801321246995
2020-07-26,Sachsen,26.442857142857143,19.928571428571427,0.44285714285714284,4043002,0.048572101073554634
2020-07-26,Sachsen-Anhalt,24.857142857142858,18.87142857142857,2.2857142857142856,2169253,0.02606112388025324
2020-07-26,Schleswig-Holstein,19.5,16.642857142857142,2.9,2922005,0.035104588668873275
2020-07-26,Thüringen,24.514285714285712,18.514285714285716,1.4428571428571426,2108863,0.025335606261456128
2020-08-02,Baden-Württemberg,30.242857142857144,23.014285714285712,0.38571428571428573,11124642,0.1336500045340346
2020-08-02,Bayern,29.8,23.17142857142857,4.057142857142858,13176989,0.15830663490968286
2020-08-02,Berlin,25.885714285714286,20.285714285714285,0.4000000000000001,3677472,0.04418067111497029
2020-08-02,Brandenburg,25.9,19.87142857142857,0.3857142857142857,2537868,0.03048961662827274
2020-08-02,Bremen,24.4,18.771428571428572,0.2,676463,0.008126938648192602
2020-08-02,Gesamt,25.885714285714286,20.285714285714285,0.4000000000000001,83237124,1
2020-08-02,Hamburg,23.057142857142857,18,0.5571428571428572,1853935,0.022272934370005385
2020-08-02,Hessen,29.642857142857142,23.52857142857143,0.8714285714285714,6295017,0.07562751687576327
2020-08-02,Mecklenburg-Vorpommern,22.957142857142856,18.214285714285715,0.7714285714285715,1611160,0.01935626704257586
2020-08-02,Niedersachsen,24.957142857142856,19.2,0.4571428571428571,8027031,0.096435708182325
2020-08-02,Nordrhein-Westfalen,28.014285714285712,21.614285714285714,0.07142857142857142,17924591,0.21534370889604498
2020-08-02,Rheinland-Pfalz,30.17142857142857,23.585714285714285,0.02857142857142857,4106485,0.04933477759274816
2020-08-02,Saarland,31.757142857142856,22.514285714285716,0.24285714285714285,982348,0.011801801321246995
2020-08-02,Sachsen,29.57142857142857,22.1,1.5857142857142859,4043002,0.048572101073554634
2020-08-02,Sachsen-Anhalt,26.357142857142858,20.1,1.7571428571428571,2169253,0.02606112388025324
2020-08-02,Schleswig-Holstein,20.1,17.185714285714287,1.2142857142857142,2922005,0.035104588668873275
2020-08-02,Thüringen,26.885714285714286,20.542857142857144,0.4285714285714286,2108863,0.025335606261456128
2020-08-09,Baden-Württemberg,27.285714285714285,20.4,1.0714285714285714,11124642,0.1336500045340346
2020-08-09,Bayern,24.37142857142857,19.042857142857144,7.2857142857142865,13176989,0.15830663490968286
2020-08-09,Berlin,30.214285714285715,23.15714285714286,0.07142857142857144,3677472,0.04418067111497029
2020-08-09,Brandenburg,30.17142857142857,22.857142857142858,0,2537868,0.03048961662827274
2020-08-09,Bremen,29.142857142857142,22.114285714285714,0,676463,0.008126938648192602
2020-08-09,Gesamt,30.214285714285715,23.15714285714286,0.07142857142857144,83237124,1
2020-08-09,Hamburg,28.385714285714286,21.571428571428573,0,1853935,0.022272934370005385
2020-08-09,Hessen,30.485714285714284,23.47142857142857,0.3857142857142858,6295017,0.07562751687576327
2020-08-09,Mecklenburg-Vorpommern,27.771428571428572,21.47142857142857,0,1611160,0.01935626704257586
2020-08-09,Niedersachsen,29.97142857142857,22.414285714285715,0.7000000000000001,8027031,0.096435708182325
2020-08-09,Nordrhein-Westfalen,31.085714285714285,23.6,0.014285714285714285,17924591,0.21534370889604498
2020-08-09,Rheinland-Pfalz,30.514285714285712,23.985714285714284,0,4106485,0.04933477759274816
2020-08-09,Saarland,30.742857142857144,22.47142857142857,0,982348,0.011801801321246995
2020-08-09,Sachsen,28.728571428571428,21.9,0.014285714285714285,4043002,0.048572101073554634
2020-08-09,Sachsen-Anhalt,29.95714285714286,22.52857142857143,1.5714285714285714,2169253,0.02606112388025324
2020-08-09,Schleswig-Holstein,24.9,20.742857142857144,0,2922005,0.035104588668873275
2020-08-09,Thüringen,28.585714285714285,21.728571428571428,0.0857142857142857,2108863,0.025335606261456128
2020-08-16,Baden-Württemberg,30.185714285714287,23.414285714285715,1.3571428571428572,11124642,0.1336500045340346
2020-08-16,Bayern,28.685714285714287,22.785714285714285,0.18571428571428572,13176989,0.15830663490968286
2020-08-16,Berlin,31.27142857142857,25.142857142857142,0.3,3677472,0.04418067111497029
2020-08-16,Brandenburg,31.742857142857144,24.62857142857143,0.05714285714285715,2537868,0.03048961662827274
2020-08-16,Bremen,31.485714285714288,24.771428571428572,2.3714285714285714,676463,0.008126938648192602
2020-08-16,Gesamt,31.27142857142857,25.142857142857142,0.3,83237124,1
2020-08-16,Hamburg,31.757142857142856,24.042857142857144,0,1853935,0.022272934370005385
2020-08-16,Hessen,30.814285714285713,24.8,3.9000000000000004,6295017,0.07562751687576327
2020-08-16,Mecklenburg-Vorpommern,30.87142857142857,23.65714285714286,1.2,1611160,0.01935626704257586
2020-08-16,Niedersachsen,30.728571428571428,24.414285714285715,0.18571428571428572,8027031,0.096435708182325
2020-08-16,Nordrhein-Westfalen,32.42857142857143,25,3.885714285714286,17924591,0.21534370889604498
2020-08-16,Rheinland-Pfalz,31.314285714285713,24.314285714285713,1.8142857142857143,4106485,0.04933477759274816
2020-08-16,Saarland,33.1,24.6,3.757142857142857,982348,0.011801801321246995
2020-08-16,Sachsen,30.32857142857143,23.97142857142857,1.7428571428571429,4043002,0.048572101073554634
2020-08-16,Sachsen-Anhalt,30.114285714285714,24.357142857142858,4.628571428571429,2169253,0.02606112388025324
2020-08-16,Schleswig-Holstein,22.942857142857143,20.685714285714287,0,2922005,0.035104588668873275
2020-08-16,Thüringen,26.857142857142858,21.82857142857143,7.1000000000000005,2108863,0.025335606261456128
2020-08-23,Baden-Württemberg,27.385714285714286,21.228571428571428,4.071428571428571,11124642,0.1336500045340346
2020-08-23,Bayern,26.271428571428572,21.114285714285714,2.1714285714285717,13176989,0.15830663490968286
2020-08-23,Berlin,29.085714285714285,23.12857142857143,1.0714285714285716,3677472,0.04418067111497029
2020-08-23,Brandenburg,29.4,22.757142857142856,0.9,2537868,0.03048961662827274
2020-08-23,Bremen,25.428571428571427,20.057142857142857,7.257142857142857,676463,0.008126938648192602
2020-08-23,Gesamt,29.085714285714285,23.12857142857143,1.0714285714285716,83237124,1
2020-08-23,Hamburg,26.37142857142857,20.742857142857144,1.3857142857142857,1853935,0.022272934370005385
2020-08-23,Hessen,28.17142857142857,22.757142857142856,2.9714285714285715,6295017,0.07562751687576327
2020-08-23,Mecklenburg-Vorpommern,26.442857142857143,21.085714285714285,1.042857142857143,1611160,0.01935626704257586
2020-08-23,Niedersachsen,26.242857142857144,21.257142857142856,2.471428571428571,8027031,0.096435708182325
2020-08-23,Nordrhein-Westfalen,27.34285714285714,21.928571428571427,0.7285714285714285,17924591,0.21534370889604498
2020-08-23,Rheinland-Pfalz,28.52857142857143,22.585714285714285,1.9571428571428569,4106485,0.04933477759274816
2020-08-23,Saarland,28.5,22.057142857142857,1.5571428571428572,982348,0.011801801321246995
2020-08-23,Sachsen,28.914285714285715,22.257142857142856,2.757142857142857,4043002,0.048572101073554634
2020-08-23,Sachsen-Anhalt,28.62857142857143,22.3,0.4571428571428572,2169253,0.02606112388025324
2020-08-23,Schleswig-Holstein,23.02857142857143,20.3,2.0857142857142854,2922005,0.035104588668873275
2020-08-23,Thüringen,26.114285714285714,20.985714285714288,1.6,2108863,0.025335606261456128
2020-08-30,Baden-Württemberg,21.685714285714287,17,4.071428571428572,11124642,0.1336500045340346
2020-08-30,Bayern,22.585714285714285,18.057142857142857,8.014285714285714,13176989,0.15830663490968286
2020-08-30,Berlin,22.728571428571428,17.65714285714286,3.7285714285714286,3677472,0.04418067111497029
2020-08-30,Brandenburg,22.8,17.457142857142856,4,2537868,0.03048961662827274
2020-08-30,Bremen,20.457142857142856,15.942857142857143,2.1,676463,0.008126938648192602
2020-08-30,Gesamt,22.728571428571428,17.65714285714286,3.7285714285714286,83237124,1
2020-08-30,Hamburg,20.314285714285713,15.857142857142858,3.842857142857143,1853935,0.022272934370005385
2020-08-30,Hessen,22.62857142857143,18.285714285714285,0.3285714285714286,6295017,0.07562751687576327
2020-08-30,Mecklenburg-Vorpommern,20.02857142857143,16,4.714285714285714,1611160,0.01935626704257586
2020-08-30,Niedersachsen,21.285714285714285,16.571428571428573,1.342857142857143,8027031,0.096435708182325
2020-08-30,Nordrhein-Westfalen,22.128571428571426,17.15714285714286,2,17924591,0.21534370889604498
2020-08-30,Rheinland-Pfalz,22.65714285714286,18.32857142857143,0.2,4106485,0.04933477759274816
2020-08-30,Saarland,23.985714285714284,17.9,0.9857142857142857,982348,0.011801801321246995
2020-08-30,Sachsen,23.571428571428573,18.714285714285715,8.100000000000001,4043002,0.048572101073554634
2020-08-30,Sachsen-Anhalt,22.385714285714286,17.5,0.9285714285714286,2169253,0.02606112388025324
2020-08-30,Schleswig-Holstein,19.3,16.728571428571428,8.814285714285715,2922005,0.035104588668873275
2020-08-30,Thüringen,21.12857142857143,16.942857142857143,3.0428571428571427,2108863,0.025335606261456128
2020-09-06,Baden-Württemberg,21.4,16.34285714285714,2.3714285714285714,11124642,0.1336500045340346
2020-09-06,Bayern,21.1,16.52857142857143,2.0142857142857147,13176989,0.15830663490968286
2020-09-06,Berlin,20.542857142857144,16,3.642857142857143,3677472,0.04418067111497029
2020-09-06,Brandenburg,20.57142857142857,15.657142857142857,1.857142857142857,2537868,0.03048961662827274
2020-09-06,Bremen,19.9,14.814285714285715,2.0285714285714285,676463,0.008126938648192602
2020-09-06,Gesamt,20.542857142857144,16,3.642857142857143,83237124,1
2020-09-06,Hamburg,19.84285714285714,14.614285714285714,3.6,1853935,0.022272934370005385
2020-09-06,Hessen,22.185714285714287,17.042857142857144,1.7285714285714286,6295017,0.07562751687576327
2020-09-06,Mecklenburg-Vorpommern,19.742857142857144,15.128571428571428,1.1285714285714288,1611160,0.01935626704257586
2020-09-06,Niedersachsen,20.385714285714286,14.942857142857143,3.257142857142857,8027031,0.096435708182325
2020-09-06,Nordrhein-Westfalen,20.62857142857143,15.7,2.085714285714286,17924591,0.21534370889604498
2020-09-06,Rheinland-Pfalz,22.571428571428573,17.014285714285716,1.5428571428571431,4106485,0.04933477759274816
2020-09-06,Saarland,22.95714285714286,16.8,0.27142857142857146,982348,0.011801801321246995
2020-09-06,Sachsen,21.614285714285714,16.542857142857144,0.32857142857142857,4043002,0.048572101073554634
2020-09-06,Sachsen-Anhalt,21.242857142857144,16.15714285714286,0.7428571428571429,2169253,0.02606112388025324
2020-09-06,Schleswig-Holstein,18.2,16.07142857142857,0.9571428571428572,2922005,0.035104588668873275
2020-09-06,Thüringen,19.2,14.628571428571428,0.9571428571428572,2108863,0.025335606261456128
2020-09-13,Baden-Württemberg,24.614285714285714,17.571428571428573,0,11124642,0.1336500045340346
2020-09-13,Bayern,23.614285714285714,17.257142857142856,0,13176989,0.15830663490968286
2020-09-13,Berlin,22.87142857142857,16.6,0.24285714285714285,3677472,0.04418067111497029
2020-09-13,Brandenburg,23.47142857142857,16.785714285714285,0.18571428571428572,2537868,0.03048961662827274
2020-09-13,Bremen,20,15,0.2285714285714286,676463,0.008126938648192602
2020-09-13,Gesamt,22.87142857142857,16.6,0.24285714285714285,83237124,1
2020-09-13,Hamburg,19.685714285714287,15.214285714285715,0.31428571428571433,1853935,0.022272934370005385
2020-09-13,Hessen,25.557142857142857,18.7,0,6295017,0.07562751687576327
2020-09-13,Mecklenburg-Vorpommern,20.485714285714288,15.457142857142857,0.2285714285714286,1611160,0.01935626704257586
2020-09-13,Niedersachsen,21.07142857142857,15.6,0.28571428571428575,8027031,0.096435708182325
2020-09-13,Nordrhein-Westfalen,22.714285714285715,16,0.04285714285714286,17924591,0.21534370889604498
2020-09-13,Rheinland-Pfalz,25.957142857142856,19.285714285714285,0,4106485,0.04933477759274816
2020-09-13,Saarland,26.5,17.428571428571427,0.09999999999999999,982348,0.011801801321246995
2020-09-13,Sachsen,24.82857142857143,17.314285714285713,0.2285714285714286,4043002,0.048572101073554634
2020-09-13,Sachsen-Anhalt,23.914285714285715,17.085714285714285,0.05714285714285715,2169253,0.02606112388025324
2020-09-13,Schleswig-Holstein,18.314285714285713,15.942857142857143,0.6428571428571429,2922005,0.035104588668873275
2020-09-13,Thüringen,23.5,16.685714285714287,0,2108863,0.025335606261456128
2020-09-20,Baden-Württemberg,25.642857142857142,17.82857142857143,0,11124642,0.1336500045340346
2020-09-20,Bayern,24.87142857142857,17.9,0,13176989,0.15830663490968286
2020-09-20,Berlin,24.928571428571427,17.585714285714285,0,3677472,0.04418067111497029
2020-09-20,Brandenburg,25.442857142857143,17.5,0,2537868,0.03048961662827274
2020-09-20,Bremen,23.15714285714286,15.585714285714285,0,676463,0.008126938648192602
2020-09-20,Gesamt,24.928571428571427,17.585714285714285,0,83237124,1
2020-09-20,Hamburg,22.7,15.057142857142857,0,1853935,0.022272934370005385
2020-09-20,Hessen,26.785714285714285,20.12857142857143,0,6295017,0.07562751687576327
2020-09-20,Mecklenburg-Vorpommern,23.214285714285715,15.928571428571429,0,1611160,0.01935626704257586
2020-09-20,Niedersachsen,24.7,15.928571428571429,0,8027031,0.096435708182325
2020-09-20,Nordrhein-Westfalen,27.271428571428572,18.75714285714286,0,17924591,0.21534370889604498
2020-09-20,Rheinland-Pfalz,26.814285714285713,20.085714285714285,0,4106485,0.04933477759274816
2020-09-20,Saarland,28.82857142857143,19.714285714285715,0,982348,0.011801801321246995
2020-09-20,Sachsen,25.771428571428572,17.642857142857142,0,4043002,0.048572101073554634
2020-09-20,Sachsen-Anhalt,26.114285714285714,17.3,0,2169253,0.02606112388025324
2020-09-20,Schleswig-Holstein,19.02857142857143,16.62857142857143,0,2922005,0.035104588668873275
2020-09-20,Thüringen,23.92857142857143,16.857142857142858,0,2108863,0.025335606261456128
2020-09-27,Baden-Württemberg,18.7,13.9,3.3714285714285714,11124642,0.1336500045340346
2020-09-27,Bayern,18.34285714285714,13.585714285714285,7.042857142857143,13176989,0.15830663490968286
2020-09-27,Berlin,20.15714285714286,14.957142857142857,5.957142857142857,3677472,0.04418067111497029
2020-09-27,Brandenburg,20.014285714285716,14.77142857142857,5.5,2537868,0.03048961662827274
2020-09-27,Bremen,19.52857142857143,13.657142857142857,1.2857142857142856,676463,0.008126938648192602
2020-09-27,Gesamt,20.15714285714286,14.957142857142857,5.957142857142857,83237124,1
2020-09-27,Hamburg,19.557142857142857,13.82857142857143,2.6142857142857143,1853935,0.022272934370005385
2020-09-27,Hessen,19.485714285714288,14.985714285714286,3.1857142857142855,6295017,0.07562751687576327
2020-09-27,Mecklenburg-Vorpommern,19.47142857142857,14.2,5.271428571428571,1611160,0.01935626704257586
2020-09-27,Niedersachsen,19.7,14.128571428571428,4.1571428571428575,8027031,0.096435708182325
2020-09-27,Nordrhein-Westfalen,20.128571428571426,14.628571428571428,5.328571428571428,17924591,0.21534370889604498
2020-09-27,Rheinland-Pfalz,19.228571428571428,15.085714285714285,2.9428571428571426,4106485,0.04933477759274816
2020-09-27,Saarland,19.442857142857143,13.871428571428572,6.128571428571429,982348,0.011801801321246995
2020-09-27,Sachsen,20.67142857142857,14.685714285714287,6.828571428571428,4043002,0.048572101073554634
2020-09-27,Sachsen-Anhalt,20.442857142857143,14.742857142857142,5.828571428571428,2169253,0.02606112388025324
2020-09-27,Schleswig-Holstein,18.557142857142857,15.799999999999999,1.3571428571428572,2922005,0.035104588668873275
2020-09-27,Thüringen,18.785714285714285,13.785714285714285,5.1571428571428575,2108863,0.025335606261456128
2020-10-04,Baden-Württemberg,17.314285714285713,12,0.7857142857142858,11124642,0.1336500045340346
2020-10-04,Bayern,16.84285714285714,11.9,0.6714285714285715,13176989,0.15830663490968286
2020-10-04,Berlin,19.085714285714285,14.085714285714285,0,3677472,0.04418067111497029
2020-10-04,Brandenburg,19.228571428571428,13.585714285714285,0,2537868,0.03048961662827274
2020-10-04,Bremen,17.371428571428574,13.5,0.08571428571428572,676463,0.008126938648192602
2020-10-04,Gesamt,19.085714285714285,14.085714285714285,0,83237124,1
2020-10-04,Hamburg,17.32857142857143,13.728571428571428,0,1853935,0.022272934370005385
2020-10-04,Hessen,16.757142857142856,12.971428571428572,0.8428571428571429,6295017,0.07562751687576327
2020-10-04,Mecklenburg-Vorpommern,18.2,13.542857142857143,0.014285714285714285,1611160,0.01935626704257586
2020-10-04,Niedersachsen,18.357142857142858,13.971428571428572,0.07142857142857142,8027031,0.096435708182325
2020-10-04,Nordrhein-Westfalen,16.52857142857143,13.385714285714286,2.9714285714285715,17924591,0.21534370889604498
2020-10-04,Rheinland-Pfalz,16.45714285714286,12.414285714285715,0.7571428571428571,4106485,0.04933477759274816
2020-10-04,Saarland,16.314285714285713,12.242857142857144,5.5,982348,0.011801801321246995
2020-10-04,Sachsen,19.65714285714286,13.17142857142857,0.37142857142857144,4043002,0.048572101073554634
2020-10-04,Sachsen-Anhalt,19.2,13.17142857142857,0,2169253,0.02606112388025324
2020-10-04,Schleswig-Holstein,16.442857142857143,14.585714285714285,1.5,2922005,0.035104588668873275
2020-10-04,Thüringen,17.42857142857143,12.057142857142857,0.02857142857142857,2108863,0.025335606261456128
2020-10-11,Baden-Württemberg,14.957142857142857,11.042857142857143,1.5,11124642,0.1336500045340346
2020-10-11,Bayern,14.457142857142857,11.042857142857143,4.2,13176989,0.15830663490968286
2020-10-11,Berlin,14.985714285714286,11.428571428571429,1.7428571428571429,3677472,0.04418067111497029
2020-10-11,Brandenburg,14.028571428571428,10.585714285714285,2.0714285714285716,2537868,0.03048961662827274
2020-10-11,Bremen,14.357142857142858,10.82857142857143,3.257142857142857,676463,0.008126938648192602
2020-10-11,Gesamt,14.985714285714286,11.428571428571429,1.7428571428571429,83237124,1
2020-10-11,Hamburg,14.614285714285714,10.82857142857143,3.4714285714285715,1853935,0.022272934370005385
2020-10-11,Hessen,14.714285714285714,11.785714285714285,4.014285714285714,6295017,0.07562751687576327
2020-10-11,Mecklenburg-Vorpommern,13.928571428571429,10.628571428571428,3.785714285714286,1611160,0.01935626704257586
2020-10-11,Niedersachsen,14.742857142857144,11.457142857142857,2.5,8027031,0.096435708182325
2020-10-11,Nordrhein-Westfalen,15.428571428571429,11.82857142857143,1.7714285714285714,17924591,0.21534370889604498
2020-10-11,Rheinland-Pfalz,14.471428571428572,11.8,2.157142857142857,4106485,0.04933477759274816
2020-10-11,Saarland,14.714285714285714,11.428571428571429,5.114285714285714,982348,0.011801801321246995
2020-10-11,Sachsen,15.757142857142858,12.1,1.2571428571428571,4043002,0.048572101073554634
2020-10-11,Sachsen-Anhalt,15.514285714285714,11.928571428571429,0.4714285714285714,2169253,0.02606112388025324
2020-10-11,Schleswig-Holstein,13.628571428571428,11.442857142857143,3.3285714285714287,2922005,0.035104588668873275
2020-10-11,Thüringen,13.871428571428572,10.485714285714286,1.3285714285714285,2108863,0.025335606261456128
2020-10-18,Baden-Württemberg,9.657142857142857,7.014285714285714,0.7714285714285715,11124642,0.1336500045340346
2020-10-18,Bayern,9.2,6.728571428571429,2.542857142857143,13176989,0.15830663490968286
2020-10-18,Berlin,11.142857142857142,8.82857142857143,1.957142857142857,3677472,0.04418067111497029
2020-10-18,Brandenburg,10.9,8.514285714285714,3.1285714285714286,2537868,0.03048961662827274
2020-10-18,Bremen,12.557142857142857,8.6,0.27142857142857146,676463,0.008126938648192602
2020-10-18,Gesamt,11.142857142857142,8.82857142857143,1.957142857142857,83237124,1
2020-10-18,Hamburg,12.414285714285715,8.657142857142857,0.7,1853935,0.022272934370005385
2020-10-18,Hessen,11.785714285714286,8.914285714285715,1.4857142857142855,6295017,0.07562751687576327
2020-10-18,Mecklenburg-Vorpommern,12.114285714285714,9.057142857142857,0.6142857142857143,1611160,0.01935626704257586
2020-10-18,Niedersachsen,12.114285714285714,8.542857142857143,0.7142857142857143,8027031,0.096435708182325
2020-10-18,Nordrhein-Westfalen,12.014285714285714,9.042857142857143,0.1,17924591,0.21534370889604498
2020-10-18,Rheinland-Pfalz,11.442857142857143,8.442857142857143,0.4857142857142857,4106485,0.04933477759274816
2020-10-18,Saarland,11.67142857142857,8.471428571428572,0.22857142857142856,982348,0.011801801321246995
2020-10-18,Sachsen,11,8.5,9.428571428571429,4043002,0.048572101073554634
2020-10-18,Sachsen-Anhalt,11.5,9,2.0142857142857142,2169253,0.02606112388025324
2020-10-18,Schleswig-Holstein,12.214285714285714,10.528571428571428,0,2922005,0.035104588668873275
2020-10-18,Thüringen,9.571428571428571,7.314285714285714,5.128571428571428,2108863,0.025335606261456128
2020-10-25,Baden-Württemberg,16.942857142857143,11.114285714285714,1.2,11124642,0.1336500045340346
2020-10-25,Bayern,16.857142857142858,10.928571428571429,1.1714285714285715,13176989,0.15830663490968286
2020-10-25,Berlin,15.514285714285714,12.1,1.6428571428571428,3677472,0.04418067111497029
2020-10-25,Brandenburg,15.157142857142857,11.428571428571429,1.3285714285714285,2537868,0.03048961662827274
2020-10-25,Bremen,15.185714285714285,12.171428571428573,1.4,676463,0.008126938648192602
2020-10-25,Gesamt,15.514285714285714,12.1,1.6428571428571428,83237124,1
2020-10-25,Hamburg,15.028571428571428,12.057142857142857,1.8142857142857143,1853935,0.022272934370005385
2020-10-25,Hessen,15.942857142857143,11.8,2.2,6295017,0.07562751687576327
2020-10-25,Mecklenburg-Vorpommern,14.385714285714286,11.614285714285714,1.9142857142857141,1611160,0.01935626704257586
2020-10-25,Niedersachsen,15.485714285714286,12.585714285714285,2.3,8027031,0.096435708182325
2020-10-25,Nordrhein-Westfalen,16.714285714285715,13.528571428571428,2.1285714285714286,17924591,0.21534370889604498
2020-10-25,Rheinland-Pfalz,16.17142857142857,12.200000000000001,1.0571428571428574,4106485,0.04933477759274816
2020-10-25,Saarland,17.585714285714285,13.5,2.757142857142857,982348,0.011801801321246995
2020-10-25,Sachsen,16.257142857142856,11.8,0.2,4043002,0.048572101073554634
2020-10-25,Sachsen-Anhalt,16.42857142857143,12.571428571428571,2.6714285714285713,2169253,0.02606112388025324
2020-10-25,Schleswig-Holstein,14.057142857142857,12.071428571428571,1.6142857142857143,2922005,0.035104588668873275
2020-10-25,Thüringen,15.928571428571429,12.457142857142857,0.3,2108863,0.025335606261456128
2020-11-01,Baden-Württemberg,14.028571428571428,10.5,3.1714285714285713,11124642,0.1336500045340346
2020-11-01,Bayern,13.5,9.67142857142857,5.357142857142857,13176989,0.15830663490968286
2020-11-01,Berlin,13.628571428571428,11.414285714285715,4.0285714285714285,3677472,0.04418067111497029
2020-11-01,Brandenburg,13.17142857142857,10.714285714285714,4.414285714285714,2537868,0.03048961662827274
2020-11-01,Bremen,14.157142857142857,11.614285714285714,2.6285714285714286,676463,0.008126938648192602
2020-11-01,Gesamt,13.628571428571428,11.414285714285715,4.0285714285714285,83237124,1
2020-11-01,Hamburg,13.7,11.571428571428571,3.4714285714285715,1853935,0.022272934370005385
2020-11-01,Hessen,14.042857142857143,11.385714285714286,3.3,6295017,0.07562751687576327
2020-11-01,Mecklenburg-Vorpommern,13.242857142857142,11.057142857142857,3.185714285714286,1611160,0.01935626704257586
2020-11-01,Niedersachsen,14.414285714285715,12.014285714285714,2.457142857142857,8027031,0.096435708182325
2020-11-01,Nordrhein-Westfalen,15.014285714285714,12.757142857142858,2.0428571428571427,17924591,0.21534370889604498
2020-11-01,Rheinland-Pfalz,13.785714285714286,11.357142857142858,2.7857142857142856,4106485,0.04933477759274816
2020-11-01,Saarland,14.72857142857143,12.071428571428571,2.1285714285714286,982348,0.011801801321246995
2020-11-01,Sachsen,13.9,10.971428571428572,2.857142857142857,4043002,0.048572101073554634
2020-11-01,Sachsen-Anhalt,14.485714285714286,11.942857142857143,2.5,2169253,0.02606112388025324
2020-11-01,Schleswig-Holstein,13.142857142857142,11.414285714285715,2.4857142857142858,2922005,0.035104588668873275
2020-11-01,Thüringen,12.9,10.571428571428571,1.742857142857143,2108863,0.025335606261456128
2020-11-08,Baden-Württemberg,13.428571428571429,8.485714285714286,0.2571428571428571,11124642,0.1336500045340346
2020-11-08,Bayern,12.7,8.757142857142856,1.1285714285714286,13176989,0.15830663490968286
2020-11-08,Berlin,13.128571428571428,9.442857142857143,0.8571428571428572,3677472,0.04418067111497029
2020-11-08,Brandenburg,12.385714285714286,8.928571428571429,0.9714285714285713,2537868,0.03048961662827274
2020-11-08,Bremen,12.857142857142858,9.1,0.28571428571428575,676463,0.008126938648192602
2020-11-08,Gesamt,13.128571428571428,9.442857142857143,0.8571428571428572,83237124,1
2020-11-08,Hamburg,12.985714285714286,9.757142857142858,0.07142857142857144,1853935,0.022272934370005385
2020-11-08,Hessen,12.914285714285715,8.628571428571428,0.42857142857142855,6295017,0.07562751687576327
2020-11-08,Mecklenburg-Vorpommern,12.557142857142857,9.414285714285715,0.14285714285714288,1611160,0.01935626704257586
2020-11-08,Niedersachsen,14.085714285714285,9.6,0.21428571428571427,8027031,0.096435708182325
2020-11-08,Nordrhein-Westfalen,14.957142857142857,9.4,0.3428571428571428,17924591,0.21534370889604498
2020-11-08,Rheinland-Pfalz,12.257142857142858,8.557142857142857,0.2571428571428572,4106485,0.04933477759274816
2020-11-08,Saarland,14.457142857142857,9.114285714285714,0.2,982348,0.011801801321246995
2020-11-08,Sachsen,13.7,8.214285714285714,0.04285714285714285,4043002,0.048572101073554634
2020-11-08,Sachsen-Anhalt,13.271428571428572,9.471428571428572,0.08571428571428572,2169253,0.02606112388025324
2020-11-08,Schleswig-Holstein,12.657142857142857,10.942857142857143,0.5571428571428572,2922005,0.035104588668873275
2020-11-08,Thüringen,11.771428571428572,7.042857142857143,0,2108863,0.025335606261456128
2020-11-15,Baden-Württemberg,14.700000000000001,8.771428571428572,0.27142857142857146,11124642,0.1336500045340346
2020-11-15,Bayern,12.67142857142857,7.414285714285714,0.39999999999999997,13176989,0.15830663490968286
2020-11-15,Berlin,10.342857142857143,7.914285714285715,0.2,3677472,0.04418067111497029
2020-11-15,Brandenburg,10.028571428571428,7.442857142857143,0.21428571428571427,2537868,0.03048961662827274
2020-11-15,Bremen,10.842857142857143,8.3,0.7857142857142857,676463,0.008126938648192602
2020-11-15,Gesamt,10.342857142857143,7.914285714285715,0.2,83237124,1
2020-11-15,Hamburg,9.971428571428572,8.285714285714285,0.3142857142857143,1853935,0.022272934370005385
2020-11-15,Hessen,11.442857142857143,8.3,0.9857142857142857,6295017,0.07562751687576327
2020-11-15,Mecklenburg-Vorpommern,9.714285714285714,7.885714285714286,0.4,1611160,0.01935626704257586
2020-11-15,Niedersachsen,11.028571428571428,8.542857142857143,0.4714285714285714,8027031,0.096435708182325
2020-11-15,Nordrhein-Westfalen,15.685714285714285,11.885714285714286,0.9571428571428572,17924591,0.21534370889604498
2020-11-15,Rheinland-Pfalz,11.428571428571429,8.371428571428572,0.6142857142857143,4106485,0.04933477759274816
2020-11-15,Saarland,15.22857142857143,10.457142857142857,1.4428571428571428,982348,0.011801801321246995
2020-11-15,Sachsen,10.357142857142858,6.228571428571429,0.2714285714285714,4043002,0.048572101073554634
2020-11-15,Sachsen-Anhalt,10.471428571428572,7.714285714285714,0.014285714285714285,2169253,0.02606112388025324
2020-11-15,Schleswig-Holstein,9.742857142857144,8.257142857142856,0.27142857142857146,2922005,0.035104588668873275
2020-11-15,Thüringen,10.128571428571428,7.1,0,2108863,0.025335606261456128
2020-11-22,Baden-Württemberg,10.2,5.271428571428571,0.08571428571428572,11124642,0.1336500045340346
2020-11-22,Bayern,10.6,5.928571428571428,0.5,13176989,0.15830663490968286
2020-11-22,Berlin,10.485714285714286,7.671428571428571,0.3571428571428571,3677472,0.04418067111497029
2020-11-22,Brandenburg,9.714285714285714,7.128571428571429,0.22857142857142856,2537868,0.03048961662827274
2020-11-22,Bremen,11.514285714285714,8.271428571428572,0.37142857142857144,676463,0.008126938648192602
2020-11-22,Gesamt,10.485714285714286,7.671428571428571,0.3571428571428571,83237124,1
2020-11-22,Hamburg,10.971428571428572,8.385714285714286,0.8714285714285714,1853935,0.022272934370005385
2020-11-22,Hessen,9.371428571428572,6.742857142857143,0.5285714285714286,6295017,0.07562751687576327
2020-11-22,Mecklenburg-Vorpommern,10.285714285714285,7.714285714285714,1.0142857142857142,1611160,0.01935626704257586
2020-11-22,Niedersachsen,11.128571428571428,8.5,0.4285714285714286,8027031,0.096435708182325
2020-11-22,Nordrhein-Westfalen,11.828571428571427,9.128571428571428,0.5571428571428572,17924591,0.21534370889604498
2020-11-22,Rheinland-Pfalz,9.542857142857143,7.085714285714286,0.3857142857142857,4106485,0.04933477759274816
2020-11-22,Saarland,10.228571428571428,6.142857142857143,1.0285714285714285,982348,0.011801801321246995
2020-11-22,Sachsen,11.142857142857142,7.8999999999999995,0.45714285714285713,4043002,0.048572101073554634
2020-11-22,Sachsen-Anhalt,10.8,8.185714285714285,0.05714285714285714,2169253,0.02606112388025324
2020-11-22,Schleswig-Holstein,11.214285714285714,9.042857142857143,1.7428571428571429,2922005,0.035104588668873275
2020-11-22,Thüringen,9.442857142857143,6.5285714285714285,0.34285714285714286,2108863,0.025335606261456128
2020-11-29,Baden-Württemberg,6.442857142857143,1.4714285714285715,0.1,11124642,0.1336500045340346
2020-11-29,Bayern,4.442857142857143,1.8428571428571427,0,13176989,0.15830663490968286
2020-11-29,Berlin,6.285714285714286,3.4714285714285715,0.2,3677472,0.04418067111497029
2020-11-29,Brandenburg,6.085714285714285,3.2142857142857144,0.1142857142857143,2537868,0.03048961662827274
2020-11-29,Bremen,8.371428571428572,5.271428571428571,0.1142857142857143,676463,0.008126938648192602
2020-11-29,Gesamt,6.285714285714286,3.4714285714285715,0.2,83237124,1
2020-11-29,Hamburg,7.1571428571428575,4.142857142857143,0.2,1853935,0.022272934370005385
2020-11-29,Hessen,4.9714285714285715,3.2714285714285714,0.14285714285714288,6295017,0.07562751687576327
2020-11-29,Mecklenburg-Vorpommern,6.071428571428571,3.357142857142857,0.1285714285714286,1611160,0.01935626704257586
2020-11-29,Niedersachsen,7.742857142857143,5.085714285714285,0.18571428571428572,8027031,0.096435708182325
2020-11-29,Nordrhein-Westfalen,8.185714285714285,4.785714285714286,0,17924591,0.21534370889604498
2020-11-29,Rheinland-Pfalz,4.171428571428572,2.6999999999999997,0,4106485,0.04933477759274816
2020-11-29,Saarland,6.442857142857143,3.542857142857143,0.07142857142857144,982348,0.011801801321246995
2020-11-29,Sachsen,5.871428571428571,2.6714285714285717,0.04285714285714285,4043002,0.048572101073554634
2020-11-29,Sachsen-Anhalt,7.757142857142857,4.142857142857142,0,2169253,0.02606112388025324
2020-11-29,Schleswig-Holstein,8.9,6.4714285714285715,0.05714285714285714,2922005,0.035104588668873275
2020-11-29,Thüringen,5.485714285714286,1.5571428571428572,0,2108863,0.025335606261456128
2020-12-06,Baden-Württemberg,2.657142857142857,0.7571428571428572,3.0571428571428574,11124642,0.1336500045340346
2020-12-06,Bayern,3.4428571428571426,0.12857142857142856,1.0142857142857142,13176989,0.15830663490968286
2020-12-06,Berlin,4.885714285714286,2.571428571428571,0,3677472,0.04418067111497029
2020-12-06,Brandenburg,4.171428571428572,1.2714285714285714,0,2537868,0.03048961662827274
2020-12-06,Bremen,5.1571428571428575,3.1857142857142855,1.3714285714285714,676463,0.008126938648192602
2020-12-06,Gesamt,4.885714285714286,2.571428571428571,0,83237124,1
2020-12-06,Hamburg,3.8,2.4,0.4714285714285714,1853935,0.022272934370005385
2020-12-06,Hessen,3.5142857142857142,1.857142857142857,3.571428571428571,6295017,0.07562751687576327
2020-12-06,Mecklenburg-Vorpommern,3.0285714285714285,1.7571428571428571,0.14285714285714288,1611160,0.01935626704257586
2020-12-06,Niedersachsen,4.485714285714286,2.814285714285714,0.8285714285714286,8027031,0.096435708182325
2020-12-06,Nordrhein-Westfalen,6.4714285714285715,3.8714285714285714,3.857142857142857,17924591,0.21534370889604498
2020-12-06,Rheinland-Pfalz,3.3857142857142857,1.7142857142857142,2.585714285714286,4106485,0.04933477759274816
2020-12-06,Saarland,4.8428571428571425,2.742857142857143,1.7571428571428571,982348,0.011801801321246995
2020-12-06,Sachsen,5.285714285714286,2.6857142857142855,0.05714285714285714,4043002,0.048572101073554634
2020-12-06,Sachsen-Anhalt,3.757142857142857,1.5999999999999999,0.07142857142857144,2169253,0.02606112388025324
2020-12-06,Schleswig-Holstein,5.085714285714285,3.557142857142857,1.157142857142857,2922005,0.035104588668873275
2020-12-06,Thüringen,2.8714285714285714,0.5,0.07142857142857144,2108863,0.025335606261456128
2020-12-13,Baden-Württemberg,4.2,2.2142857142857144,0.9857142857142857,11124642,0.1336500045340346
2020-12-13,Bayern,3.457142857142857,1.8285714285714285,1.1857142857142857,13176989,0.15830663490968286
2020-12-13,Berlin,3.9857142857142853,2.3428571428571425,0.1,3677472,0.04418067111497029
2020-12-13,Brandenburg,3.242857142857143,1.8,0.08571428571428572,2537868,0.03048961662827274
2020-12-13,Bremen,4.928571428571429,3.585714285714286,0.34285714285714286,676463,0.008126938648192602
2020-12-13,Gesamt,3.9857142857142853,2.3428571428571425,0.1,83237124,1
2020-12-13,Hamburg,4.328571428571428,3.242857142857143,0.02857142857142857,1853935,0.022272934370005385
2020-12-13,Hessen,4.957142857142857,3.2857142857142856,1.3142857142857143,6295017,0.07562751687576327
2020-12-13,Mecklenburg-Vorpommern,3.642857142857143,2.5285714285714285,0.21428571428571427,1611160,0.01935626704257586
2020-12-13,Niedersachsen,5.157142857142857,3.5142857142857142,0.3142857142857143,8027031,0.096435708182325
2020-12-13,Nordrhein-Westfalen,5.757142857142857,3.7857142857142856,1.1714285714285715,17924591,0.21534370889604498
2020-12-13,Rheinland-Pfalz,4.3428571428571425,2.914285714285714,0.4714285714285714,4106485,0.04933477759274816
2020-12-13,Saarland,5.585714285714285,3.7285714285714286,1.9000000000000001,982348,0.011801801321246995
2020-12-13,Sachsen,6.685714285714286,4.9714285714285715,0,4043002,0.048572101073554634
2020-12-13,Sachsen-Anhalt,5.014285714285714,2.9857142857142858,0.7,2169253,0.02606112388025324
2020-12-13,Schleswig-Holstein,4.857142857142857,3.8285714285714283,0.8571428571428571,2922005,0.035104588668873275
2020-12-13,Thüringen,3.7714285714285714,2.0285714285714285,0.4428571428571429,2108863,0.025335606261456128
2020-12-20,Baden-Württemberg,10.142857142857142,4.6571428571428575,0,11124642,0.1336500045340346
2020-12-20,Bayern,5.0285714285714285,1.7,0,13176989,0.15830663490968286
2020-12-20,Berlin,7.914285714285715,5.4714285714285715,0.4428571428571429,3677472,0.04418067111497029
2020-12-20,Brandenburg,7.457142857142857,4.871428571428572,0.4714285714285714,2537868,0.03048961662827274
2020-12-20,Bremen,9.614285714285714,7.257142857142857,0.8285714285714285,676463,0.008126938648192602
2020-12-20,Gesamt,7.914285714285715,5.4714285714285715,0.4428571428571429,83237124,1
2020-12-20,Hamburg,8.928571428571429,7.071428571428571,1.342857142857143,1853935,0.022272934370005385
2020-12-20,Hessen,7.185714285714286,5.371428571428571,1.4428571428571428,6295017,0.07562751687576327
2020-12-20,Mecklenburg-Vorpommern,7.671428571428572,5.871428571428572,0.7428571428571429,1611160,0.01935626704257586
2020-12-20,Niedersachsen,9.757142857142858,7.5285714285714285,0.4571428571428572,8027031,0.096435708182325
2020-12-20,Nordrhein-Westfalen,11.085714285714285,8.585714285714285,1.7,17924591,0.21534370889604498
2020-12-20,Rheinland-Pfalz,7.1000000000000005,5.171428571428572,0.9857142857142858,4106485,0.04933477759274816
2020-12-20,Saarland,11.085714285714285,8.228571428571428,2.0714285714285716,982348,0.011801801321246995
2020-12-20,Sachsen,6.657142857142857,4.1,0.02857142857142857,4043002,0.048572101073554634
2020-12-20,Sachsen-Anhalt,9.242857142857142,5.8,0.4714285714285714,2169253,0.02606112388025324
2020-12-20,Schleswig-Holstein,8.714285714285715,7.3,2.4,2922005,0.035104588668873275
2020-12-20,Thüringen,8.814285714285715,5.214285714285714,0.1285714285714286,2108863,0.025335606261456128
2020-12-27,Baden-Württemberg,8.557142857142857,5.314285714285715,2.0285714285714285,11124642,0.1336500045340346
2020-12-27,Bayern,7.328571428571428,4.771428571428571,2.157142857142857,13176989,0.15830663490968286
2020-12-27,Berlin,7.185714285714286,4.7,2.185714285714286,3677472,0.04418067111497029
2020-12-27,Brandenburg,6.642857142857143,4.214285714285714,1.957142857142857,2537868,0.03048961662827274
2020-12-27,Bremen,7.514285714285714,4.885714285714286,5.2,676463,0.008126938648192602
2020-12-27,Gesamt,7.185714285714286,4.7,2.185714285714286,83237124,1
2020-12-27,Hamburg,6.4714285714285715,4.1,6.128571428571429,1853935,0.022272934370005385
2020-12-27,Hessen,8.314285714285715,6.157142857142857,7.771428571428571,6295017,0.07562751687576327
2020-12-27,Mecklenburg-Vorpommern,5.7,3.4857142857142858,5.957142857142857,1611160,0.01935626704257586
2020-12-27,Niedersachsen,8.285714285714286,5.442857142857143,3.1142857142857143,8027031,0.096435708182325
2020-12-27,Nordrhein-Westfalen,9.042857142857143,7.014285714285714,5.042857142857143,17924591,0.21534370889604498
2020-12-27,Rheinland-Pfalz,8.228571428571428,5.928571428571429,5.1,4106485,0.04933477759274816
2020-12-27,Saarland,8.542857142857143,6.5,9.271428571428572,982348,0.011801801321246995
2020-12-27,Sachsen,8.242857142857144,5.2,2.842857142857143,4043002,0.048572101073554634
2020-12-27,Sachsen-Anhalt,8.185714285714287,5.171428571428572,1.1,2169253,0.02606112388025324
2020-12-27,Schleswig-Holstein,6.357142857142858,4.9,4.228571428571429,2922005,0.035104588668873275
2020-12-27,Thüringen,7.242857142857143,4.4714285714285715,1.2142857142857142,2108863,0.025335606261456128
2020-12-31,Baden-Württemberg,4.2250000000000005,2.4,1.25,11124642,0.1336500045340346
2020-12-31,Bayern,4.45,1.65,0.5250000000000001,13176989,0.15830663490968286
2020-12-31,Berlin,4.575,2.625,0.6500000000000001,3677472,0.04418067111497029
2020-12-31,Brandenburg,4.025,1.7,0.575,2537868,0.03048961662827274
2020-12-31,Bremen,4.775,3.4,1.85,676463,0.008126938648192602
2020-12-31,Gesamt,4.575,2.625,0.6500000000000001,83237124,1
2020-12-31,Hamburg,4.6,3.325,1.2000000000000002,1853935,0.022272934370005385
2020-12-31,Hessen,4.4,2.75,5.225,6295017,0.07562751687576327
2020-12-31,Mecklenburg-Vorpommern,3.8,2.5,2.2750000000000004,1611160,0.01935626704257586
2020-12-31,Niedersachsen,5.1,3.475,0.4,8027031,0.096435708182325
2020-12-31,Nordrhein-Westfalen,5.025,3.075,1.35,17924591,0.21534370889604498
2020-12-31,Rheinland-Pfalz,4.45,2.675,2.375,4106485,0.04933477759274816
2020-12-31,Saarland,5.25,3,4.425,982348,0.011801801321246995
2020-12-31,Sachsen,5.95,2.275,0.325,4043002,0.048572101073554634
2020-12-31,Sachsen-Anhalt,4.15,2.15,0.825,2169253,0.02606112388025324
2020-12-31,Schleswig-Holstein,4.675000000000001,3.525,4.775,2922005,0.035104588668873275
2020-12-31,Thüringen,3.575,1.8,0.85,2108863,0.025335606261456128
2021-01-10,Baden-Württemberg,0.9571428571428572,-0.38571428571428573,0.7,11124642,0.1336500045340346
2021-01-10,Bayern,0.24285714285714288,-1.3571428571428572,1,13176989,0.15830663490968286
2021-01-10,Berlin,2.2,1.1714285714285715,0.42857142857142855,3677472,0.04418067111497029
2021-01-10,Brandenburg,1.5285714285714287,0.6285714285714286,0.41428571428571426,2537868,0.03048961662827274
2021-01-10,Bremen,3,1.6714285714285715,1.7142857142857142,676463,0.008126938648192602
2021-01-10,Gesamt,2.2,1.1714285714285715,0.42857142857142855,83237124,1
2021-01-10,Hamburg,2.557142857142857,1.3714285714285714,2.257142857142857,1853935,0.022272934370005385
2021-01-10,Hessen,3.057142857142857,1.5571428571428572,1.2,6295017,0.07562751687576327
2021-01-10,Mecklenburg-Vorpommern,2.428571428571429,1.4,2.2,1611160,0.01935626704257586
2021-01-10,Niedersachsen,2.2714285714285714,0.9142857142857143,0.7571428571428571,8027031,0.096435708182325
2021-01-10,Nordrhein-Westfalen,2.914285714285714,1.6,1.3,17924591,0.21534370889604498
2021-01-10,Rheinland-Pfalz,2.5,1.0142857142857142,0.2714285714285714,4106485,0.04933477759274816
2021-01-10,Saarland,2.942857142857143,0.942857142857143,0.15714285714285714,982348,0.011801801321246995
2021-01-10,Sachsen,1.9,1.042857142857143,0.44285714285714284,4043002,0.048572101073554634
2021-01-10,Sachsen-Anhalt,1.6714285714285715,0.6714285714285714,0.6,2169253,0.02606112388025324
2021-01-10,Schleswig-Holstein,3.2,2.2857142857142856,2.6857142857142855,2922005,0.035104588668873275
2021-01-10,Thüringen,-0.17142857142857146,-0.9428571428571428,0.6428571428571428,2108863,0.025335606261456128
2021-01-17,Baden-Württemberg,1.5571428571428572,-0.8,2.0142857142857142,11124642,0.1336500045340346
2021-01-17,Bayern,0.0714285714285715,-2.0428571428571427,1.6142857142857143,13176989,0.15830663490968286
2021-01-17,Berlin,1.6714285714285713,0.12857142857142861,0.8571428571428571,3677472,0.04418067111497029
2021-01-17,Brandenburg,1.3,-0.4714285714285713,1.3142857142857143,2537868,0.03048961662827274
2021-01-17,Bremen,3.257142857142857,1.4428571428571428,1.6,676463,0.008126938648192602
2021-01-17,Gesamt,1.6714285714285713,0.12857142857142861,0.8571428571428571,83237124,1
2021-01-17,Hamburg,2.642857142857143,0.8714285714285714,2.6571428571428575,1853935,0.022272934370005385
2021-01-17,Hessen,2.357142857142857,0.4571428571428572,2.1142857142857143,6295017,0.07562751687576327
2021-01-17,Mecklenburg-Vorpommern,2.0285714285714285,0.22857142857142865,2.857142857142857,1611160,0.01935626704257586
2021-01-17,Niedersachsen,2.4714285714285715,0.9285714285714286,1.8,8027031,0.096435708182325
2021-01-17,Nordrhein-Westfalen,4.4714285714285715,1.9428571428571428,1.8714285714285714,17924591,0.21534370889604498
2021-01-17,Rheinland-Pfalz,2.714285714285714,0.37142857142857144,0.7428571428571429,4106485,0.04933477759274816
2021-01-17,Saarland,2.7142857142857144,-0.6142857142857142,4.128571428571428,982348,0.011801801321246995
2021-01-17,Sachsen,1.1142857142857143,-0.6999999999999998,1.3,4043002,0.048572101073554634
2021-01-17,Sachsen-Anhalt,2.1999999999999997,0.1999999999999998,1,2169253,0.02606112388025324
2021-01-17,Schleswig-Holstein,3.2142857142857144,1.6428571428571428,2.414285714285714,2922005,0.035104588668873275
2021-01-17,Thüringen,0.21428571428571425,-1.5714285714285714,0.21428571428571427,2108863,0.025335606261456128
2021-01-24,Baden-Württemberg,6.671428571428572,3.542857142857143,1.5857142857142856,11124642,0.1336500045340346
2021-01-24,Bayern,7.271428571428571,3.2142857142857144,0.6714285714285714,13176989,0.15830663490968286
2021-01-24,Berlin,6.728571428571429,3.7142857142857144,2.4857142857142858,3677472,0.04418067111497029
2021-01-24,Brandenburg,5.914285714285714,3.0714285714285716,2.742857142857143,2537868,0.03048961662827274
2021-01-24,Bremen,8.014285714285714,4.757142857142857,3.1857142857142855,676463,0.008126938648192602
2021-01-24,Gesamt,6.728571428571429,3.7142857142857144,2.4857142857142858,83237124,1
2021-01-24,Hamburg,7.514285714285714,4.642857142857143,3.757142857142857,1853935,0.022272934370005385
2021-01-24,Hessen,6.257142857142857,3.8,3.314285714285714,6295017,0.07562751687576327
2021-01-24,Mecklenburg-Vorpommern,6.5,3.4857142857142858,2.9714285714285715,1611160,0.01935626704257586
2021-01-24,Niedersachsen,7.742857142857143,4.985714285714286,1.7428571428571429,8027031,0.096435708182325
2021-01-24,Nordrhein-Westfalen,8.528571428571428,5.314285714285714,4.857142857142857,17924591,0.21534370889604498
2021-01-24,Rheinland-Pfalz,6.714285714285714,4,1.957142857142857,4106485,0.04933477759274816
2021-01-24,Saarland,7.114285714285714,4.6571428571428575,3.4,982348,0.011801801321246995
2021-01-24,Sachsen,7.1,3.4857142857142858,3.6,4043002,0.048572101073554634
2021-01-24,Sachsen-Anhalt,7.1,4.042857142857143,0.9285714285714286,2169253,0.02606112388025324
2021-01-24,Schleswig-Holstein,6.814285714285714,4.428571428571429,3.8285714285714287,2922005,0.035104588668873275
2021-01-24,Thüringen,5.7,3.185714285714286,1.1285714285714286,2108863,0.025335606261456128
2021-01-31,Baden-Württemberg,5.285714285714286,3.0142857142857147,3.342857142857143,11124642,0.1336500045340346
2021-01-31,Bayern,4.785714285714286,2.1857142857142855,6.171428571428572,13176989,0.15830663490968286
2021-01-31,Berlin,2.242857142857143,-0.47142857142857153,0.5857142857142857,3677472,0.04418067111497029
2021-01-31,Brandenburg,2.242857142857143,-0.7285714285714288,1,2537868,0.03048961662827274
2021-01-31,Bremen,2.2285714285714286,-0.7142857142857142,1.8714285714285712,676463,0.008126938648192602
2021-01-31,Gesamt,2.242857142857143,-0.47142857142857153,0.5857142857142857,83237124,1
2021-01-31,Hamburg,2.3857142857142857,-0.8428571428571429,0.8000000000000002,1853935,0.022272934370005385
2021-01-31,Hessen,5.685714285714286,3.0285714285714285,6.0285714285714285,6295017,0.07562751687576327
2021-01-31,Mecklenburg-Vorpommern,1.7285714285714284,-0.7142857142857142,0.3428571428571428,1611160,0.01935626704257586
2021-01-31,Niedersachsen,2.2142857142857144,-0.24285714285714288,2.857142857142857,8027031,0.096435708182325
2021-01-31,Nordrhein-Westfalen,6.1,3.357142857142857,5.342857142857143,17924591,0.21534370889604498
2021-01-31,Rheinland-Pfalz,5.728571428571429,3.0142857142857142,4.385714285714286,4106485,0.04933477759274816
2021-01-31,Saarland,6.314285714285714,4.128571428571428,6.7,982348,0.011801801321246995
2021-01-31,Sachsen,3.3714285714285714,0.38571428571428573,3.1285714285714286,4043002,0.048572101073554634
2021-01-31,Sachsen-Anhalt,2.4714285714285715,-0.12857142857142836,1.857142857142857,2169253,0.02606112388025324
2021-01-31,Schleswig-Holstein,2.6142857142857143,0.8285714285714285,0.6714285714285714,2922005,0.035104588668873275
2021-01-31,Thüringen,2.557142857142857,-0.2714285714285715,2.7142857142857144,2108863,0.025335606261456128
2021-02-07,Baden-Württemberg,9.342857142857143,6.742857142857143,4.685714285714286,11124642,0.1336500045340346
2021-02-07,Bayern,9.271428571428572,6.542857142857143,3.957142857142857,13176989,0.15830663490968286
2021-02-07,Berlin,1.5857142857142859,-0.5571428571428573,2.1285714285714286,3677472,0.04418067111497029
2021-02-07,Brandenburg,1.2714285714285716,-1.1,2.7285714285714286,2537868,0.03048961662827274
2021-02-07,Bremen,1.2,-0.6142857142857143,3.7285714285714286,676463,0.008126938648192602
2021-02-07,Gesamt,1.5857142857142859,-0.5571428571428573,2.1285714285714286,83237124,1
2021-02-07,Hamburg,0.3571428571428571,-1.0285714285714285,1.7428571428571429,1853935,0.022272934370005385
2021-02-07,Hessen,7.5285714285714285,5.557142857142857,8.957142857142857,6295017,0.07562751687576327
2021-02-07,Mecklenburg-Vorpommern,-0.028571428571428595,-1.4428571428571428,0.8571428571428571,1611160,0.01935626704257586
2021-02-07,Niedersachsen,2.1285714285714286,-0.24285714285714288,5.385714285714286,8027031,0.096435708182325
2021-02-07,Nordrhein-Westfalen,8.442857142857143,5.242857142857143,6.271428571428571,17924591,0.21534370889604498
2021-02-07,Rheinland-Pfalz,7.557142857142857,5.385714285714285,6.485714285714286,4106485,0.04933477759274816
2021-02-07,Saarland,9.842857142857143,7.6000000000000005,8.285714285714285,982348,0.011801801321246995
2021-02-07,Sachsen,5.414285714285715,2.5142857142857142,3.2,4043002,0.048572101073554634
2021-02-07,Sachsen-Anhalt,2.5,0.1999999999999998,5.885714285714286,2169253,0.02606112388025324
2021-02-07,Schleswig-Holstein,1.2,0.11428571428571427,1.3142857142857143,2922005,0.035104588668873275
2021-02-07,Thüringen,4.571428571428572,1.7571428571428571,5.542857142857143,2108863,0.025335606261456128
2021-02-14,Baden-Württemberg,-1.3,-5.485714285714286,0.8857142857142858,11124642,0.1336500045340346
2021-02-14,Bayern,-0.5142857142857142,-4.057142857142857,0.9142857142857143,13176989,0.15830663490968286
2021-02-14,Berlin,-3.4428571428571426,-7.442857142857143,0.49999999999999994,3677472,0.04418067111497029
2021-02-14,Brandenburg,-3.414285714285714,-7.5,0.6857142857142857,2537868,0.03048961662827274
2021-02-14,Bremen,-1.9285714285714286,-5.742857142857143,0.17142857142857143,676463,0.008126938648192602
2021-02-14,Gesamt,-3.4428571428571426,-7.442857142857143,0.49999999999999994,83237124,1
2021-02-14,Hamburg,-1.1857142857142855,-5.428571428571429,0.3571428571428571,1853935,0.022272934370005385
2021-02-14,Hessen,-1.2,-4.671428571428572,0.4714285714285714,6295017,0.07562751687576327
2021-02-14,Mecklenburg-Vorpommern,-2.1142857142857143,-6.042857142857143,1.4857142857142855,1611160,0.01935626704257586
2021-02-14,Niedersachsen,-2.9571428571428573,-8.285714285714286,0.5,8027031,0.096435708182325
2021-02-14,Nordrhein-Westfalen,-1.2428571428571429,-5.685714285714286,0.0857142857142857,17924591,0.21534370889604498
2021-02-14,Rheinland-Pfalz,-2.1,-5.4,0.24285714285714285,4106485,0.04933477759274816
2021-02-14,Saarland,0.35714285714285715,-3.1142857142857143,0.41428571428571426,982348,0.011801801321246995
2021-02-14,Sachsen,-5.071428571428571,-8.27142857142857,0.4142857142857143,4043002,0.048572101073554634
2021-02-14,Sachsen-Anhalt,-4.742857142857143,-8.257142857142858,0.6571428571428571,2169253,0.02606112388025324
2021-02-14,Schleswig-Holstein,-0.6571428571428571,-2.3285714285714287,0.5857142857142857,2922005,0.035104588668873275
2021-02-14,Thüringen,-7.642857142857143,-11.085714285714285,0.14285714285714288,2108863,0.025335606261456128
2021-02-21,Baden-Württemberg,12.642857142857142,5.514285714285714,0.32857142857142857,11124642,0.1336500045340346
2021-02-21,Bayern,11.257142857142858,5.785714285714286,1.2142857142857142,13176989,0.15830663490968286
2021-02-21,Berlin,8.957142857142857,4.328571428571429,1.2571428571428571,3677472,0.04418067111497029
2021-02-21,Brandenburg,8.7,3.957142857142857,1.5142857142857142,2537868,0.03048961662827274
2021-02-21,Bremen,10.271428571428572,6.385714285714285,1.6857142857142857,676463,0.008126938648192602
2021-02-21,Gesamt,8.957142857142857,4.328571428571429,1.2571428571428571,83237124,1
2021-02-21,Hamburg,9.628571428571428,5.642857142857142,1.4857142857142855,1853935,0.022272934370005385
2021-02-21,Hessen,9.457142857142857,4.9714285714285715,0.8285714285714285,6295017,0.07562751687576327
2021-02-21,Mecklenburg-Vorpommern,8.228571428571428,4.757142857142857,2.771428571428572,1611160,0.01935626704257586
2021-02-21,Niedersachsen,10.857142857142858,6.771428571428571,1.1142857142857143,8027031,0.096435708182325
2021-02-21,Nordrhein-Westfalen,12.242857142857142,8.528571428571428,0.7857142857142858,17924591,0.21534370889604498
2021-02-21,Rheinland-Pfalz,10.242857142857144,5.871428571428571,0.5571428571428572,4106485,0.04933477759274816
2021-02-21,Saarland,13.585714285714285,7.271428571428571,0.5428571428571428,982348,0.011801801321246995
2021-02-21,Sachsen,7.885714285714285,3.4857142857142858,0.8285714285714286,4043002,0.048572101073554634
2021-02-21,Sachsen-Anhalt,8.842857142857143,4.828571428571428,1.0142857142857142,2169253,0.02606112388025324
2021-02-21,Schleswig-Holstein,7.771428571428571,5.114285714285715,2.1857142857142855,2922005,0.035104588668873275
2021-02-21,Thüringen,9.671428571428573,5.2,0.11428571428571428,2108863,0.025335606261456128
2021-02-28,Baden-Württemberg,15.857142857142858,7.0285714285714285,0.02857142857142857,11124642,0.1336500045340346
2021-02-28,Bayern,14.871428571428572,7.4,0.5285714285714286,13176989,0.15830663490968286
2021-02-28,Berlin,13.185714285714285,7.914285714285715,0.3,3677472,0.04418067111497029
2021-02-28,Brandenburg,13.185714285714285,8.014285714285714,0.2571428571428571,2537868,0.03048961662827274
2021-02-28,Bremen,14.157142857142858,8.714285714285715,0,676463,0.008126938648192602
2021-02-28,Gesamt,13.185714285714285,7.914285714285715,0.3,83237124,1
2021-02-28,Hamburg,13.928571428571429,8.885714285714286,0.028571428571428574,1853935,0.022272934370005385
2021-02-28,Hessen,13.471428571428572,7.928571428571429,0.38571428571428573,6295017,0.07562751687576327
2021-02-28,Mecklenburg-Vorpommern,13.914285714285715,8.8,0.014285714285714287,1611160,0.01935626704257586
2021-02-28,Niedersachsen,13.728571428571428,9.357142857142858,1.2142857142857142,8027031,0.096435708182325
2021-02-28,Nordrhein-Westfalen,15.32857142857143,10.742857142857144,0.5285714285714286,17924591,0.21534370889604498
2021-02-28,Rheinland-Pfalz,13.528571428571428,8.571428571428571,0.37142857142857144,4106485,0.04933477759274816
2021-02-28,Saarland,15.214285714285715,8.114285714285714,0,982348,0.011801801321246995
2021-02-28,Sachsen,12.6,6.8,0.47142857142857136,4043002,0.048572101073554634
2021-02-28,Sachsen-Anhalt,13.657142857142857,8.32857142857143,0.19999999999999998,2169253,0.02606112388025324
2021-02-28,Schleswig-Holstein,12.82857142857143,8.985714285714286,0,2922005,0.035104588668873275
2021-02-28,Thüringen,12.757142857142858,7.257142857142857,0.7714285714285715,2108863,0.025335606261456128
2021-03-07,Baden-Württemberg,10.985714285714286,4.171428571428572,0.31428571428571433,11124642,0.1336500045340346
2021-03-07,Bayern,10.685714285714285,4.514285714285714,1.2571428571428571,13176989,0.15830663490968286
2021-03-07,Berlin,8.385714285714286,2.9,0.08571428571428572,3677472,0.04418067111497029
2021-03-07,Brandenburg,7.7,3.057142857142857,0.09999999999999999,2537868,0.03048961662827274
2021-03-07,Bremen,8.514285714285714,3.2285714285714286,0.2285714285714286,676463,0.008126938648192602
2021-03-07,Gesamt,8.385714285714286,2.9,0.08571428571428572,83237124,1
2021-03-07,Hamburg,8.685714285714285,3.1999999999999997,0.15714285714285717,1853935,0.022272934370005385
2021-03-07,Hessen,10.857142857142858,5.671428571428572,0.27142857142857146,6295017,0.07562751687576327
2021-03-07,Mecklenburg-Vorpommern,7.785714285714286,2.9857142857142858,0.27142857142857146,1611160,0.01935626704257586
2021-03-07,Niedersachsen,7.514285714285714,3.0285714285714285,0.15714285714285714,8027031,0.096435708182325
2021-03-07,Nordrhein-Westfalen,9.928571428571429,4.514285714285714,3.4571428571428573,17924591,0.21534370889604498
2021-03-07,Rheinland-Pfalz,10.442857142857143,5.6,0.18571428571428572,4106485,0.04933477759274816
2021-03-07,Saarland,12.514285714285714,5.9,0.9714285714285714,982348,0.011801801321246995
2021-03-07,Sachsen,8.6,2.942857142857143,0.9571428571428572,4043002,0.048572101073554634
2021-03-07,Sachsen-Anhalt,7.628571428571429,3.3714285714285714,0.11428571428571428,2169253,0.02606112388025324
2021-03-07,Schleswig-Holstein,6.228571428571429,2.5285714285714285,0,2922005,0.035104588668873275
2021-03-07,Thüringen,7.114285714285714,2.1857142857142855,1.1285714285714286,2108863,0.025335606261456128
2021-03-14,Baden-Württemberg,9.257142857142858,4.7,2.2142857142857144,11124642,0.1336500045340346
2021-03-14,Bayern,9.257142857142856,4.885714285714286,2.342857142857143,13176989,0.15830663490968286
2021-03-14,Berlin,9.1,4.557142857142857,2.085714285714286,3677472,0.04418067111497029
2021-03-14,Brandenburg,9.085714285714285,3.8000000000000003,2.6,2537868,0.03048961662827274
2021-03-14,Bremen,8.228571428571428,4.757142857142857,7.071428571428571,676463,0.008126938648192602
2021-03-14,Gesamt,9.1,4.557142857142857,2.085714285714286,83237124,1
2021-03-14,Hamburg,8.057142857142857,4.4714285714285715,6.128571428571428,1853935,0.022272934370005385
2021-03-14,Hessen,9.3,5.914285714285714,3.9428571428571426,6295017,0.07562751687576327
2021-03-14,Mecklenburg-Vorpommern,8.228571428571428,4.0285714285714285,4.014285714285714,1611160,0.01935626704257586
2021-03-14,Niedersachsen,8.471428571428572,5.071428571428571,4.9,8027031,0.096435708182325
2021-03-14,Nordrhein-Westfalen,9.628571428571428,6.357142857142858,3.0142857142857142,17924591,0.21534370889604498
2021-03-14,Rheinland-Pfalz,9.200000000000001,5.714285714285714,2.6285714285714286,4106485,0.04933477759274816
2021-03-14,Saarland,10.542857142857143,5.5285714285714285,5.814285714285714,982348,0.011801801321246995
2021-03-14,Sachsen,9.485714285714286,5.085714285714286,0.4,4043002,0.048572101073554634
2021-03-14,Sachsen-Anhalt,9.642857142857142,5.242857142857143,1.4428571428571428,2169253,0.02606112388025324
2021-03-14,Schleswig-Holstein,7,4.071428571428571,5.885714285714285,2922005,0.035104588668873275
2021-03-14,Thüringen,7.9714285714285715,4.085714285714285,0.9,2108863,0.025335606261456128
2021-03-21,Baden-Württemberg,5.585714285714285,2.3714285714285714,1.2142857142857142,11124642,0.1336500045340346
2021-03-21,Bayern,3.5,0.9285714285714286,2.1999999999999997,13176989,0.15830663490968286
2021-03-21,Berlin,6.8428571428571425,2.6714285714285713,2.6,3677472,0.04418067111497029
2021-03-21,Brandenburg,6.885714285714285,2.5428571428571427,1.8,2537868,0.03048961662827274
2021-03-21,Bremen,7.214285714285714,3.742857142857143,0.4428571428571429,676463,0.008126938648192602
2021-03-21,Gesamt,6.8428571428571425,2.6714285714285713,2.6,83237124,1
2021-03-21,Hamburg,7.2142857142857135,2.857142857142857,0.37142857142857144,1853935,0.022272934370005385
2021-03-21,Hessen,7.614285714285715,4.385714285714285,1.7285714285714286,6295017,0.07562751687576327
2021-03-21,Mecklenburg-Vorpommern,6.957142857142857,3.1142857142857143,0.4,1611160,0.01935626704257586
2021-03-21,Niedersachsen,6.771428571428571,2.9571428571428573,0.11428571428571428,8027031,0.096435708182325
2021-03-21,Nordrhein-Westfalen,8.257142857142858,4.9,1.0714285714285714,17924591,0.21534370889604498
2021-03-21,Rheinland-Pfalz,7.6000000000000005,4.042857142857143,1.3285714285714285,4106485,0.04933477759274816
2021-03-21,Saarland,8.442857142857143,4.442857142857143,1.3285714285714285,982348,0.011801801321246995
2021-03-21,Sachsen,5.457142857142857,2.6142857142857143,3.142857142857143,4043002,0.048572101073554634
2021-03-21,Sachsen-Anhalt,7.671428571428572,3.1714285714285713,0.5428571428571429,2169253,0.02606112388025324
2021-03-21,Schleswig-Holstein,6.4714285714285715,3.6714285714285713,0.5285714285714287,2922005,0.035104588668873275
2021-03-21,Thüringen,5.042857142857143,1.6285714285714286,0.7857142857142857,2108863,0.025335606261456128
2021-03-28,Baden-Württemberg,12.585714285714285,6.8428571428571425,0.37142857142857144,11124642,0.1336500045340346
2021-03-28,Bayern,12.171428571428573,7.314285714285714,0.1857142857142857,13176989,0.15830663490968286
2021-03-28,Berlin,12.157142857142857,7.214285714285714,0.5428571428571429,3677472,0.04418067111497029
2021-03-28,Brandenburg,12.657142857142857,7.4714285714285715,0.5,2537868,0.03048961662827274
2021-03-28,Bremen,11.82857142857143,7.314285714285714,0.48571428571428565,676463,0.008126938648192602
2021-03-28,Gesamt,12.157142857142857,7.214285714285714,0.5428571428571429,83237124,1
2021-03-28,Hamburg,11.557142857142857,7.357142857142857,1.2857142857142858,1853935,0.022272934370005385
2021-03-28,Hessen,12.557142857142857,7.671428571428572,0.18571428571428572,6295017,0.07562751687576327
2021-03-28,Mecklenburg-Vorpommern,11.142857142857142,7.0285714285714285,1.0285714285714285,1611160,0.01935626704257586
2021-03-28,Niedersachsen,12.742857142857142,7.757142857142857,1.2571428571428571,8027031,0.096435708182325
2021-03-28,Nordrhein-Westfalen,13.242857142857142,8.299999999999999,0.2571428571428571,17924591,0.21534370889604498
2021-03-28,Rheinland-Pfalz,12.814285714285715,8.228571428571428,0.2,4106485,0.04933477759274816
2021-03-28,Saarland,14.085714285714285,7.8428571428571425,0.08571428571428572,982348,0.011801801321246995
2021-03-28,Sachsen,13.085714285714285,7.4714285714285715,0.22857142857142856,4043002,0.048572101073554634
2021-03-28,Sachsen-Anhalt,12.8,7.9,0.5,2169253,0.02606112388025324
2021-03-28,Schleswig-Holstein,11,7.085714285714285,1.1142857142857143,2922005,0.035104588668873275
2021-03-28,Thüringen,11.542857142857143,6.257142857142857,0.32857142857142857,2108863,0.025335606261456128
2021-04-04,Baden-Württemberg,18.014285714285712,10.4,0,11124642,0.1336500045340346
2021-04-04,Bayern,17.214285714285715,10.757142857142858,0.04285714285714286,13176989,0.15830663490968286
2021-04-04,Berlin,16.37142857142857,9.72857142857143,0,3677472,0.04418067111497029
2021-04-04,Brandenburg,17.07142857142857,10.442857142857143,0.014285714285714287,2537868,0.03048961662827274
2021-04-04,Bremen,14.785714285714285,9.457142857142857,0.3,676463,0.008126938648192602
2021-04-04,Gesamt,16.37142857142857,9.72857142857143,0,83237124,1
2021-04-04,Hamburg,14.371428571428572,8.871428571428572,0.38571428571428573,1853935,0.022272934370005385
2021-04-04,Hessen,18.5,11.1,0,6295017,0.07562751687576327
2021-04-04,Mecklenburg-Vorpommern,14,8.642857142857142,0.37142857142857144,1611160,0.01935626704257586
2021-04-04,Niedersachsen,15.257142857142858,9.871428571428572,0.07142857142857144,8027031,0.096435708182325
2021-04-04,Nordrhein-Westfalen,17.114285714285714,10.82857142857143,0,17924591,0.21534370889604498
2021-04-04,Rheinland-Pfalz,18.214285714285715,12.185714285714287,0,4106485,0.04933477759274816
2021-04-04,Saarland,20.014285714285712,11.142857142857142,0,982348,0.011801801321246995
2021-04-04,Sachsen,16.97142857142857,9.9,0.37142857142857144,4043002,0.048572101073554634
2021-04-04,Sachsen-Anhalt,17.4,10.428571428571429,0,2169253,0.02606112388025324
2021-04-04,Schleswig-Holstein,11.428571428571429,8.257142857142856,0.2571428571428572,2922005,0.035104588668873275
2021-04-04,Thüringen,16.2,9.528571428571428,0,2108863,0.025335606261456128
2021-04-11,Baden-Württemberg,11.742857142857144,5.7,1.957142857142857,11124642,0.1336500045340346
2021-04-11,Bayern,11.814285714285715,6.171428571428571,1.6714285714285713,13176989,0.15830663490968286
2021-04-11,Berlin,10.185714285714287,5.428571428571428,2.742857142857143,3677472,0.04418067111497029
2021-04-11,Brandenburg,10.314285714285713,5.242857142857143,2.357142857142857,2537868,0.03048961662827274
2021-04-11,Bremen,7.914285714285715,3.9428571428571426,3.2428571428571433,676463,0.008126938648192602
2021-04-11,Gesamt,10.185714285714287,5.428571428571428,2.742857142857143,83237124,1
2021-04-11,Hamburg,8.085714285714285,4.142857142857143,3.3142857142857145,1853935,0.022272934370005385
2021-04-11,Hessen,9.957142857142857,5.328571428571428,3.6285714285714286,6295017,0.07562751687576327
2021-04-11,Mecklenburg-Vorpommern,7.885714285714286,4.0285714285714285,2.242857142857143,1611160,0.01935626704257586
2021-04-11,Niedersachsen,7.642857142857142,3.971428571428571,2.9571428571428573,8027031,0.096435708182325
2021-04-11,Nordrhein-Westfalen,8.700000000000001,4.757142857142857,5.5,17924591,0.21534370889604498
2021-04-11,Rheinland-Pfalz,9.657142857142857,5.614285714285715,0.8142857142857143,4106485,0.04933477759274816
2021-04-11,Saarland,10.471428571428572,5.757142857142857,2.814285714285714,982348,0.011801801321246995
2021-04-11,Sachsen,10.871428571428572,5.657142857142857,1.5,4043002,0.048572101073554634
2021-04-11,Sachsen-Anhalt,9.757142857142858,4.9714285714285715,2.6142857142857143,2169253,0.02606112388025324
2021-04-11,Schleswig-Holstein,7.328571428571428,4.3,2.714285714285714,2922005,0.035104588668873275
2021-04-11,Thüringen,8.457142857142857,3.8285714285714287,2.7571428571428576,2108863,0.025335606261456128
2021-04-18,Baden-Württemberg,7.8999999999999995,3.4285714285714284,0.1,11124642,0.1336500045340346
2021-04-18,Bayern,7.414285714285715,3.3285714285714283,1.2571428571428571,13176989,0.15830663490968286
2021-04-18,Berlin,10.528571428571428,5.828571428571428,0.9142857142857141,3677472,0.04418067111497029
2021-04-18,Brandenburg,10.885714285714286,5.6,0.9857142857142858,2537868,0.03048961662827274
2021-04-18,Bremen,11.257142857142856,5.728571428571429,0.32857142857142857,676463,0.008126938648192602
2021-04-18,Gesamt,10.528571428571428,5.828571428571428,0.9142857142857141,83237124,1
2021-04-18,Hamburg,11.014285714285714,5.6000000000000005,0.3142857142857143,1853935,0.022272934370005385
2021-04-18,Hessen,9.742857142857144,5.771428571428571,0.7571428571428571,6295017,0.07562751687576327
2021-04-18,Mecklenburg-Vorpommern,10.6,5.6,0.5142857142857143,1611160,0.01935626704257586
2021-04-18,Niedersachsen,11.028571428571428,5.257142857142857,0.9714285714285714,8027031,0.096435708182325
2021-04-18,Nordrhein-Westfalen,11.214285714285715,5.585714285714285,0.5857142857142857,17924591,0.21534370889604498
2021-04-18,Rheinland-Pfalz,9.628571428571428,5.485714285714286,1.1428571428571428,4106485,0.04933477759274816
2021-04-18,Saarland,10.628571428571428,5.557142857142857,0.20000000000000004,982348,0.011801801321246995
2021-04-18,Sachsen,8.042857142857143,4.9714285714285715,1.4999999999999998,4043002,0.048572101073554634
2021-04-18,Sachsen-Anhalt,10.32857142857143,5.785714285714286,0.5,2169253,0.02606112388025324
2021-04-18,Schleswig-Holstein,8.4,6.0285714285714285,0,2922005,0.035104588668873275
2021-04-18,Thüringen,7.585714285714285,3.428571428571429,1.1142857142857143,2108863,0.025335606261456128
2021-04-25,Baden-Württemberg,15.2,9.185714285714287,0.9571428571428571,11124642,0.1336500045340346
2021-04-25,Bayern,15.271428571428572,9.271428571428572,0.6571428571428571,13176989,0.15830663490968286
2021-04-25,Berlin,14.614285714285714,8.642857142857142,0.014285714285714285,3677472,0.04418067111497029
2021-04-25,Brandenburg,14.8,8.314285714285715,0.05714285714285714,2537868,0.03048961662827274
2021-04-25,Bremen,13.114285714285714,8.2,0,676463,0.008126938648192602
2021-04-25,Gesamt,14.614285714285714,8.642857142857142,0.014285714285714285,83237124,1
2021-04-25,Hamburg,13.128571428571428,7.6,0,1853935,0.022272934370005385
2021-04-25,Hessen,15.685714285714285,10.185714285714285,0.5857142857142857,6295017,0.07562751687576327
2021-04-25,Mecklenburg-Vorpommern,12.842857142857143,7.585714285714286,0,1611160,0.01935626704257586
2021-04-25,Niedersachsen,13.785714285714286,7.514285714285714,0,8027031,0.096435708182325
2021-04-25,Nordrhein-Westfalen,14.557142857142857,8.514285714285714,0.2571428571428572,17924591,0.21534370889604498
2021-04-25,Rheinland-Pfalz,15.857142857142858,10.342857142857143,0.028571428571428574,4106485,0.04933477759274816
2021-04-25,Saarland,17.771428571428572,10.242857142857142,0.0857142857142857,982348,0.011801801321246995
2021-04-25,Sachsen,13.657142857142857,8.357142857142858,1.157142857142857,4043002,0.048572101073554634
2021-04-25,Sachsen-Anhalt,14.757142857142856,8.371428571428572,0.1,2169253,0.02606112388025324
2021-04-25,Schleswig-Holstein,11.585714285714285,7.928571428571429,0,2922005,0.035104588668873275
2021-04-25,Thüringen,12.142857142857142,6.5,0.2142857142857143,2108863,0.025335606261456128
2021-05-02,Baden-Württemberg,14.214285714285714,9.242857142857142,3.6428571428571432,11124642,0.1336500045340346
2021-05-02,Bayern,15.7,10.071428571428571,5.9,13176989,0.15830663490968286
2021-05-02,Berlin,13.17142857142857,8.457142857142857,1.5285714285714287,3677472,0.04418067111497029
2021-05-02,Brandenburg,14.028571428571428,8.5,1.5571428571428572,2537868,0.03048961662827274
2021-05-02,Bremen,13.2,8.4,1.7571428571428573,676463,0.008126938648192602
2021-05-02,Gesamt,13.17142857142857,8.457142857142857,1.5285714285714287,83237124,1
2021-05-02,Hamburg,12.557142857142857,7.7,2.3,1853935,0.022272934370005385
2021-05-02,Hessen,14.942857142857143,10.185714285714285,1.457142857142857,6295017,0.07562751687576327
2021-05-02,Mecklenburg-Vorpommern,12.428571428571429,7.7,2.1285714285714286,1611160,0.01935626704257586
2021-05-02,Niedersachsen,13.771428571428572,8.214285714285714,0.9285714285714285,8027031,0.096435708182325
2021-05-02,Nordrhein-Westfalen,15.142857142857142,9.314285714285713,0.15714285714285717,17924591,0.21534370889604498
2021-05-02,Rheinland-Pfalz,14.82857142857143,9.67142857142857,1.5571428571428574,4106485,0.04933477759274816
2021-05-02,Saarland,16.257142857142856,9.757142857142856,1.0857142857142859,982348,0.011801801321246995
2021-05-02,Sachsen,14.657142857142857,9.142857142857142,2.3285714285714283,4043002,0.048572101073554634
2021-05-02,Sachsen-Anhalt,14.1,9.2,1.3571428571428572,2169253,0.02606112388025324
2021-05-02,Schleswig-Holstein,9.471428571428572,7.485714285714286,1.3142857142857143,2922005,0.035104588668873275
2021-05-02,Thüringen,12.871428571428572,8.014285714285714,1.6285714285714288,2108863,0.025335606261456128
2021-05-09,Baden-Württemberg,15.82857142857143,9.9,3.085714285714286,11124642,0.1336500045340346
2021-05-09,Bayern,16,10.642857142857142,4.457142857142857,13176989,0.15830663490968286
2021-05-09,Berlin,13.785714285714286,9.657142857142857,1.3142857142857143,3677472,0.04418067111497029
2021-05-09,Brandenburg,15.257142857142858,9.471428571428572,1.642857142857143,2537868,0.03048961662827274
2021-05-09,Bremen,13.942857142857143,8.957142857142857,2.685714285714286,676463,0.008126938648192602
2021-05-09,Gesamt,13.785714285714286,9.657142857142857,1.3142857142857143,83237124,1
2021-05-09,Hamburg,13.057142857142857,8.814285714285715,2.5714285714285716,1853935,0.022272934370005385
2021-05-09,Hessen,15.17142857142857,9.27142857142857,1.957142857142857,6295017,0.07562751687576327
2021-05-09,Mecklenburg-Vorpommern,13.657142857142857,9.128571428571428,1.542857142857143,1611160,0.01935626704257586
2021-05-09,Niedersachsen,14.785714285714286,9.628571428571428,1.3857142857142857,8027031,0.096435708182325
2021-05-09,Nordrhein-Westfalen,15.857142857142858,10.342857142857143,2.4714285714285715,17924591,0.21534370889604498
2021-05-09,Rheinland-Pfalz,15.014285714285714,9.914285714285715,1.2857142857142858,4106485,0.04933477759274816
2021-05-09,Saarland,15.928571428571429,10.457142857142857,1.9000000000000001,982348,0.011801801321246995
2021-05-09,Sachsen,15.871428571428572,10.928571428571429,0.7142857142857143,4043002,0.048572101073554634
2021-05-09,Sachsen-Anhalt,15.514285714285714,10,1.5714285714285714,2169253,0.02606112388025324
2021-05-09,Schleswig-Holstein,11.457142857142857,8.457142857142857,5.442857142857143,2922005,0.035104588668873275
2021-05-09,Thüringen,14.114285714285714,9,0.5142857142857142,2108863,0.025335606261456128
2021-05-16,Baden-Württemberg,16.771428571428572,12.214285714285714,2.242857142857143,11124642,0.1336500045340346
2021-05-16,Bayern,17.82857142857143,13.014285714285714,6.114285714285715,13176989,0.15830663490968286
2021-05-16,Berlin,18.771428571428572,15.071428571428571,3.242857142857143,3677472,0.04418067111497029
2021-05-16,Brandenburg,19.32857142857143,14.357142857142858,4.9,2537868,0.03048961662827274
2021-05-16,Bremen,16.914285714285715,12.742857142857142,2.157142857142857,676463,0.008126938648192602
2021-05-16,Gesamt,18.771428571428572,15.071428571428571,3.242857142857143,83237124,1
2021-05-16,Hamburg,15.557142857142857,11.914285714285715,5.242857142857143,1853935,0.022272934370005385
2021-05-16,Hessen,17.071428571428573,12.9,6.185714285714286,6295017,0.07562751687576327
2021-05-16,Mecklenburg-Vorpommern,16.3,12.471428571428572,4.271428571428571,1611160,0.01935626704257586
2021-05-16,Niedersachsen,17.442857142857143,13.357142857142858,3.0428571428571427,8027031,0.096435708182325
2021-05-16,Nordrhein-Westfalen,18.37142857142857,13.485714285714286,2.2142857142857144,17924591,0.21534370889604498
2021-05-16,Rheinland-Pfalz,17.4,12.857142857142858,3.5285714285714285,4106485,0.04933477759274816
2021-05-16,Saarland,16.928571428571427,12.214285714285714,4.614285714285715,982348,0.011801801321246995
2021-05-16,Sachsen,20.12857142857143,15.028571428571428,4.6,4043002,0.048572101073554634
2021-05-16,Sachsen-Anhalt,18.457142857142856,14.085714285714285,2.6142857142857143,2169253,0.02606112388025324
2021-05-16,Schleswig-Holstein,13.82857142857143,11.285714285714285,2.571428571428571,2922005,0.035104588668873275
2021-05-16,Thüringen,16.914285714285715,12.82857142857143,3.2714285714285714,2108863,0.025335606261456128
2021-05-23,Baden-Württemberg,15.814285714285713,11.214285714285715,1.9142857142857144,11124642,0.1336500045340346
2021-05-23,Bayern,15.514285714285714,10.742857142857144,6.014285714285714,13176989,0.15830663490968286
2021-05-23,Berlin,16.32857142857143,12.814285714285713,1,3677472,0.04418067111497029
2021-05-23,Brandenburg,18.37142857142857,12.671428571428573,0.35714285714285715,2537868,0.03048961662827274
2021-05-23,Bremen,15.357142857142858,10.7,2.2,676463,0.008126938648192602
2021-05-23,Gesamt,16.32857142857143,12.814285714285713,1,83237124,1
2021-05-23,Hamburg,15.042857142857143,10.857142857142858,1.9714285714285713,1853935,0.022272934370005385
2021-05-23,Hessen,16.185714285714287,12.014285714285714,2.428571428571429,6295017,0.07562751687576327
2021-05-23,Mecklenburg-Vorpommern,15.814285714285715,11.357142857142858,1.957142857142857,1611160,0.01935626704257586
2021-05-23,Niedersachsen,16.02857142857143,11.514285714285714,1.6428571428571428,8027031,0.096435708182325
2021-05-23,Nordrhein-Westfalen,15.9,11.742857142857144,3.728571428571429,17924591,0.21534370889604498
2021-05-23,Rheinland-Pfalz,16.414285714285715,11.82857142857143,3.1571428571428575,4106485,0.04933477759274816
2021-05-23,Saarland,16.642857142857142,11.342857142857143,6.128571428571428,982348,0.011801801321246995
2021-05-23,Sachsen,17.757142857142856,12.842857142857143,1.8428571428571427,4043002,0.048572101073554634
2021-05-23,Sachsen-Anhalt,17.485714285714288,12.8,1.5,2169253,0.02606112388025324
2021-05-23,Schleswig-Holstein,13.414285714285715,10.757142857142858,1.6285714285714286,2922005,0.035104588668873275
2021-05-23,Thüringen,15.357142857142858,10.928571428571429,1.9428571428571428,2108863,0.025335606261456128
2021-05-30,Baden-Württemberg,16.82857142857143,11.985714285714286,0.8428571428571429,11124642,0.1336500045340346
2021-05-30,Bayern,16.97142857142857,11.82857142857143,2.514285714285714,13176989,0.15830663490968286
2021-05-30,Berlin,16.57142857142857,12.928571428571429,1.5714285714285714,3677472,0.04418067111497029
2021-05-30,Brandenburg,18.314285714285713,12.7,0.8571428571428571,2537868,0.03048961662827274
2021-05-30,Bremen,16.857142857142858,11.428571428571429,1.2,676463,0.008126938648192602
2021-05-30,Gesamt,16.57142857142857,12.928571428571429,1.5714285714285714,83237124,1
2021-05-30,Hamburg,16.242857142857144,11.4,2.6142857142857143,1853935,0.022272934370005385
2021-05-30,Hessen,16.97142857142857,12.128571428571428,3.085714285714286,6295017,0.07562751687576327
2021-05-30,Mecklenburg-Vorpommern,16.84285714285714,12.042857142857143,1.8285714285714285,1611160,0.01935626704257586
2021-05-30,Niedersachsen,17.02857142857143,11.614285714285714,2.4428571428571426,8027031,0.096435708182325
2021-05-30,Nordrhein-Westfalen,17,12.342857142857143,2.6285714285714286,17924591,0.21534370889604498
2021-05-30,Rheinland-Pfalz,17.3,12.128571428571428,1.5142857142857145,4106485,0.04933477759274816
2021-05-30,Saarland,18.071428571428573,12.414285714285715,2.685714285714286,982348,0.011801801321246995
2021-05-30,Sachsen,17.17142857142857,12.314285714285715,1.3428571428571427,4043002,0.048572101073554634
2021-05-30,Sachsen-Anhalt,17.914285714285715,12.642857142857142,1.0571428571428574,2169253,0.02606112388025324
2021-05-30,Schleswig-Holstein,14.528571428571428,11.114285714285714,2.2,2922005,0.035104588668873275
2021-05-30,Thüringen,15.571428571428571,10.742857142857144,2.8857142857142857,2108863,0.025335606261456128
2021-06-06,Baden-Württemberg,22.67142857142857,17.12857142857143,2.6714285714285713,11124642,0.1336500045340346
2021-06-06,Bayern,22.814285714285713,16.52857142857143,7.042857142857143,13176989,0.15830663490968286
2021-06-06,Berlin,24.228571428571428,19.314285714285713,0,3677472,0.04418067111497029
2021-06-06,Brandenburg,26.585714285714285,19.057142857142857,0.1,2537868,0.03048961662827274
2021-06-06,Bremen,23.3,18.042857142857144,2.2714285714285714,676463,0.008126938648192602
2021-06-06,Gesamt,24.228571428571428,19.314285714285713,0,83237124,1
2021-06-06,Hamburg,23.228571428571428,17.957142857142856,0.11428571428571428,1853935,0.022272934370005385
2021-06-06,Hessen,24.385714285714286,18.82857142857143,10.557142857142857,6295017,0.07562751687576327
2021-06-06,Mecklenburg-Vorpommern,24.34285714285714,18.314285714285713,0.1142857142857143,1611160,0.01935626704257586
2021-06-06,Niedersachsen,24.014285714285712,18.242857142857144,2.5714285714285716,8027031,0.096435708182325
2021-06-06,Nordrhein-Westfalen,24.357142857142858,18.97142857142857,1.7857142857142856,17924591,0.21534370889604498
2021-06-06,Rheinland-Pfalz,24.3,18.642857142857142,7.185714285714286,4106485,0.04933477759274816
2021-06-06,Saarland,24.571428571428573,18.5,2.9428571428571426,982348,0.011801801321246995
2021-06-06,Sachsen,25.5,18.57142857142857,0.37142857142857144,4043002,0.048572101073554634
2021-06-06,Sachsen-Anhalt,25.614285714285714,19.37142857142857,3.0285714285714285,2169253,0.02606112388025324
2021-06-06,Schleswig-Holstein,18.114285714285714,15.2,0.842857142857143,2922005,0.035104588668873275
2021-06-06,Thüringen,23.314285714285713,17.514285714285712,3.414285714285714,2108863,0.025335606261456128
2021-06-13,Baden-Württemberg,24.07142857142857,18.428571428571427,2.0142857142857142,11124642,0.1336500045340346
2021-06-13,Bayern,25.099999999999998,19.2,0.21428571428571427,13176989,0.15830663490968286
2021-06-13,Berlin,24.12857142857143,20.02857142857143,0.22857142857142856,3677472,0.04418067111497029
2021-06-13,Brandenburg,26.02857142857143,20.12857142857143,0.18571428571428572,2537868,0.03048961662827274
2021-06-13,Bremen,23.085714285714285,18,0,676463,0.008126938648192602
2021-06-13,Gesamt,24.12857142857143,20.02857142857143,0.22857142857142856,83237124,1
2021-06-13,Hamburg,22.9,17.771428571428572,0.3428571428571428,1853935,0.022272934370005385
2021-06-13,Hessen,24.928571428571427,19.985714285714288,2.457142857142857,6295017,0.07562751687576327
2021-06-13,Mecklenburg-Vorpommern,23.614285714285714,18.54285714285714,0.014285714285714285,1611160,0.01935626704257586
2021-06-13,Niedersachsen,23.142857142857142,17.97142857142857,0.028571428571428574,8027031,0.096435708182325
2021-06-13,Nordrhein-Westfalen,24.814285714285713,18.985714285714288,0,17924591,0.21534370889604498
2021-06-13,Rheinland-Pfalz,24.757142857142856,20.02857142857143,1.1,4106485,0.04933477759274816
2021-06-13,Saarland,26.057142857142857,19.914285714285715,0.3571428571428571,982348,0.011801801321246995
2021-06-13,Sachsen,25.242857142857144,19.571428571428573,1.5714285714285714,4043002,0.048572101073554634
2021-06-13,Sachsen-Anhalt,24.9,19.4,0.11428571428571428,2169253,0.02606112388025324
2021-06-13,Schleswig-Holstein,20.37142857142857,17.057142857142857,0,2922005,0.035104588668873275
2021-06-13,Thüringen,22.67142857142857,17.414285714285715,0.9857142857142857,2108863,0.025335606261456128
2021-06-20,Baden-Württemberg,29.985714285714288,23.142857142857142,2.4000000000000004,11124642,0.1336500045340346
2021-06-20,Bayern,29.642857142857142,22.771428571428572,0,13176989,0.15830663490968286
2021-06-20,Berlin,30.228571428571428,24.67142857142857,0,3677472,0.04418067111497029
2021-06-20,Brandenburg,31.585714285714285,24.2,0.31428571428571433,2537868,0.03048961662827274
2021-06-20,Bremen,27.857142857142858,21.885714285714286,3.7428571428571424,676463,0.008126938648192602
2021-06-20,Gesamt,30.228571428571428,24.67142857142857,0,83237124,1
2021-06-20,Hamburg,28.67142857142857,21.97142857142857,1.8571428571428572,1853935,0.022272934370005385
2021-06-20,Hessen,30.17142857142857,24.414285714285715,0.5,6295017,0.07562751687576327
2021-06-20,Mecklenburg-Vorpommern,28.87142857142857,22.87142857142857,1.6285714285714288,1611160,0.01935626704257586
2021-06-20,Niedersachsen,28.97142857142857,22.714285714285715,4.414285714285714,8027031,0.096435708182325
2021-06-20,Nordrhein-Westfalen,30.142857142857142,23.914285714285715,5.571428571428572,17924591,0.21534370889604498
2021-06-20,Rheinland-Pfalz,30.2,24.414285714285715,0.5285714285714287,4106485,0.04933477759274816
2021-06-20,Saarland,31.62857142857143,23.84285714285714,0.6714285714285714,982348,0.011801801321246995
2021-06-20,Sachsen,31.185714285714287,24.1,0,4043002,0.048572101073554634
2021-06-20,Sachsen-Anhalt,30.257142857142856,23.47142857142857,3,2169253,0.02606112388025324
2021-06-20,Schleswig-Holstein,23.385714285714286,19.2,0.44285714285714284,2922005,0.035104588668873275
2021-06-20,Thüringen,28.87142857142857,22.485714285714288,3.657142857142857,2108863,0.025335606261456128
2021-06-27,Baden-Württemberg,24.057142857142857,19.085714285714285,6.485714285714286,11124642,0.1336500045340346
2021-06-27,Bayern,25.57142857142857,19.757142857142856,19.357142857142858,13176989,0.15830663490968286
2021-06-27,Berlin,23.728571428571428,20.02857142857143,0.2714285714285714,3677472,0.04418067111497029
2021-06-27,Brandenburg,24.67142857142857,19.642857142857142,0.2714285714285714,2537868,0.03048961662827274
2021-06-27,Bremen,21,16.871428571428574,1.7714285714285714,676463,0.008126938648192602
2021-06-27,Gesamt,23.728571428571428,20.02857142857143,0.2714285714285714,83237124,1
2021-06-27,Hamburg,21.214285714285715,16.942857142857143,2.042857142857143,1853935,0.022272934370005385
2021-06-27,Hessen,23.185714285714287,19.12857142857143,6.5,6295017,0.07562751687576327
2021-06-27,Mecklenburg-Vorpommern,22.714285714285715,17.685714285714283,0.08571428571428572,1611160,0.01935626704257586
2021-06-27,Niedersachsen,22.642857142857142,17.614285714285714,2.4285714285714284,8027031,0.096435708182325
2021-06-27,Nordrhein-Westfalen,22.428571428571427,17.614285714285714,1.9142857142857141,17924591,0.21534370889604498
2021-06-27,Rheinland-Pfalz,23.34285714285714,18.728571428571428,2.5714285714285716,4106485,0.04933477759274816
2021-06-27,Saarland,24.014285714285716,19.014285714285716,6.271428571428571,982348,0.011801801321246995
2021-06-27,Sachsen,24.285714285714285,19.814285714285713,4.6571428571428575,4043002,0.048572101073554634
2021-06-27,Sachsen-Anhalt,24.04285714285714,18.914285714285715,0.14285714285714285,2169253,0.02606112388025324
2021-06-27,Schleswig-Holstein,19.285714285714285,16.17142857142857,2.1142857142857148,2922005,0.035104588668873275
2021-06-27,Thüringen,21.47142857142857,17.34285714285714,0.557142857142857,2108863,0.025335606261456128
2021-07-04,Baden-Württemberg,22.82857142857143,17.442857142857143,11.528571428571428,11124642,0.1336500045340346
2021-07-04,Bayern,23.1,17.82857142857143,8.914285714285715,13176989,0.15830663490968286
2021-07-04,Berlin,23.857142857142858,20.3,10.042857142857143,3677472,0.04418067111497029
2021-07-04,Brandenburg,24.67142857142857,20.114285714285714,9.314285714285715,2537868,0.03048961662827274
2021-07-04,Bremen,23.47142857142857,18.32857142857143,2.1714285714285717,676463,0.008126938648192602
2021-07-04,Gesamt,23.857142857142858,20.3,10.042857142857143,83237124,1
2021-07-04,Hamburg,24.099999999999998,19.085714285714285,4.571428571428571,1853935,0.022272934370005385
2021-07-04,Hessen,23.37142857142857,18.84285714285714,4.8999999999999995,6295017,0.07562751687576327
2021-07-04,Mecklenburg-Vorpommern,24.085714285714285,19.385714285714286,4.885714285714286,1611160,0.01935626704257586
2021-07-04,Niedersachsen,22.757142857142856,18.257142857142856,5.871428571428572,8027031,0.096435708182325
2021-07-04,Nordrhein-Westfalen,22.642857142857142,18.085714285714285,10.814285714285715,17924591,0.21534370889604498
2021-07-04,Rheinland-Pfalz,23.985714285714288,18.728571428571428,1.842857142857143,4106485,0.04933477759274816
2021-07-04,Saarland,23.2,17.87142857142857,7.042857142857143,982348,0.011801801321246995
2021-07-04,Sachsen,25.428571428571427,19.97142857142857,6.514285714285716,4043002,0.048572101073554634
2021-07-04,Sachsen-Anhalt,24.02857142857143,19.52857142857143,2.3285714285714283,2169253,0.02606112388025324
2021-07-04,Schleswig-Holstein,21.242857142857144,18.885714285714286,4,2922005,0.035104588668873275
2021-07-04,Thüringen,22.5,17.614285714285714,1,2108863,0.025335606261456128
2021-07-11,Baden-Württemberg,22.814285714285713,17.785714285714285,2.742857142857143,11124642,0.1336500045340346
2021-07-11,Bayern,22.65714285714286,18,7.4714285714285715,13176989,0.15830663490968286
2021-07-11,Berlin,23.614285714285714,20.228571428571428,4.9714285714285715,3677472,0.04418067111497029
2021-07-11,Brandenburg,24.62857142857143,19.5,5.928571428571429,2537868,0.03048961662827274
2021-07-11,Bremen,24.442857142857143,19.1,1.8428571428571427,676463,0.008126938648192602
2021-07-11,Gesamt,23.614285714285714,20.228571428571428,4.9714285714285715,83237124,1
2021-07-11,Hamburg,23.985714285714288,19.3,3.5142857142857147,1853935,0.022272934370005385
2021-07-11,Hessen,23.257142857142856,18.47142857142857,6.457142857142857,6295017,0.07562751687576327
2021-07-11,Mecklenburg-Vorpommern,24.242857142857144,19.457142857142856,4.714285714285714,1611160,0.01935626704257586
2021-07-11,Niedersachsen,23.885714285714286,19.057142857142857,4.742857142857143,8027031,0.096435708182325
2021-07-11,Nordrhein-Westfalen,23.542857142857144,18.7,3.228571428571429,17924591,0.21534370889604498
2021-07-11,Rheinland-Pfalz,23.34285714285714,18.32857142857143,2.6857142857142855,4106485,0.04933477759274816
2021-07-11,Saarland,23.599999999999998,18.157142857142855,4.5,982348,0.011801801321246995
2021-07-11,Sachsen,25.8,19.857142857142858,4.385714285714286,4043002,0.048572101073554634
2021-07-11,Sachsen-Anhalt,24.514285714285712,19.6,1.5714285714285714,2169253,0.02606112388025324
2021-07-11,Schleswig-Holstein,21.67142857142857,19.242857142857144,1.2714285714285714,2922005,0.035104588668873275
2021-07-11,Thüringen,22.014285714285712,17.557142857142857,5.685714285714285,2108863,0.025335606261456128
2021-07-18,Baden-Württemberg,22.685714285714287,18.2,3.4,11124642,0.1336500045340346
2021-07-18,Bayern,22.357142857142858,17.785714285714285,2.5142857142857142,13176989,0.15830663490968286
2021-07-18,Berlin,26.685714285714287,22.757142857142856,0.38571428571428573,3677472,0.04418067111497029
2021-07-18,Brandenburg,27.714285714285715,21.928571428571427,1.2857142857142858,2537868,0.03048961662827274
2021-07-18,Bremen,25.84285714285714,20.599999999999998,1,676463,0.008126938648192602
2021-07-18,Gesamt,26.685714285714287,22.757142857142856,0.38571428571428573,83237124,1
2021-07-18,Hamburg,26.87142857142857,21.6,0.4,1853935,0.022272934370005385
2021-07-18,Hessen,24.357142857142858,19.757142857142856,4.8,6295017,0.07562751687576327
2021-07-18,Mecklenburg-Vorpommern,27.514285714285716,22.242857142857144,0.1285714285714286,1611160,0.01935626704257586
2021-07-18,Niedersachsen,25.428571428571427,20.52857142857143,0.35714285714285715,8027031,0.096435708182325
2021-07-18,Nordrhein-Westfalen,23.485714285714288,19.685714285714287,12.142857142857142,17924591,0.21534370889604498
2021-07-18,Rheinland-Pfalz,23.7,19.128571428571426,5.085714285714286,4106485,0.04933477759274816
2021-07-18,Saarland,23.071428571428573,18.45714285714286,6.571428571428571,982348,0.011801801321246995
2021-07-18,Sachsen,26.54285714285714,21.47142857142857,5.657142857142857,4043002,0.048572101073554634
2021-07-18,Sachsen-Anhalt,27.042857142857144,21.542857142857144,1.3428571428571427,2169253,0.02606112388025324
2021-07-18,Schleswig-Holstein,24.4,21.12857142857143,0,2922005,0.035104588668873275
2021-07-18,Thüringen,24.65714285714286,19.02857142857143,5.385714285714286,2108863,0.025335606261456128
2021-07-25,Baden-Württemberg,25.82857142857143,20.342857142857145,0.45714285714285713,11124642,0.1336500045340346
2021-07-25,Bayern,26.2,20.242857142857144,1.1428571428571428,13176989,0.15830663490968286
2021-07-25,Berlin,23.82857142857143,19.942857142857143,0.38571428571428573,3677472,0.04418067111497029
2021-07-25,Brandenburg,24.9,19.6,0,2537868,0.03048961662827274
2021-07-25,Bremen,22.942857142857143,18.228571428571428,1.3142857142857143,676463,0.008126938648192602
2021-07-25,Gesamt,23.82857142857143,19.942857142857143,0.38571428571428573,83237124,1
2021-07-25,Hamburg,22.542857142857144,18.02857142857143,0.3,1853935,0.022272934370005385
2021-07-25,Hessen,25.84285714285714,20.54285714285714,1.2142857142857142,6295017,0.07562751687576327
2021-07-25,Mecklenburg-Vorpommern,23.5,18.32857142857143,2.9142857142857146,1611160,0.01935626704257586
2021-07-25,Niedersachsen,23.514285714285712,18.2,0.31428571428571433,8027031,0.096435708182325
2021-07-25,Nordrhein-Westfalen,24.257142857142856,18.84285714285714,0.38571428571428573,17924591,0.21534370889604498
2021-07-25,Rheinland-Pfalz,25.785714285714285,20.142857142857142,1,4106485,0.04933477759274816
2021-07-25,Saarland,26.4,20.114285714285714,2.4428571428571426,982348,0.011801801321246995
2021-07-25,Sachsen,25.114285714285714,19.728571428571428,0.22857142857142856,4043002,0.048572101073554634
2021-07-25,Sachsen-Anhalt,25.357142857142858,20.014285714285716,0,2169253,0.02606112388025324
2021-07-25,Schleswig-Holstein,20.4,17.985714285714284,0.39999999999999997,2922005,0.035104588668873275
2021-07-25,Thüringen,24.02857142857143,18.32857142857143,0.07142857142857144,2108863,0.025335606261456128
2021-08-01,Baden-Württemberg,24.15714285714286,18.585714285714285,9.32857142857143,11124642,0.1336500045340346
2021-08-01,Bayern,24.21428571428571,19.47142857142857,7.542857142857143,13176989,0.15830663490968286
2021-08-01,Berlin,24.585714285714285,21.02857142857143,0,3677472,0.04418067111497029
2021-08-01,Brandenburg,26.02857142857143,20.7,1.7285714285714286,2537868,0.03048961662827274
2021-08-01,Bremen,23.65714285714286,18.214285714285715,4.357142857142857,676463,0.008126938648192602
2021-08-01,Gesamt,24.585714285714285,21.02857142857143,0,83237124,1
2021-08-01,Hamburg,23.5,18.742857142857144,2.9142857142857146,1853935,0.022272934370005385
2021-08-01,Hessen,24.3,19.242857142857144,0.3,6295017,0.07562751687576327
2021-08-01,Mecklenburg-Vorpommern,23.728571428571428,18.82857142857143,2.6857142857142855,1611160,0.01935626704257586
2021-08-01,Niedersachsen,24.1,18.97142857142857,0.8714285714285713,8027031,0.096435708182325
2021-08-01,Nordrhein-Westfalen,23.62857142857143,18.728571428571428,5.142857142857143,17924591,0.21534370889604498
2021-08-01,Rheinland-Pfalz,24.32857142857143,19.4,2.3285714285714283,4106485,0.04933477759274816
2021-08-01,Saarland,24.185714285714287,18.557142857142857,1.0571428571428572,982348,0.011801801321246995
2021-08-01,Sachsen,26.885714285714286,20.84285714285714,1.1714285714285715,4043002,0.048572101073554634
2021-08-01,Sachsen-Anhalt,26.728571428571428,20.857142857142858,0.0857142857142857,2169253,0.02606112388025324
2021-08-01,Schleswig-Holstein,20.542857142857144,18.32857142857143,2.9571428571428573,2922005,0.035104588668873275
2021-08-01,Thüringen,23.400000000000002,18.12857142857143,2.9428571428571426,2108863,0.025335606261456128
2021-08-08,Baden-Württemberg,20.871428571428574,16.42857142857143,2.2285714285714286,11124642,0.1336500045340346
2021-08-08,Bayern,22.12857142857143,16.67142857142857,5.328571428571428,13176989,0.15830663490968286
2021-08-08,Berlin,22.357142857142858,18.514285714285716,1.7857142857142858,3677472,0.04418067111497029
2021-08-08,Brandenburg,23.6,17.785714285714285,4.671428571428572,2537868,0.03048961662827274
2021-08-08,Bremen,22.428571428571427,16.714285714285715,1.7571428571428573,676463,0.008126938648192602
2021-08-08,Gesamt,22.357142857142858,18.514285714285716,1.7857142857142858,83237124,1
2021-08-08,Hamburg,21.67142857142857,16.742857142857144,4.542857142857143,1853935,0.022272934370005385
2021-08-08,Hessen,21.557142857142857,17.07142857142857,2.757142857142857,6295017,0.07562751687576327
2021-08-08,Mecklenburg-Vorpommern,22.6,17.542857142857144,1.4142857142857141,1611160,0.01935626704257586
2021-08-08,Niedersachsen,22.314285714285713,17,2.857142857142857,8027031,0.096435708182325
2021-08-08,Nordrhein-Westfalen,21.614285714285714,17.414285714285715,0.9285714285714286,17924591,0.21534370889604498
2021-08-08,Rheinland-Pfalz,21.65714285714286,16.914285714285715,2.928571428571429,4106485,0.04933477759274816
2021-08-08,Saarland,21.67142857142857,16.957142857142856,7.771428571428571,982348,0.011801801321246995
2021-08-08,Sachsen,23.5,17.82857142857143,3.8714285714285714,4043002,0.048572101073554634
2021-08-08,Sachsen-Anhalt,23.557142857142857,18.17142857142857,3.6285714285714286,2169253,0.02606112388025324
2021-08-08,Schleswig-Holstein,19.514285714285716,17.357142857142858,4.699999999999999,2922005,0.035104588668873275
2021-08-08,Thüringen,20.9,16.12857142857143,3.1714285714285717,2108863,0.025335606261456128
2021-08-15,Baden-Württemberg,27.6,20.728571428571428,0.4142857142857143,11124642,0.1336500045340346
2021-08-15,Bayern,28.9,22.285714285714285,1.6714285714285715,13176989,0.15830663490968286
2021-08-15,Berlin,24.900000000000002,20.12857142857143,0.31428571428571433,3677472,0.04418067111497029
2021-08-15,Brandenburg,25.95714285714286,19.67142857142857,0.9,2537868,0.03048961662827274
2021-08-15,Bremen,24.057142857142857,17.885714285714286,2.6142857142857143,676463,0.008126938648192602
2021-08-15,Gesamt,24.900000000000002,20.12857142857143,0.31428571428571433,83237124,1
2021-08-15,Hamburg,23.52857142857143,18.057142857142857,2.742857142857143,1853935,0.022272934370005385
2021-08-15,Hessen,27.057142857142857,20.7,0,6295017,0.07562751687576327
2021-08-15,Mecklenburg-Vorpommern,23.82857142857143,18.214285714285715,0.8714285714285714,1611160,0.01935626704257586
2021-08-15,Niedersachsen,25.014285714285712,18.87142857142857,0.9285714285714285,8027031,0.096435708182325
2021-08-15,Nordrhein-Westfalen,24.57142857142857,18.82857142857143,2.357142857142857,17924591,0.21534370889604498
2021-08-15,Rheinland-Pfalz,27.67142857142857,21.228571428571428,0.45714285714285713,4106485,0.04933477759274816
2021-08-15,Saarland,28.014285714285712,20.928571428571427,0.014285714285714287,982348,0.011801801321246995
2021-08-15,Sachsen,27.242857142857144,20.614285714285714,0.9714285714285713,4043002,0.048572101073554634
2021-08-15,Sachsen-Anhalt,26.728571428571428,20.02857142857143,0.9428571428571428,2169253,0.02606112388025324
2021-08-15,Schleswig-Holstein,21.15714285714286,17.957142857142856,1.6428571428571428,2922005,0.035104588668873275
2021-08-15,Thüringen,25.12857142857143,18.757142857142856,1.7857142857142858,2108863,0.025335606261456128
2021-08-22,Baden-Württemberg,22.12857142857143,17.614285714285714,2.6142857142857143,11124642,0.1336500045340346
2021-08-22,Bayern,22.685714285714287,17.757142857142856,5.357142857142857,13176989,0.15830663490968286
2021-08-22,Berlin,20.4,17.32857142857143,2.585714285714286,3677472,0.04418067111497029
2021-08-22,Brandenburg,21.685714285714287,17.257142857142856,2.2142857142857144,2537868,0.03048961662827274
2021-08-22,Bremen,19.928571428571427,16.414285714285715,2.9857142857142858,676463,0.008126938648192602
2021-08-22,Gesamt,20.4,17.32857142857143,2.585714285714286,83237124,1
2021-08-22,Hamburg,19.257142857142856,15.771428571428572,5,1853935,0.022272934370005385
2021-08-22,Hessen,22.15714285714286,18.085714285714285,2.3285714285714283,6295017,0.07562751687576327
2021-08-22,Mecklenburg-Vorpommern,18.885714285714286,15.714285714285714,2.085714285714286,1611160,0.01935626704257586
2021-08-22,Niedersachsen,20.32857142857143,16.67142857142857,6.485714285714286,8027031,0.096435708182325
2021-08-22,Nordrhein-Westfalen,20.728571428571428,17.114285714285714,2.6285714285714286,17924591,0.21534370889604498
2021-08-22,Rheinland-Pfalz,22.642857142857142,17.928571428571427,1.657142857142857,4106485,0.04933477759274816
2021-08-22,Saarland,22.385714285714286,17.628571428571426,2.285714285714286,982348,0.011801801321246995
2021-08-22,Sachsen,23.17142857142857,18.214285714285715,1.9285714285714286,4043002,0.048572101073554634
2021-08-22,Sachsen-Anhalt,22.014285714285716,17.814285714285713,0.6571428571428573,2169253,0.02606112388025324
2021-08-22,Schleswig-Holstein,17.82857142857143,16.085714285714285,3.8857142857142852,2922005,0.035104588668873275
2021-08-22,Thüringen,20.84285714285714,16.2,4.814285714285714,2108863,0.025335606261456128
2021-08-29,Baden-Württemberg,18.3,14.557142857142857,3.785714285714286,11124642,0.1336500045340346
2021-08-29,Bayern,17.457142857142856,13.957142857142857,6.228571428571429,13176989,0.15830663490968286
2021-08-29,Berlin,18.314285714285713,15.042857142857143,7.542857142857143,3677472,0.04418067111497029
2021-08-29,Brandenburg,19.628571428571426,15.057142857142857,5.714285714285714,2537868,0.03048961662827274
2021-08-29,Bremen,19.785714285714285,15.799999999999999,1.9428571428571428,676463,0.008126938648192602
2021-08-29,Gesamt,18.314285714285713,15.042857142857143,7.542857142857143,83237124,1
2021-08-29,Hamburg,19.057142857142857,15.357142857142858,2.1714285714285717,1853935,0.022272934370005385
2021-08-29,Hessen,20.257142857142856,16.62857142857143,3.1142857142857143,6295017,0.07562751687576327
2021-08-29,Mecklenburg-Vorpommern,18.985714285714284,15.27142857142857,2.8857142857142857,1611160,0.01935626704257586
2021-08-29,Niedersachsen,19.485714285714284,15,4.357142857142857,8027031,0.096435708182325
2021-08-29,Nordrhein-Westfalen,20.285714285714285,16.2,7.271428571428571,17924591,0.21534370889604498
2021-08-29,Rheinland-Pfalz,19.82857142857143,16.071428571428573,1.357142857142857,4106485,0.04933477759274816
2021-08-29,Saarland,20.62857142857143,16.15714285714286,0.6285714285714286,982348,0.011801801321246995
2021-08-29,Sachsen,18.728571428571428,14.428571428571429,7.071428571428572,4043002,0.048572101073554634
2021-08-29,Sachsen-Anhalt,20.57142857142857,15.614285714285714,7.042857142857143,2169253,0.02606112388025324
2021-08-29,Schleswig-Holstein,18.65714285714286,16.428571428571427,4.142857142857142,2922005,0.035104588668873275
2021-08-29,Thüringen,17.557142857142857,13.67142857142857,7.199999999999999,2108863,0.025335606261456128
2021-09-05,Baden-Württemberg,21.8,15.542857142857143,1.5428571428571431,11124642,0.1336500045340346
2021-09-05,Bayern,21.114285714285714,15.071428571428571,2.7571428571428576,13176989,0.15830663490968286
2021-09-05,Berlin,20.4,16.2,2.1428571428571432,3677472,0.04418067111497029
2021-09-05,Brandenburg,20.4,15.285714285714286,0.45714285714285713,2537868,0.03048961662827274
2021-09-05,Bremen,20.914285714285715,15.342857142857143,0,676463,0.008126938648192602
2021-09-05,Gesamt,20.4,16.2,2.1428571428571432,83237124,1
2021-09-05,Hamburg,20.357142857142858,15.6,0,1853935,0.022272934370005385
2021-09-05,Hessen,23.714285714285715,18.34285714285714,0.4285714285714286,6295017,0.07562751687576327
2021-09-05,Mecklenburg-Vorpommern,20.257142857142856,15.628571428571428,0,1611160,0.01935626704257586
2021-09-05,Niedersachsen,20.914285714285715,15.042857142857143,0.014285714285714285,8027031,0.096435708182325
2021-09-05,Nordrhein-Westfalen,22.085714285714285,16.742857142857144,0,17924591,0.21534370889604498
2021-09-05,Rheinland-Pfalz,23.82857142857143,18.099999999999998,0,4106485,0.04933477759274816
2021-09-05,Saarland,24.15714285714286,17.1,0,982348,0.011801801321246995
2021-09-05,Sachsen,21.771428571428572,15.414285714285715,1.7285714285714284,4043002,0.048572101073554634
2021-09-05,Sachsen-Anhalt,21.271428571428572,15.514285714285714,1.2,2169253,0.02606112388025324
2021-09-05,Schleswig-Holstein,19.97142857142857,16.65714285714286,0,2922005,0.035104588668873275
2021-09-05,Thüringen,19.642857142857142,14.857142857142858,2.228571428571429,2108863,0.025335606261456128
2021-09-12,Baden-Württemberg,24.4,17.914285714285715,2.2142857142857144,11124642,0.1336500045340346
2021-09-12,Bayern,24.785714285714285,17.87142857142857,0.6,13176989,0.15830663490968286
2021-09-12,Berlin,23.585714285714285,18.97142857142857,0.34285714285714286,3677472,0.04418067111497029
2021-09-12,Brandenburg,24.34285714285714,18.1,1.7,2537868,0.03048961662827274
2021-09-12,Bremen,23.728571428571428,17.84285714285714,2.842857142857143,676463,0.008126938648192602
2021-09-12,Gesamt,23.585714285714285,18.97142857142857,0.34285714285714286,83237124,1
2021-09-12,Hamburg,22.7,17.514285714285712,2.6,1853935,0.022272934370005385
2021-09-12,Hessen,25.314285714285713,19.914285714285715,1.4,6295017,0.07562751687576327
2021-09-12,Mecklenburg-Vorpommern,22.87142857142857,17.65714285714286,1.5142857142857142,1611160,0.01935626704257586
2021-09-12,Niedersachsen,23.8,18.042857142857144,0.41428571428571426,8027031,0.096435708182325
2021-09-12,Nordrhein-Westfalen,24.42857142857143,18.985714285714284,1.1571428571428573,17924591,0.21534370889604498
2021-09-12,Rheinland-Pfalz,25.3,19.9,0.6142857142857142,4106485,0.04933477759274816
2021-09-12,Saarland,26.15714285714286,18.585714285714285,1.542857142857143,982348,0.011801801321246995
2021-09-12,Sachsen,24.8,18.314285714285713,3.128571428571428,4043002,0.048572101073554634
2021-09-12,Sachsen-Anhalt,25.271428571428572,18.585714285714285,0.11428571428571428,2169253,0.02606112388025324
2021-09-12,Schleswig-Holstein,21.357142857142858,18.02857142857143,0.9714285714285714,2922005,0.035104588668873275
2021-09-12,Thüringen,23.82857142857143,17.771428571428572,0.09999999999999999,2108863,0.025335606261456128
2021-09-19,Baden-Württemberg,21.52857142857143,16.457142857142856,1.4142857142857144,11124642,0.1336500045340346
2021-09-19,Bayern,21.97142857142857,16.357142857142858,2.3857142857142857,13176989,0.15830663490968286
2021-09-19,Berlin,18.8,15.885714285714286,0.8999999999999999,3677472,0.04418067111497029
2021-09-19,Brandenburg,19.114285714285714,15.314285714285713,1.6857142857142857,2537868,0.03048961662827274
2021-09-19,Bremen,19.357142857142858,15.257142857142858,1.8428571428571427,676463,0.008126938648192602
2021-09-19,Gesamt,18.8,15.885714285714286,0.8999999999999999,83237124,1
2021-09-19,Hamburg,17.87142857142857,14.957142857142857,1.6714285714285715,1853935,0.022272934370005385
2021-09-19,Hessen,21.414285714285715,17.04285714285714,3,6295017,0.07562751687576327
2021-09-19,Mecklenburg-Vorpommern,17.442857142857143,14.757142857142858,3.5999999999999996,1611160,0.01935626704257586
2021-09-19,Niedersachsen,19.114285714285714,15.114285714285714,1.042857142857143,8027031,0.096435708182325
2021-09-19,Nordrhein-Westfalen,21.7,16.65714285714286,0.37142857142857144,17924591,0.21534370889604498
2021-09-19,Rheinland-Pfalz,21.442857142857143,17.057142857142857,1.6285714285714286,4106485,0.04933477759274816
2021-09-19,Saarland,22.414285714285715,16.785714285714285,3.2857142857142856,982348,0.011801801321246995
2021-09-19,Sachsen,19.771428571428572,15.971428571428572,1.2857142857142858,4043002,0.048572101073554634
2021-09-19,Sachsen-Anhalt,20.02857142857143,16.2,0.6285714285714286,2169253,0.02606112388025324
2021-09-19,Schleswig-Holstein,17.014285714285716,15.371428571428572,1.7857142857142856,2922005,0.035104588668873275
2021-09-19,Thüringen,19,15.128571428571428,0.7571428571428572,2108863,0.025335606261456128
2021-09-26,Baden-Württemberg,20.62857142857143,14.228571428571428,0.02857142857142857,11124642,0.1336500045340346
2021-09-26,Bayern,20.3,14.542857142857143,2.557142857142858,13176989,0.15830663490968286
2021-09-26,Berlin,18.12857142857143,14.528571428571428,0.38571428571428573,3677472,0.04418067111497029
2021-09-26,Brandenburg,18.9,14.67142857142857,0.15714285714285714,2537868,0.03048961662827274
2021-09-26,Bremen,19.12857142857143,14.728571428571428,0.24285714285714285,676463,0.008126938648192602
2021-09-26,Gesamt,18.12857142857143,14.528571428571428,0.38571428571428573,83237124,1
2021-09-26,Hamburg,18.228571428571428,14.614285714285714,1.3857142857142857,1853935,0.022272934370005385
2021-09-26,Hessen,20.542857142857144,14.928571428571429,0.0857142857142857,6295017,0.07562751687576327
2021-09-26,Mecklenburg-Vorpommern,17.8,14.471428571428572,0.8571428571428571,1611160,0.01935626704257586
2021-09-26,Niedersachsen,18.914285714285715,14.82857142857143,1.2142857142857142,8027031,0.096435708182325
2021-09-26,Nordrhein-Westfalen,20.5,15.2,0.014285714285714287,17924591,0.21534370889604498
2021-09-26,Rheinland-Pfalz,20.285714285714285,15.242857142857144,1.1714285714285715,4106485,0.04933477759274816
2021-09-26,Saarland,21.285714285714285,14.428571428571429,0.3857142857142858,982348,0.011801801321246995
2021-09-26,Sachsen,19.571428571428573,15.157142857142857,1.2142857142857142,4043002,0.048572101073554634
2021-09-26,Sachsen-Anhalt,20.1,15.442857142857143,3.3285714285714287,2169253,0.02606112388025324
2021-09-26,Schleswig-Holstein,17.62857142857143,15.214285714285714,0.6857142857142857,2922005,0.035104588668873275
2021-09-26,Thüringen,19.24285714285714,14.014285714285714,1.3857142857142857,2108863,0.025335606261456128
2021-10-03,Baden-Württemberg,20.057142857142857,13.957142857142857,0.4857142857142857,11124642,0.1336500045340346
2021-10-03,Bayern,20.9,15.114285714285714,0.14285714285714285,13176989,0.15830663490968286
2021-10-03,Berlin,18.12857142857143,14.914285714285715,1.2285714285714284,3677472,0.04418067111497029
2021-10-03,Brandenburg,18.585714285714285,13.971428571428572,2.4714285714285715,2537868,0.03048961662827274
2021-10-03,Bremen,18.62857142857143,14.285714285714286,1.1428571428571428,676463,0.008126938648192602
2021-10-03,Gesamt,18.12857142857143,14.914285714285715,1.2285714285714284,83237124,1
2021-10-03,Hamburg,18.485714285714288,14.82857142857143,1.5000000000000002,1853935,0.022272934370005385
2021-10-03,Hessen,19.214285714285715,14.942857142857143,1.9428571428571428,6295017,0.07562751687576327
2021-10-03,Mecklenburg-Vorpommern,18.085714285714285,14.228571428571428,0.9714285714285714,1611160,0.01935626704257586
2021-10-03,Niedersachsen,18.914285714285715,14.757142857142856,1.3571428571428572,8027031,0.096435708182325
2021-10-03,Nordrhein-Westfalen,18.1,14.057142857142857,3.857142857142857,17924591,0.21534370889604498
2021-10-03,Rheinland-Pfalz,18.585714285714285,14.2,0.9142857142857143,4106485,0.04933477759274816
2021-10-03,Saarland,19.271428571428572,13.67142857142857,1.0142857142857145,982348,0.011801801321246995
2021-10-03,Sachsen,19.914285714285715,14.828571428571427,0.07142857142857144,4043002,0.048572101073554634
2021-10-03,Sachsen-Anhalt,19.685714285714287,14.82857142857143,0.35714285714285715,2169253,0.02606112388025324
2021-10-03,Schleswig-Holstein,17.47142857142857,14.928571428571429,3.857142857142857,2922005,0.035104588668873275
2021-10-03,Thüringen,19.042857142857144,14.071428571428571,0.14285714285714285,2108863,0.025335606261456128
2021-10-10,Baden-Württemberg,14.685714285714287,10.485714285714286,1.7714285714285714,11124642,0.1336500045340346
2021-10-10,Bayern,14.071428571428571,10.3,1.2428571428571429,13176989,0.15830663490968286
2021-10-10,Berlin,15.4,11.67142857142857,1.5857142857142859,3677472,0.04418067111497029
2021-10-10,Brandenburg,15.557142857142857,10.685714285714285,1.5142857142857145,2537868,0.03048961662827274
2021-10-10,Bremen,16.02857142857143,10.914285714285715,0.2,676463,0.008126938648192602
2021-10-10,Gesamt,15.4,11.67142857142857,1.5857142857142859,83237124,1
2021-10-10,Hamburg,15.5,10.799999999999999,0.1,1853935,0.022272934370005385
2021-10-10,Hessen,15.785714285714285,12.1,2,6295017,0.07562751687576327
2021-10-10,Mecklenburg-Vorpommern,15.457142857142857,10.914285714285715,1.6857142857142857,1611160,0.01935626704257586
2021-10-10,Niedersachsen,16.02857142857143,10.914285714285715,0.18571428571428572,8027031,0.096435708182325
2021-10-10,Nordrhein-Westfalen,16.928571428571427,11.814285714285715,1.5714285714285716,17924591,0.21534370889604498
2021-10-10,Rheinland-Pfalz,15.885714285714286,11.542857142857143,0.9,4106485,0.04933477759274816
2021-10-10,Saarland,17.014285714285712,11.071428571428571,0.9714285714285714,982348,0.011801801321246995
2021-10-10,Sachsen,16.7,10.942857142857143,0.1,4043002,0.048572101073554634
2021-10-10,Sachsen-Anhalt,15.67142857142857,10.357142857142858,1.6714285714285715,2169253,0.02606112388025324
2021-10-10,Schleswig-Holstein,15.014285714285714,12.642857142857142,0.5,2922005,0.035104588668873275
2021-10-10,Thüringen,13.628571428571428,9.299999999999999,2.4000000000000004,2108863,0.025335606261456128
2021-10-17,Baden-Württemberg,13.17142857142857,7.7,0.6571428571428573,11124642,0.1336500045340346
2021-10-17,Bayern,12.928571428571429,8.057142857142857,2.4,13176989,0.15830663490968286
2021-10-17,Berlin,12.1,8.871428571428572,0.9428571428571428,3677472,0.04418067111497029
2021-10-17,Brandenburg,12.6,8.685714285714285,0.9,2537868,0.03048961662827274
2021-10-17,Bremen,13.27142857142857,9.842857142857143,2.0428571428571427,676463,0.008126938648192602
2021-10-17,Gesamt,12.1,8.871428571428572,0.9428571428571428,83237124,1
2021-10-17,Hamburg,13.214285714285714,9.82857142857143,3.1,1853935,0.022272934370005385
2021-10-17,Hessen,13.628571428571428,9.042857142857143,1.0285714285714287,6295017,0.07562751687576327
2021-10-17,Mecklenburg-Vorpommern,12.67142857142857,9.471428571428572,1.3714285714285714,1611160,0.01935626704257586
2021-10-17,Niedersachsen,12.957142857142857,9.571428571428571,1.3142857142857143,8027031,0.096435708182325
2021-10-17,Nordrhein-Westfalen,14.471428571428572,9.7,1.114285714285714,17924591,0.21534370889604498
2021-10-17,Rheinland-Pfalz,13.742857142857144,9.414285714285715,1.5,4106485,0.04933477759274816
2021-10-17,Saarland,14.557142857142857,8.442857142857143,0.6428571428571429,982348,0.011801801321246995
2021-10-17,Sachsen,13.285714285714286,8.242857142857142,1.0285714285714285,4043002,0.048572101073554634
2021-10-17,Sachsen-Anhalt,13.442857142857143,9.542857142857143,1.0285714285714285,2169253,0.02606112388025324
2021-10-17,Schleswig-Holstein,12.814285714285715,11.014285714285714,1.8857142857142857,2922005,0.035104588668873275
2021-10-17,Thüringen,11.557142857142857,7.571428571428571,0.7428571428571429,2108863,0.025335606261456128
2021-10-24,Baden-Württemberg,14.928571428571429,9.285714285714285,1.3428571428571427,11124642,0.1336500045340346
2021-10-24,Bayern,14.857142857142858,9.642857142857142,0.4857142857142857,13176989,0.15830663490968286
2021-10-24,Berlin,13.82857142857143,10.7,1.4285714285714284,3677472,0.04418067111497029
2021-10-24,Brandenburg,14.257142857142858,10.042857142857143,0.9142857142857143,2537868,0.03048961662827274
2021-10-24,Bremen,14.17142857142857,10.17142857142857,4.171428571428571,676463,0.008126938648192602
2021-10-24,Gesamt,13.82857142857143,10.7,1.4285714285714284,83237124,1
2021-10-24,Hamburg,13.614285714285714,10.314285714285715,6.071428571428572,1853935,0.022272934370005385
2021-10-24,Hessen,13.585714285714285,9.014285714285714,1.7571428571428573,6295017,0.07562751687576327
2021-10-24,Mecklenburg-Vorpommern,13.442857142857143,10.128571428571428,3.1285714285714286,1611160,0.01935626704257586
2021-10-24,Niedersachsen,14.328571428571427,10.528571428571428,2.3714285714285714,8027031,0.096435708182325
2021-10-24,Nordrhein-Westfalen,15.285714285714285,10.885714285714286,1.8857142857142857,17924591,0.21534370889604498
2021-10-24,Rheinland-Pfalz,13.185714285714285,9.471428571428572,2.142857142857143,4106485,0.04933477759274816
2021-10-24,Saarland,15.285714285714286,9.528571428571428,5.057142857142857,982348,0.011801801321246995
2021-10-24,Sachsen,16.185714285714287,10.985714285714286,0.17142857142857146,4043002,0.048572101073554634
2021-10-24,Sachsen-Anhalt,15.157142857142857,10.814285714285715,0.7285714285714285,2169253,0.02606112388025324
2021-10-24,Schleswig-Holstein,13.27142857142857,11.214285714285714,6.1571428571428575,2922005,0.035104588668873275
2021-10-24,Thüringen,13.757142857142858,8.871428571428572,1.0285714285714287,2108863,0.025335606261456128
2021-10-31,Baden-Württemberg,15.514285714285714,7.5285714285714285,1.3714285714285712,11124642,0.1336500045340346
2021-10-31,Bayern,13.814285714285715,7.557142857142857,0,13176989,0.15830663490968286
2021-10-31,Berlin,14.357142857142858,10.4,0.02857142857142857,3677472,0.04418067111497029
2021-10-31,Brandenburg,14.385714285714286,9.67142857142857,0,2537868,0.03048961662827274
2021-10-31,Bremen,14.814285714285715,11.114285714285714,0.6571428571428573,676463,0.008126938648192602
2021-10-31,Gesamt,14.357142857142858,10.4,0.02857142857142857,83237124,1
2021-10-31,Hamburg,14.957142857142857,11.614285714285714,0.21428571428571427,1853935,0.022272934370005385
2021-10-31,Hessen,11.985714285714286,8.042857142857143,0.5,6295017,0.07562751687576327
2021-10-31,Mecklenburg-Vorpommern,14.571428571428571,11.014285714285714,0.014285714285714285,1611160,0.01935626704257586
2021-10-31,Niedersachsen,15.371428571428572,11.957142857142857,0.02857142857142857,8027031,0.096435708182325
2021-10-31,Nordrhein-Westfalen,16.12857142857143,12.185714285714285,2.4571428571428573,17924591,0.21534370889604498
2021-10-31,Rheinland-Pfalz,11.985714285714286,8.614285714285714,0.8,4106485,0.04933477759274816
2021-10-31,Saarland,16.67142857142857,10.714285714285715,2.3285714285714287,982348,0.011801801321246995
2021-10-31,Sachsen,14.17142857142857,9.471428571428572,0,4043002,0.048572101073554634
2021-10-31,Sachsen-Anhalt,15.642857142857142,10.071428571428571,0,2169253,0.02606112388025324
2021-10-31,Schleswig-Holstein,14.2,12.071428571428571,0.42857142857142855,2922005,0.035104588668873275
2021-10-31,Thüringen,14.1,9.385714285714286,0,2108863,0.025335606261456128
2021-11-07,Baden-Württemberg,9.32857142857143,5.857142857142857,1.2285714285714284,11124642,0.1336500045340346
2021-11-07,Bayern,9.914285714285715,6.1,3.571428571428571,13176989,0.15830663490968286
2021-11-07,Berlin,10,8.485714285714286,6.442857142857143,3677472,0.04418067111497029
2021-11-07,Brandenburg,10.6,7.942857142857143,7.557142857142857,2537868,0.03048961662827274
2021-11-07,Bremen,10.971428571428572,8.385714285714286,1.1714285714285715,676463,0.008126938648192602
2021-11-07,Gesamt,10,8.485714285714286,6.442857142857143,83237124,1
2021-11-07,Hamburg,11.214285714285715,8.542857142857143,4.171428571428571,1853935,0.022272934370005385
2021-11-07,Hessen,9.628571428571428,7.271428571428571,3.057142857142857,6295017,0.07562751687576327
2021-11-07,Mecklenburg-Vorpommern,10.742857142857142,8.542857142857143,4.628571428571428,1611160,0.01935626704257586
2021-11-07,Niedersachsen,10.67142857142857,8.485714285714286,2.557142857142857,8027031,0.096435708182325
2021-11-07,Nordrhein-Westfalen,10.914285714285715,8,1.0571428571428572,17924591,0.21534370889604498
2021-11-07,Rheinland-Pfalz,10.1,7.5,1.8571428571428572,4106485,0.04933477759274816
2021-11-07,Saarland,10.628571428571428,7.414285714285715,3.657142857142857,982348,0.011801801321246995
2021-11-07,Sachsen,10.785714285714286,8.3,7.2,4043002,0.048572101073554634
2021-11-07,Sachsen-Anhalt,11.028571428571428,8.557142857142857,4.4714285714285715,2169253,0.02606112388025324
2021-11-07,Schleswig-Holstein,11.2,9.585714285714285,2.6857142857142855,2922005,0.035104588668873275
2021-11-07,Thüringen,9.471428571428572,7.0285714285714285,4.7,2108863,0.025335606261456128
2021-11-14,Baden-Württemberg,8.557142857142857,3.585714285714286,0.12857142857142856,11124642,0.1336500045340346
2021-11-14,Bayern,7.871428571428572,4.314285714285714,0.7428571428571429,13176989,0.15830663490968286
2021-11-14,Berlin,8.7,6.6000000000000005,0.6,3677472,0.04418067111497029
2021-11-14,Brandenburg,9.271428571428572,5.942857142857143,0.15714285714285714,2537868,0.03048961662827274
2021-11-14,Bremen,9.871428571428572,7.6,0.15714285714285717,676463,0.008126938648192602
2021-11-14,Gesamt,8.7,6.6000000000000005,0.6,83237124,1
2021-11-14,Hamburg,9.72857142857143,7.871428571428571,0.5142857142857143,1853935,0.022272934370005385
2021-11-14,Hessen,7.042857142857143,4.457142857142857,1.0714285714285714,6295017,0.07562751687576327
2021-11-14,Mecklenburg-Vorpommern,9.414285714285715,7.542857142857143,0.2571428571428572,1611160,0.01935626704257586
2021-11-14,Niedersachsen,9.871428571428572,7.071428571428571,0.4142857142857143,8027031,0.096435708182325
2021-11-14,Nordrhein-Westfalen,10.157142857142857,6.5285714285714285,0.4857142857142857,17924591,0.21534370889604498
2021-11-14,Rheinland-Pfalz,6.8999999999999995,4.571428571428571,0.7142857142857143,4106485,0.04933477759274816
2021-11-14,Saarland,8.042857142857143,4.185714285714286,0.7142857142857143,982348,0.011801801321246995
2021-11-14,Sachsen,9.357142857142858,5.842857142857143,0.05714285714285714,4043002,0.048572101073554634
2021-11-14,Sachsen-Anhalt,10,6.3,0,2169253,0.02606112388025324
2021-11-14,Schleswig-Holstein,10.128571428571428,8.757142857142858,0.5857142857142857,2922005,0.035104588668873275
2021-11-14,Thüringen,7.428571428571429,3.9285714285714284,0.07142857142857142,2108863,0.025335606261456128
2021-11-21,Baden-Württemberg,6.342857142857143,4.514285714285714,0.14285714285714285,11124642,0.1336500045340346
2021-11-21,Bayern,6.7,4.185714285714286,0.02857142857142857,13176989,0.15830663490968286
2021-11-21,Berlin,8.728571428571428,7.671428571428572,0.6857142857142856,3677472,0.04418067111497029
2021-11-21,Brandenburg,9.128571428571428,7.542857142857143,0.35714285714285715,2537868,0.03048961662827274
2021-11-21,Bremen,9.485714285714286,7.785714285714286,0.4142857142857143,676463,0.008126938648192602
2021-11-21,Gesamt,8.728571428571428,7.671428571428572,0.6857142857142856,83237124,1
2021-11-21,Hamburg,9.67142857142857,8.028571428571428,0.9428571428571428,1853935,0.022272934370005385
2021-11-21,Hessen,8.371428571428572,6.714285714285714,0.24285714285714285,6295017,0.07562751687576327
2021-11-21,Mecklenburg-Vorpommern,9.17142857142857,7.7,0.7285714285714285,1611160,0.01935626704257586
2021-11-21,Niedersachsen,8.771428571428572,7.4,0.21428571428571427,8027031,0.096435708182325
2021-11-21,Nordrhein-Westfalen,9.428571428571429,7.557142857142857,0.38571428571428573,17924591,0.21534370889604498
2021-11-21,Rheinland-Pfalz,8.314285714285715,6.757142857142857,0.1,4106485,0.04933477759274816
2021-11-21,Saarland,8.485714285714286,6.8,0.3142857142857143,982348,0.011801801321246995
2021-11-21,Sachsen,9.414285714285715,7.6,0.1285714285714286,4043002,0.048572101073554634
2021-11-21,Sachsen-Anhalt,9.4,7.9714285714285715,0.05714285714285715,2169253,0.02606112388025324
2021-11-21,Schleswig-Holstein,10.142857142857142,8.5,0.9857142857142857,2922005,0.035104588668873275
2021-11-21,Thüringen,7.385714285714286,5.7,0.05714285714285714,2108863,0.025335606261456128
2021-11-28,Baden-Württemberg,3.857142857142857,1.0714285714285714,0.7428571428571429,11124642,0.1336500045340346
2021-11-28,Bayern,2.3714285714285714,1,0.8571428571428571,13176989,0.15830663490968286
2021-11-28,Berlin,5.328571428571428,3.8000000000000003,0.3714285714285714,3677472,0.04418067111497029
2021-11-28,Brandenburg,5.685714285714286,3.4,0.6571428571428571,2537868,0.03048961662827274
2021-11-28,Bremen,6.371428571428571,4.214285714285714,0.7,676463,0.008126938648192602
2021-11-28,Gesamt,5.328571428571428,3.8000000000000003,0.3714285714285714,83237124,1
2021-11-28,Hamburg,6.257142857142857,4.3,2.1714285714285713,1853935,0.022272934370005385
2021-11-28,Hessen,5.828571428571428,3.3142857142857145,1.3857142857142857,6295017,0.07562751687576327
2021-11-28,Mecklenburg-Vorpommern,5.628571428571428,4.171428571428572,0.32857142857142857,1611160,0.01935626704257586
2021-11-28,Niedersachsen,5.5,4.042857142857143,0.6571428571428571,8027031,0.096435708182325
2021-11-28,Nordrhein-Westfalen,6.014285714285714,3.7285714285714286,0.7571428571428571,17924591,0.21534370889604498
2021-11-28,Rheinland-Pfalz,4.928571428571429,2.842857142857143,0.4714285714285714,4106485,0.04933477759274816
2021-11-28,Saarland,5.6,2.857142857142857,1.142857142857143,982348,0.011801801321246995
2021-11-28,Sachsen,5.357142857142858,3.1142857142857143,0.05714285714285714,4043002,0.048572101073554634
2021-11-28,Sachsen-Anhalt,6.3999999999999995,4.171428571428572,0.1285714285714286,2169253,0.02606112388025324
2021-11-28,Schleswig-Holstein,6.9714285714285715,5.728571428571429,1.857142857142857,2922005,0.035104588668873275
2021-11-28,Thüringen,4.185714285714286,1.5571428571428572,0.0857142857142857,2108863,0.025335606261456128
2021-12-05,Baden-Württemberg,5.4714285714285715,2.957142857142857,2.3,11124642,0.1336500045340346
2021-12-05,Bayern,5.242857142857143,2.585714285714286,3.2714285714285714,13176989,0.15830663490968286
2021-12-05,Berlin,4.414285714285715,2.757142857142857,2.642857142857143,3677472,0.04418067111497029
2021-12-05,Brandenburg,4.085714285714286,2.0428571428571427,1.7428571428571427,2537868,0.03048961662827274
2021-12-05,Bremen,5.328571428571428,3.1714285714285713,4.3428571428571425,676463,0.008126938648192602
2021-12-05,Gesamt,4.414285714285715,2.757142857142857,2.642857142857143,83237124,1
2021-12-05,Hamburg,4.942857142857143,2.8285714285714287,3.5142857142857142,1853935,0.022272934370005385
2021-12-05,Hessen,5.5,3.2714285714285714,3.428571428571429,6295017,0.07562751687576327
2021-12-05,Mecklenburg-Vorpommern,3.9857142857142858,2.1142857142857143,3.7857142857142856,1611160,0.01935626704257586
2021-12-05,Niedersachsen,5.742857142857143,3.6,2.085714285714286,8027031,0.096435708182325
2021-12-05,Nordrhein-Westfalen,6.671428571428572,4.542857142857143,3.4428571428571426,17924591,0.21534370889604498
2021-12-05,Rheinland-Pfalz,5.228571428571429,3.2285714285714286,2.6,4106485,0.04933477759274816
2021-12-05,Saarland,5.985714285714286,3.8,5.2,982348,0.011801801321246995
2021-12-05,Sachsen,5.585714285714285,3.357142857142857,1.5142857142857142,4043002,0.048572101073554634
2021-12-05,Sachsen-Anhalt,5.914285714285715,3.4,0.6285714285714286,2169253,0.02606112388025324
2021-12-05,Schleswig-Holstein,5.685714285714286,3.8142857142857145,5.3,2922005,0.035104588668873275
2021-12-05,Thüringen,4.0285714285714285,1.9428571428571428,1.6857142857142857,2108863,0.025335606261456128
2021-12-12,Baden-Württemberg,4.4714285714285715,2.0714285714285716,1.6142857142857143,11124642,0.1336500045340346
2021-12-12,Bayern,2.585714285714286,1.0714285714285714,2.4285714285714284,13176989,0.15830663490968286
2021-12-12,Berlin,1.0857142857142859,0,0.7,3677472,0.04418067111497029
2021-12-12,Brandenburg,0.9714285714285714,-0.4857142857142857,0.44285714285714284,2537868,0.03048961662827274
2021-12-12,Bremen,5.057142857142857,2.8000000000000003,0.8285714285714285,676463,0.008126938648192602
2021-12-12,Gesamt,1.0857142857142859,0,0.7,83237124,1
2021-12-12,Hamburg,3.428571428571429,2,0.7285714285714285,1853935,0.022272934370005385
2021-12-12,Hessen,4.6,2.6142857142857143,2.257142857142857,6295017,0.07562751687576327
2021-12-12,Mecklenburg-Vorpommern,2.314285714285714,0.9285714285714285,0.5714285714285714,1611160,0.01935626704257586
2021-12-12,Niedersachsen,4.928571428571429,2.4714285714285715,0.6142857142857143,8027031,0.096435708182325
2021-12-12,Nordrhein-Westfalen,6.1,3.7714285714285714,1.7285714285714284,17924591,0.21534370889604498
2021-12-12,Rheinland-Pfalz,4.4714285714285715,2.6285714285714286,0.8714285714285714,4106485,0.04933477759274816
2021-12-12,Saarland,5.185714285714286,3.414285714285714,2.085714285714286,982348,0.011801801321246995
2021-12-12,Sachsen,2.6142857142857143,0.5428571428571428,1.2285714285714284,4043002,0.048572101073554634
2021-12-12,Sachsen-Anhalt,2.814285714285714,0.7571428571428572,0.45714285714285713,2169253,0.02606112388025324
2021-12-12,Schleswig-Holstein,3.8714285714285714,2.6,0.6857142857142857,2922005,0.035104588668873275
2021-12-12,Thüringen,2.9714285714285715,0.7571428571428571,0.4285714285714286,2108863,0.025335606261456128
2021-12-19,Baden-Württemberg,5.0285714285714285,3.357142857142857,0.014285714285714285,11124642,0.1336500045340346
2021-12-19,Bayern,4.514285714285714,2.5142857142857147,0.1142857142857143,13176989,0.15830663490968286
2021-12-19,Berlin,7.628571428571429,6.585714285714285,0.37142857142857144,3677472,0.04418067111497029
2021-12-19,Brandenburg,7.985714285714286,6.371428571428571,0.6714285714285715,2537868,0.03048961662827274
2021-12-19,Bremen,9.185714285714285,8.057142857142857,0.05714285714285714,676463,0.008126938648192602
2021-12-19,Gesamt,7.628571428571429,6.585714285714285,0.37142857142857144,83237124,1
2021-12-19,Hamburg,9.242857142857142,7.885714285714285,0.2142857142857143,1853935,0.022272934370005385
2021-12-19,Hessen,7.428571428571429,6.071428571428571,0.12857142857142856,6295017,0.07562751687576327
2021-12-19,Mecklenburg-Vorpommern,8.614285714285714,7.057142857142857,0.35714285714285715,1611160,0.01935626704257586
2021-12-19,Niedersachsen,8.585714285714285,7.671428571428572,0.18571428571428572,8027031,0.096435708182325
2021-12-19,Nordrhein-Westfalen,8.6,7.628571428571428,0.1714285714285714,17924591,0.21534370889604498
2021-12-19,Rheinland-Pfalz,7.557142857142857,6.1,0,4106485,0.04933477759274816
2021-12-19,Saarland,8.057142857142857,5.742857142857143,0,982348,0.011801801321246995
2021-12-19,Sachsen,7.5285714285714285,6.242857142857143,0.6857142857142856,4043002,0.048572101073554634
2021-12-19,Sachsen-Anhalt,8.971428571428572,7.371428571428571,0,2169253,0.02606112388025324
2021-12-19,Schleswig-Holstein,8.971428571428572,7.428571428571429,0.18571428571428572,2922005,0.035104588668873275
2021-12-19,Thüringen,6.742857142857143,5.114285714285714,0,2108863,0.025335606261456128
2021-12-26,Baden-Württemberg,5.885714285714285,2.1285714285714286,1.5999999999999999,11124642,0.1336500045340346
2021-12-26,Bayern,4.985714285714286,1.742857142857143,2.4714285714285715,13176989,0.15830663490968286
2021-12-26,Berlin,0.35714285714285715,-1.4714285714285713,1.585714285714286,3677472,0.04418067111497029
2021-12-26,Brandenburg,0.6000000000000001,-2.1428571428571432,2.657142857142857,2537868,0.03048961662827274
2021-12-26,Bremen,1.7428571428571429,-2.342857142857143,2.9714285714285715,676463,0.008126938648192602
2021-12-26,Gesamt,0.35714285714285715,-1.4714285714285713,1.585714285714286,83237124,1
2021-12-26,Hamburg,1.4428571428571428,-2.8,2.0571428571428574,1853935,0.022272934370005385
2021-12-26,Hessen,4.385714285714286,1.5857142857142859,1.8,6295017,0.07562751687576327
2021-12-26,Mecklenburg-Vorpommern,0.4571428571428571,-2.757142857142857,2.5142857142857142,1611160,0.01935626704257586
2021-12-26,Niedersachsen,1.2571428571428573,-2.1142857142857143,2.957142857142857,8027031,0.096435708182325
2021-12-26,Nordrhein-Westfalen,5.871428571428572,2.1285714285714286,1.342857142857143,17924591,0.21534370889604498
2021-12-26,Rheinland-Pfalz,4.6000000000000005,1.4142857142857141,1.0714285714285714,4106485,0.04933477759274816
2021-12-26,Saarland,6.042857142857143,3.142857142857143,2,982348,0.011801801321246995
2021-12-26,Sachsen,2.8142857142857145,-0.3428571428571429,1.5857142857142856,4043002,0.048572101073554634
2021-12-26,Sachsen-Anhalt,2.085714285714286,-1.9571428571428569,1.6999999999999997,2169253,0.02606112388025324
2021-12-26,Schleswig-Holstein,2.3857142857142857,0.5571428571428572,1.0857142857142856,2922005,0.035104588668873275
2021-12-26,Thüringen,1.2571428571428571,-2.542857142857143,0.8857142857142857,2108863,0.025335606261456128
2021-12-31,Baden-Württemberg,12.36,8.92,3.18,11124642,0.1336500045340346
2021-12-31,Bayern,11.98,8.72,4.86,13176989,0.15830663490968286
2021-12-31,Berlin,5.96,3.92,2.36,3677472,0.04418067111497029
2021-12-31,Brandenburg,6.56,4.12,2.1,2537868,0.03048961662827274
2021-12-31,Bremen,8.92,6.68,2.56,676463,0.008126938648192602
2021-12-31,Gesamt,5.96,3.92,2.36,83237124,1
2021-12-31,Hamburg,7.140000000000001,4.9,3.44,1853935,0.022272934370005385
2021-12-31,Hessen,11.02,8.72,5.48,6295017,0.07562751687576327
2021-12-31,Mecklenburg-Vorpommern,5.78,3.5199999999999996,1.88,1611160,0.01935626704257586
2021-12-31,Niedersachsen,9.58,7.28,1.9,8027031,0.096435708182325
2021-12-31,Nordrhein-Westfalen,12.44,10.36,4.44,17924591,0.21534370889604498
2021-12-31,Rheinland-Pfalz,11.78,9.22,3.38,4106485,0.04933477759274816
2021-12-31,Saarland,12.78,10.24,3.5,982348,0.011801801321246995
2021-12-31,Sachsen,8.18,6.18,0.62,4043002,0.048572101073554634
2021-12-31,Sachsen-Anhalt,8.48,6.28,1.16,2169253,0.02606112388025324
2021-12-31,Schleswig-Holstein,5.9,4.06,1.68,2922005,0.035104588668873275
2021-12-31,Thüringen,9.4,6.92,0.64,2108863,0.025335606261456128
2021-01-03,Baden-Württemberg,1.5333333333333332,0.23333333333333334,0.33333333333333337,11124642,0.1336500045340346
2021-01-03,Bayern,1.6,-0.5,0,13176989,0.15830663490968286
2021-01-03,Berlin,2.6999999999999997,1.5,3.1666666666666665,3677472,0.04418067111497029
2021-01-03,Brandenburg,2.2666666666666666,0.8,2.4333333333333336,2537868,0.03048961662827274
2021-01-03,Bremen,4.366666666666666,3.1333333333333333,0.23333333333333334,676463,0.008126938648192602
2021-01-03,Gesamt,2.6999999999999997,1.5,3.1666666666666665,83237124,1
2021-01-03,Hamburg,4.266666666666667,3.4,0.6333333333333333,1853935,0.022272934370005385
2021-01-03,Hessen,3.4,2.1666666666666665,2.2666666666666666,6295017,0.07562751687576327
2021-01-03,Mecklenburg-Vorpommern,3.466666666666667,2.4333333333333336,1,1611160,0.01935626704257586
2021-01-03,Niedersachsen,4.2,2.4333333333333336,2.033333333333333,8027031,0.096435708182325
2021-01-03,Nordrhein-Westfalen,3.7,2.6333333333333333,0.1,17924591,0.21534370889604498
2021-01-03,Rheinland-Pfalz,2.7,1.6333333333333333,0.5666666666666667,4106485,0.04933477759274816
2021-01-03,Saarland,2.9,1.2,0.2666666666666667,982348,0.011801801321246995
2021-01-03,Sachsen,3.1666666666666665,1.8333333333333335,2.466666666666667,4043002,0.048572101073554634
2021-01-03,Sachsen-Anhalt,3.5666666666666664,2.033333333333333,3.3,2169253,0.02606112388025324
2021-01-03,Schleswig-Holstein,3.966666666666667,3.2,0.8333333333333334,2922005,0.035104588668873275
2021-01-03,Thüringen,1.3666666666666667,0.2666666666666667,2.3666666666666667,2108863,0.025335606261456128
2022-01-09,Baden-Württemberg,6.414285714285714,3.8,3.085714285714286,11124642,0.1336500045340346
2022-01-09,Bayern,6.1000000000000005,3.5857142857142863,2.6285714285714286,13176989,0.15830663490968286
2022-01-09,Berlin,5,3.585714285714286,1.6285714285714286,3677472,0.04418067111497029
2022-01-09,Brandenburg,4.714285714285714,2.7,0.9,2537868,0.03048961662827274
2022-01-09,Bremen,6.385714285714286,3.9714285714285715,2.685714285714286,676463,0.008126938648192602
2022-01-09,Gesamt,5,3.585714285714286,1.6285714285714286,83237124,1
2022-01-09,Hamburg,5.985714285714286,3.7714285714285714,3.6857142857142855,1853935,0.022272934370005385
2022-01-09,Hessen,6.557142857142857,4.314285714285714,8.542857142857143,6295017,0.07562751687576327
2022-01-09,Mecklenburg-Vorpommern,4.442857142857143,2.857142857142857,1.7142857142857142,1611160,0.01935626704257586
2022-01-09,Niedersachsen,5.957142857142857,4.128571428571429,1.9857142857142858,8027031,0.096435708182325
2022-01-09,Nordrhein-Westfalen,6.757142857142857,4.742857142857143,4.257142857142857,17924591,0.21534370889604498
2022-01-09,Rheinland-Pfalz,6.300000000000001,4.228571428571429,6.942857142857143,4106485,0.04933477759274816
2022-01-09,Saarland,7.171428571428572,4.771428571428571,10.17142857142857,982348,0.011801801321246995
2022-01-09,Sachsen,5.871428571428571,3.4714285714285715,4.042857142857143,4043002,0.048572101073554634
2022-01-09,Sachsen-Anhalt,5.828571428571429,3.9428571428571426,0.8714285714285714,2169253,0.02606112388025324
2022-01-09,Schleswig-Holstein,5.242857142857143,3.7714285714285714,2.4,2922005,0.035104588668873275
2022-01-09,Thüringen,4.4714285714285715,2.6142857142857143,4.228571428571429,2108863,0.025335606261456128
2022-01-16,Baden-Württemberg,3.8714285714285714,-0.3714285714285714,0.014285714285714285,11124642,0.1336500045340346
2022-01-16,Bayern,2.6714285714285713,-0.28571428571428575,0.014285714285714285,13176989,0.15830663490968286
2022-01-16,Berlin,3.7,2.2,0.08571428571428572,3677472,0.04418067111497029
2022-01-16,Brandenburg,3.814285714285714,1.8999999999999997,0.24285714285714283,2537868,0.03048961662827274
2022-01-16,Bremen,6.242857142857143,3.7142857142857144,0.18571428571428572,676463,0.008126938648192602
2022-01-16,Gesamt,3.7,2.2,0.08571428571428572,83237124,1
2022-01-16,Hamburg,6.242857142857143,4.3428571428571425,0.17142857142857143,1853935,0.022272934370005385
2022-01-16,Hessen,3.357142857142857,1.4142857142857144,0.014285714285714285,6295017,0.07562751687576327
2022-01-16,Mecklenburg-Vorpommern,4.914285714285715,3.0714285714285716,0.05714285714285714,1611160,0.01935626704257586
2022-01-16,Niedersachsen,5.014285714285714,3.185714285714286,0.2,8027031,0.096435708182325
2022-01-16,Nordrhein-Westfalen,4.4714285714285715,2.0428571428571427,0.0857142857142857,17924591,0.21534370889604498
2022-01-16,Rheinland-Pfalz,2.842857142857143,1.042857142857143,0.18571428571428572,4106485,0.04933477759274816
2022-01-16,Saarland,4.371428571428572,0.45714285714285713,0.05714285714285714,982348,0.011801801321246995
2022-01-16,Sachsen,4.871428571428571,2.2142857142857144,0.014285714285714285,4043002,0.048572101073554634
2022-01-16,Sachsen-Anhalt,5.085714285714285,3.057142857142857,0,2169253,0.02606112388025324
2022-01-16,Schleswig-Holstein,6.2,4.614285714285715,0.22857142857142856,2922005,0.035104588668873275
2022-01-16,Thüringen,3.3142857142857145,1.1285714285714286,0.02857142857142857,2108863,0.025335606261456128
2022-01-23,Baden-Württemberg,4.557142857142857,2.157142857142857,0.3,11124642,0.1336500045340346
2022-01-23,Bayern,3.7857142857142856,1.3857142857142857,1.0714285714285714,13176989,0.15830663490968286
2022-01-23,Berlin,4.185714285714286,2.6,0.8142857142857143,3677472,0.04418067111497029
2022-01-23,Brandenburg,4.8428571428571425,2.5142857142857142,1.457142857142857,2537868,0.03048961662827274
2022-01-23,Bremen,6.714285714285714,4.642857142857143,1.2142857142857144,676463,0.008126938648192602
2022-01-23,Gesamt,4.185714285714286,2.6,0.8142857142857143,83237124,1
2022-01-23,Hamburg,6.571428571428571,4.628571428571428,0.7285714285714286,1853935,0.022272934370005385
2022-01-23,Hessen,5.857142857142858,4.214285714285714,0.6142857142857143,6295017,0.07562751687576327
2022-01-23,Mecklenburg-Vorpommern,5.728571428571429,3.6857142857142855,0.7,1611160,0.01935626704257586
2022-01-23,Niedersachsen,6.114285714285714,4.071428571428571,1.0999999999999999,8027031,0.096435708182325
2022-01-23,Nordrhein-Westfalen,6.3428571428571425,4.585714285714285,0.37142857142857144,17924591,0.21534370889604498
2022-01-23,Rheinland-Pfalz,5.5,3.8714285714285714,0.24285714285714285,4106485,0.04933477759274816
2022-01-23,Saarland,5.714285714285714,3.5714285714285716,0.3428571428571428,982348,0.011801801321246995
2022-01-23,Sachsen,4.771428571428571,2.857142857142857,1.9714285714285713,4043002,0.048572101073554634
2022-01-23,Sachsen-Anhalt,6.085714285714285,3.8285714285714287,0.9714285714285714,2169253,0.02606112388025324
2022-01-23,Schleswig-Holstein,6.271428571428571,4.557142857142857,0.6571428571428571,2922005,0.035104588668873275
2022-01-23,Thüringen,4.285714285714286,2.3142857142857145,0.6428571428571429,2108863,0.025335606261456128
2022-01-30,Baden-Württemberg,4.828571428571428,1.357142857142857,0.24285714285714285,11124642,0.1336500045340346
2022-01-30,Bayern,5.385714285714286,1.7571428571428573,0.5142857142857142,13176989,0.15830663490968286
2022-01-30,Berlin,5.914285714285715,4.6571428571428575,1.642857142857143,3677472,0.04418067111497029
2022-01-30,Brandenburg,5.8999999999999995,4.185714285714286,1.2285714285714286,2537868,0.03048961662827274
2022-01-30,Bremen,7.1571428571428575,5.114285714285715,0.7999999999999999,676463,0.008126938648192602
2022-01-30,Gesamt,5.914285714285715,4.6571428571428575,1.642857142857143,83237124,1
2022-01-30,Hamburg,7.0285714285714285,5.271428571428571,0.9285714285714286,1853935,0.022272934370005385
2022-01-30,Hessen,5.4714285714285715,3.4428571428571426,0.3142857142857143,6295017,0.07562751687576327
2022-01-30,Mecklenburg-Vorpommern,6.6,4.728571428571429,0.8857142857142857,1611160,0.01935626704257586
2022-01-30,Niedersachsen,6.314285714285714,4.5,1.1,8027031,0.096435708182325
2022-01-30,Nordrhein-Westfalen,6.885714285714286,4.9,0.9285714285714285,17924591,0.21534370889604498
2022-01-30,Rheinland-Pfalz,5.142857142857142,3.157142857142857,0.34285714285714286,4106485,0.04933477759274816
2022-01-30,Saarland,4.828571428571428,2.1714285714285717,0.8714285714285714,982348,0.011801801321246995
2022-01-30,Sachsen,5.8428571428571425,4.228571428571429,0.5142857142857143,4043002,0.048572101073554634
2022-01-30,Sachsen-Anhalt,6.757142857142857,4.857142857142857,0.4714285714285714,2169253,0.02606112388025324
2022-01-30,Schleswig-Holstein,7.0285714285714285,5.614285714285714,1.0142857142857145,2922005,0.035104588668873275
2022-01-30,Thüringen,4.314285714285714,2.4285714285714284,0.7714285714285715,2108863,0.025335606261456128
2022-02-06,Baden-Württemberg,7.1571428571428575,4.442857142857143,2.9857142857142853,11124642,0.1336500045340346
2022-02-06,Bayern,6.514285714285714,3.8714285714285714,2.6,13176989,0.15830663490968286
2022-02-06,Berlin,5.985714285714286,4.371428571428571,3.0428571428571427,3677472,0.04418067111497029
2022-02-06,Brandenburg,6.242857142857143,4.057142857142857,2.3142857142857145,2537868,0.03048961662827274
2022-02-06,Bremen,7.585714285714285,5.171428571428572,5.442857142857143,676463,0.008126938648192602
2022-02-06,Gesamt,5.985714285714286,4.371428571428571,3.0428571428571427,83237124,1
2022-02-06,Hamburg,7.085714285714285,4.871428571428572,6.785714285714286,1853935,0.022272934370005385
2022-02-06,Hessen,7.271428571428571,4.985714285714286,4.128571428571428,6295017,0.07562751687576327
2022-02-06,Mecklenburg-Vorpommern,6.285714285714286,4.228571428571429,5.757142857142857,1611160,0.01935626704257586
2022-02-06,Niedersachsen,7.3428571428571425,4.928571428571429,4.171428571428572,8027031,0.096435708182325
2022-02-06,Nordrhein-Westfalen,8.514285714285714,6.314285714285714,3.9857142857142858,17924591,0.21534370889604498
2022-02-06,Rheinland-Pfalz,7.4,5.285714285714286,3.4857142857142858,4106485,0.04933477759274816
2022-02-06,Saarland,8.042857142857143,5.542857142857143,7.185714285714286,982348,0.011801801321246995
2022-02-06,Sachsen,6.942857142857143,4.685714285714286,2.142857142857143,4043002,0.048572101073554634
2022-02-06,Sachsen-Anhalt,7.228571428571429,4.785714285714286,2.2714285714285714,2169253,0.02606112388025324
2022-02-06,Schleswig-Holstein,6.671428571428571,4.828571428571428,5.2,2922005,0.035104588668873275
2022-02-06,Thüringen,5.814285714285714,3.4857142857142858,1.5142857142857142,2108863,0.025335606261456128
2022-02-13,Baden-Württemberg,9.4,3.7,0.07142857142857144,11124642,0.1336500045340346
2022-02-13,Bayern,9.242857142857144,3.9,0.7000000000000001,13176989,0.15830663490968286
2022-02-13,Berlin,7.1571428571428575,4.885714285714286,1.0142857142857142,3677472,0.04418067111497029
2022-02-13,Brandenburg,7.7,4.428571428571429,0.37142857142857144,2537868,0.03048961662827274
2022-02-13,Bremen,7.728571428571429,5.042857142857143,1.2428571428571429,676463,0.008126938648192602
2022-02-13,Gesamt,7.1571428571428575,4.885714285714286,1.0142857142857142,83237124,1
2022-02-13,Hamburg,7.428571428571429,4.885714285714286,1.9,1853935,0.022272934370005385
2022-02-13,Hessen,8.071428571428571,3.8,1.3142857142857143,6295017,0.07562751687576327
2022-02-13,Mecklenburg-Vorpommern,7.014285714285714,4.0285714285714285,1.6285714285714286,1611160,0.01935626704257586
2022-02-13,Niedersachsen,7.8428571428571425,5.185714285714286,0.6285714285714286,8027031,0.096435708182325
2022-02-13,Nordrhein-Westfalen,9.114285714285714,5.771428571428571,0.7571428571428572,17924591,0.21534370889604498
2022-02-13,Rheinland-Pfalz,8.042857142857143,4.571428571428571,0.7142857142857143,4106485,0.04933477759274816
2022-02-13,Saarland,9,4.385714285714286,0.3,982348,0.011801801321246995
2022-02-13,Sachsen,8.67142857142857,5.271428571428571,1.0571428571428572,4043002,0.048572101073554634
2022-02-13,Sachsen-Anhalt,8.371428571428572,5.214285714285714,0.34285714285714286,2169253,0.02606112388025324
2022-02-13,Schleswig-Holstein,6.485714285714286,4.8,0.7571428571428571,2922005,0.035104588668873275
2022-02-13,Thüringen,6.699999999999999,3.6714285714285713,1.457142857142857,2108863,0.025335606261456128
2022-02-20,Baden-Württemberg,11.4,7.657142857142857,0.9714285714285714,11124642,0.1336500045340346
2022-02-20,Bayern,11.32857142857143,7.3,1.1142857142857143,13176989,0.15830663490968286
2022-02-20,Berlin,9.928571428571429,6.871428571428571,3.7714285714285714,3677472,0.04418067111497029
2022-02-20,Brandenburg,10.585714285714285,6.542857142857143,3.0857142857142854,2537868,0.03048961662827274
2022-02-20,Bremen,10.542857142857143,7.371428571428572,5.685714285714286,676463,0.008126938648192602
2022-02-20,Gesamt,9.928571428571429,6.871428571428571,3.7714285714285714,83237124,1
2022-02-20,Hamburg,10.22857142857143,6.957142857142857,11.028571428571428,1853935,0.022272934370005385
2022-02-20,Hessen,11.085714285714285,7.757142857142857,2.642857142857143,6295017,0.07562751687576327
2022-02-20,Mecklenburg-Vorpommern,9.528571428571428,6.228571428571429,7.428571428571429,1611160,0.01935626704257586
2022-02-20,Niedersachsen,11.042857142857143,7.628571428571429,3.657142857142857,8027031,0.096435708182325
2022-02-20,Nordrhein-Westfalen,11.885714285714286,8.72857142857143,3.8285714285714283,17924591,0.21534370889604498
2022-02-20,Rheinland-Pfalz,11.057142857142857,8.042857142857143,0.8571428571428572,4106485,0.04933477759274816
2022-02-20,Saarland,10.871428571428572,8.071428571428571,4.014285714285714,982348,0.011801801321246995
2022-02-20,Sachsen,12,7.4714285714285715,1.8714285714285714,4043002,0.048572101073554634
2022-02-20,Sachsen-Anhalt,11.642857142857142,7.585714285714285,3.5714285714285716,2169253,0.02606112388025324
2022-02-20,Schleswig-Holstein,8.757142857142858,6.1,8.785714285714286,2922005,0.035104588668873275
2022-02-20,Thüringen,10.428571428571429,6.371428571428571,1.5999999999999999,2108863,0.025335606261456128
2022-02-27,Baden-Württemberg,9.242857142857144,4.557142857142857,0.4714285714285714,11124642,0.1336500045340346
2022-02-27,Bayern,8.471428571428572,4.314285714285714,0.6428571428571428,13176989,0.15830663490968286
2022-02-27,Berlin,7.928571428571429,5.2,1.657142857142857,3677472,0.04418067111497029
2022-02-27,Brandenburg,8.542857142857143,4.428571428571429,0.6285714285714286,2537868,0.03048961662827274
2022-02-27,Bremen,8.971428571428572,5.071428571428571,2.0142857142857142,676463,0.008126938648192602
2022-02-27,Gesamt,7.928571428571429,5.2,1.657142857142857,83237124,1
2022-02-27,Hamburg,8.957142857142857,5.242857142857143,2.3285714285714287,1853935,0.022272934370005385
2022-02-27,Hessen,9.1,5.3428571428571425,2.0142857142857147,6295017,0.07562751687576327
2022-02-27,Mecklenburg-Vorpommern,8.414285714285715,4.571428571428571,1.2142857142857142,1611160,0.01935626704257586
2022-02-27,Niedersachsen,9.114285714285714,4.857142857142857,1.4857142857142858,8027031,0.096435708182325
2022-02-27,Nordrhein-Westfalen,9.457142857142857,5.257142857142857,1.642857142857143,17924591,0.21534370889604498
2022-02-27,Rheinland-Pfalz,9.028571428571428,5.4,0.8142857142857143,4106485,0.04933477759274816
2022-02-27,Saarland,8.6,4.285714285714286,1.2857142857142858,982348,0.011801801321246995
2022-02-27,Sachsen,9.485714285714286,5.357142857142857,0.6285714285714286,4043002,0.048572101073554634
2022-02-27,Sachsen-Anhalt,9.357142857142858,4.9714285714285715,0.6,2169253,0.02606112388025324
2022-02-27,Schleswig-Holstein,7.785714285714286,5.085714285714285,2.842857142857143,2922005,0.035104588668873275
2022-02-27,Thüringen,7.9714285714285715,3.8857142857142857,0.2,2108863,0.025335606261456128
2022-03-06,Baden-Württemberg,7.571428571428571,1.1428571428571428,0,11124642,0.1336500045340346
2022-03-06,Bayern,6.3999999999999995,0.9428571428571428,0,13176989,0.15830663490968286
2022-03-06,Berlin,5.357142857142858,1.6142857142857143,0,3677472,0.04418067111497029
2022-03-06,Brandenburg,5.314285714285714,0.7571428571428571,0,2537868,0.03048961662827274
2022-03-06,Bremen,7.5285714285714285,2.585714285714286,0,676463,0.008126938648192602
2022-03-06,Gesamt,5.357142857142858,1.6142857142857143,0,83237124,1
2022-03-06,Hamburg,6.7,1.7571428571428571,0,1853935,0.022272934370005385
2022-03-06,Hessen,8.4,3.757142857142857,0,6295017,0.07562751687576327
2022-03-06,Mecklenburg-Vorpommern,5.7,1.2714285714285716,0,1611160,0.01935626704257586
2022-03-06,Niedersachsen,6.757142857142857,1.9857142857142858,0,8027031,0.096435708182325
2022-03-06,Nordrhein-Westfalen,10.928571428571429,4.185714285714286,0,17924591,0.21534370889604498
2022-03-06,Rheinland-Pfalz,8.1,3.2285714285714286,0,4106485,0.04933477759274816
2022-03-06,Saarland,10.271428571428572,3.157142857142857,0,982348,0.011801801321246995
2022-03-06,Sachsen,5.928571428571429,0.5857142857142857,0.02857142857142857,4043002,0.048572101073554634
2022-03-06,Sachsen-Anhalt,5.7,1.2428571428571429,0,2169253,0.02606112388025324
2022-03-06,Schleswig-Holstein,4.685714285714286,2.414285714285714,0,2922005,0.035104588668873275
2022-03-06,Thüringen,4.314285714285714,-0.014285714285714315,0,2108863,0.025335606261456128
2022-03-13,Baden-Württemberg,11.757142857142856,3.5999999999999996,0.31428571428571433,11124642,0.1336500045340346
2022-03-13,Bayern,10.214285714285715,3.128571428571429,0,13176989,0.15830663490968286
2022-03-13,Berlin,9.685714285714285,4.314285714285714,0,3677472,0.04418067111497029
2022-03-13,Brandenburg,11.028571428571428,3.9714285714285715,0,2537868,0.03048961662827274
2022-03-13,Bremen,11.714285714285715,5.214285714285714,0,676463,0.008126938648192602
2022-03-13,Gesamt,9.685714285714285,4.314285714285714,0,83237124,1
2022-03-13,Hamburg,11.114285714285714,4.728571428571429,0,1853935,0.022272934370005385
2022-03-13,Hessen,11.6,5.685714285714286,0,6295017,0.07562751687576327
2022-03-13,Mecklenburg-Vorpommern,11.214285714285715,4.4,0,1611160,0.01935626704257586
2022-03-13,Niedersachsen,11.457142857142857,4.485714285714286,0,8027031,0.096435708182325
2022-03-13,Nordrhein-Westfalen,13.771428571428572,8.071428571428571,0.6428571428571429,17924591,0.21534370889604498
2022-03-13,Rheinland-Pfalz,11.214285714285714,5.642857142857143,0.4857142857142857,4106485,0.04933477759274816
2022-03-13,Saarland,13.342857142857143,6.285714285714286,0.6142857142857143,982348,0.011801801321246995
2022-03-13,Sachsen,10.042857142857143,3.5714285714285716,0,4043002,0.048572101073554634
2022-03-13,Sachsen-Anhalt,11.357142857142858,4.142857142857142,0,2169253,0.02606112388025324
2022-03-13,Schleswig-Holstein,8.914285714285715,4.8428571428571425,0,2922005,0.035104588668873275
2022-03-13,Thüringen,10.342857142857143,3.157142857142857,0,2108863,0.025335606261456128
2022-03-20,Baden-Württemberg,12.32857142857143,7.5,0.5857142857142857,11124642,0.1336500045340346
2022-03-20,Bayern,11.871428571428572,7.285714285714286,0.47142857142857136,13176989,0.15830663490968286
2022-03-20,Berlin,12.271428571428572,7.757142857142857,0.37142857142857144,3677472,0.04418067111497029
2022-03-20,Brandenburg,12.714285714285714,6.957142857142857,0.18571428571428572,2537868,0.03048961662827274
2022-03-20,Bremen,12.057142857142857,6.8,0.9857142857142857,676463,0.008126938648192602
2022-03-20,Gesamt,12.271428571428572,7.757142857142857,0.37142857142857144,83237124,1
2022-03-20,Hamburg,11.257142857142856,6.2,0.7857142857142858,1853935,0.022272934370005385
2022-03-20,Hessen,12.014285714285714,8.22857142857143,2.157142857142857,6295017,0.07562751687576327
2022-03-20,Mecklenburg-Vorpommern,11.257142857142858,5.814285714285714,0.21428571428571427,1611160,0.01935626704257586
2022-03-20,Niedersachsen,11.82857142857143,6.385714285714286,0.6571428571428571,8027031,0.096435708182325
2022-03-20,Nordrhein-Westfalen,12.957142857142857,8.242857142857144,0.37142857142857144,17924591,0.21534370889604498
2022-03-20,Rheinland-Pfalz,11.471428571428572,7.685714285714286,1.9285714285714286,4106485,0.04933477759274816
2022-03-20,Saarland,12.657142857142857,8.67142857142857,1.1285714285714288,982348,0.011801801321246995
2022-03-20,Sachsen,12.985714285714286,7.285714285714286,0.9714285714285715,4043002,0.048572101073554634
2022-03-20,Sachsen-Anhalt,12.571428571428571,6.7,0.31428571428571433,2169253,0.02606112388025324
2022-03-20,Schleswig-Holstein,7.885714285714285,5.114285714285714,0.2857142857142857,2922005,0.035104588668873275
2022-03-20,Thüringen,10.1,5.171428571428572,1.4,2108863,0.025335606261456128
2022-03-27,Baden-Württemberg,18.014285714285712,8.928571428571429,0,11124642,0.1336500045340346
2022-03-27,Bayern,17.8,9.457142857142857,0,13176989,0.15830663490968286
2022-03-27,Berlin,15.557142857142857,9.514285714285714,0,3677472,0.04418067111497029
2022-03-27,Brandenburg,16.757142857142856,8.971428571428572,0,2537868,0.03048961662827274
2022-03-27,Bremen,16.685714285714287,9.142857142857142,0,676463,0.008126938648192602
2022-03-27,Gesamt,15.557142857142857,9.514285714285714,0,83237124,1
2022-03-27,Hamburg,15.571428571428571,8.585714285714285,0,1853935,0.022272934370005385
2022-03-27,Hessen,18.12857142857143,11.342857142857143,0,6295017,0.07562751687576327
2022-03-27,Mecklenburg-Vorpommern,15.085714285714285,8.285714285714285,0,1611160,0.01935626704257586
2022-03-27,Niedersachsen,16.457142857142856,8.657142857142857,0,8027031,0.096435708182325
2022-03-27,Nordrhein-Westfalen,18.32857142857143,10.814285714285715,0,17924591,0.21534370889604498
2022-03-27,Rheinland-Pfalz,17.857142857142858,11.985714285714286,0,4106485,0.04933477759274816
2022-03-27,Saarland,19.557142857142857,10.357142857142858,0,982348,0.011801801321246995
2022-03-27,Sachsen,17.214285714285715,8.514285714285714,0,4043002,0.048572101073554634
2022-03-27,Sachsen-Anhalt,16.942857142857143,9.042857142857143,0,2169253,0.02606112388025324
2022-03-27,Schleswig-Holstein,13.114285714285714,8.614285714285714,0,2922005,0.035104588668873275
2022-03-27,Thüringen,15.3,8.214285714285715,0,2108863,0.025335606261456128
2022-04-03,Baden-Württemberg,9.414285714285715,5.357142857142857,3.4857142857142858,11124642,0.1336500045340346
2022-04-03,Bayern,9.857142857142858,6.385714285714285,4.314285714285714,13176989,0.15830663490968286
2022-04-03,Berlin,8.2,4.785714285714286,0.05714285714285714,3677472,0.04418067111497029
2022-04-03,Brandenburg,10.314285714285715,4.885714285714286,0,2537868,0.03048961662827274
2022-04-03,Bremen,7.457142857142857,4.128571428571429,0.8999999999999999,676463,0.008126938648192602
2022-04-03,Gesamt,8.2,4.785714285714286,0.05714285714285714,83237124,1
2022-04-03,Hamburg,7.371428571428571,3.857142857142857,1.9428571428571428,1853935,0.022272934370005385
2022-04-03,Hessen,10.071428571428571,6.814285714285714,3.7857142857142856,6295017,0.07562751687576327
2022-04-03,Mecklenburg-Vorpommern,7.628571428571428,3.8714285714285714,0.05714285714285714,1611160,0.01935626704257586
2022-04-03,Niedersachsen,7.9714285714285715,3.414285714285714,0.8285714285714286,8027031,0.096435708182325
2022-04-03,Nordrhein-Westfalen,9.485714285714286,5.785714285714286,1.7571428571428571,17924591,0.21534370889604498
2022-04-03,Rheinland-Pfalz,9.857142857142858,6.5285714285714285,1.5571428571428572,4106485,0.04933477759274816
2022-04-03,Saarland,10.657142857142857,6.628571428571428,1.2285714285714284,982348,0.011801801321246995
2022-04-03,Sachsen,8.428571428571429,4.9,1.3428571428571427,4043002,0.048572101073554634
2022-04-03,Sachsen-Anhalt,9.642857142857142,4.7,0.08571428571428572,2169253,0.02606112388025324
2022-04-03,Schleswig-Holstein,5.785714285714286,4.014285714285714,0.8571428571428571,2922005,0.035104588668873275
2022-04-03,Thüringen,7.071428571428571,3.271428571428572,2.5,2108863,0.025335606261456128
2022-04-10,Baden-Württemberg,11.128571428571428,6.5285714285714285,5.428571428571428,11124642,0.1336500045340346
2022-04-10,Bayern,12.314285714285715,7.314285714285714,2.3857142857142857,13176989,0.15830663490968286
2022-04-10,Berlin,9.32857142857143,6.871428571428571,3.4,3677472,0.04418067111497029
2022-04-10,Brandenburg,10.671428571428573,6.5,3.1857142857142855,2537868,0.03048961662827274
2022-04-10,Bremen,9.585714285714285,6.257142857142857,4.271428571428571,676463,0.008126938648192602
2022-04-10,Gesamt,9.32857142857143,6.871428571428571,3.4,83237124,1
2022-04-10,Hamburg,8.714285714285715,5.914285714285715,5.871428571428571,1853935,0.022272934370005385
2022-04-10,Hessen,10.871428571428572,7.0285714285714285,5.3428571428571425,6295017,0.07562751687576327
2022-04-10,Mecklenburg-Vorpommern,8.985714285714286,5.628571428571429,3.757142857142857,1611160,0.01935626704257586
2022-04-10,Niedersachsen,9.3,6.371428571428571,4.585714285714285,8027031,0.096435708182325
2022-04-10,Nordrhein-Westfalen,11.042857142857143,7.485714285714286,5.542857142857144,17924591,0.21534370889604498
2022-04-10,Rheinland-Pfalz,10.82857142857143,7.142857142857142,3.4857142857142858,4106485,0.04933477759274816
2022-04-10,Saarland,11.114285714285714,6.614285714285714,10.157142857142857,982348,0.011801801321246995
2022-04-10,Sachsen,12.014285714285714,7.871428571428571,2.0428571428571427,4043002,0.048572101073554634
2022-04-10,Sachsen-Anhalt,10.585714285714285,7.2,2.9571428571428573,2169253,0.02606112388025324
2022-04-10,Schleswig-Holstein,7.571428571428571,5.4,6.185714285714285,2922005,0.035104588668873275
2022-04-10,Thüringen,9.542857142857143,5.771428571428571,2.057142857142857,2108863,0.025335606261456128
2022-04-17,Baden-Württemberg,18.428571428571427,11.457142857142857,0,11124642,0.1336500045340346
2022-04-17,Bayern,17.228571428571428,10.857142857142858,0.557142857142857,13176989,0.15830663490968286
2022-04-17,Berlin,14.2,9.542857142857143,0.9,3677472,0.04418067111497029
2022-04-17,Brandenburg,15.485714285714286,9.285714285714286,0.5,2537868,0.03048961662827274
2022-04-17,Bremen,16.042857142857144,10.242857142857142,0.42857142857142855,676463,0.008126938648192602
2022-04-17,Gesamt,14.2,9.542857142857143,0.9,83237124,1
2022-04-17,Hamburg,14.985714285714286,9.542857142857143,1.1714285714285715,1853935,0.022272934370005385
2022-04-17,Hessen,18.34285714285714,12.628571428571428,0,6295017,0.07562751687576327
2022-04-17,Mecklenburg-Vorpommern,14.457142857142857,8.971428571428572,1.0571428571428572,1611160,0.01935626704257586
2022-04-17,Niedersachsen,15.9,10.22857142857143,0.21428571428571427,8027031,0.096435708182325
2022-04-17,Nordrhein-Westfalen,18.15714285714286,12.242857142857142,0.15714285714285717,17924591,0.21534370889604498
2022-04-17,Rheinland-Pfalz,18.357142857142858,12.642857142857142,0.014285714285714287,4106485,0.04933477759274816
2022-04-17,Saarland,19.97142857142857,13.2,0,982348,0.011801801321246995
2022-04-17,Sachsen,15.914285714285715,9.728571428571428,0.3,4043002,0.048572101073554634
2022-04-17,Sachsen-Anhalt,15.771428571428572,9.742857142857144,1.042857142857143,2169253,0.02606112388025324
2022-04-17,Schleswig-Holstein,11.371428571428572,7.928571428571429,0,2922005,0.035104588668873275
2022-04-17,Thüringen,14.32857142857143,9.1,0.05714285714285714,2108863,0.025335606261456128
2022-04-24,Baden-Württemberg,15.328571428571427,9.657142857142857,4.171428571428572,11124642,0.1336500045340346
2022-04-24,Bayern,14.657142857142857,9.028571428571428,0.5714285714285714,13176989,0.15830663490968286
2022-04-24,Berlin,14.385714285714286,10.157142857142857,0.31428571428571433,3677472,0.04418067111497029
2022-04-24,Brandenburg,15.557142857142857,9.857142857142858,0.21428571428571427,2537868,0.03048961662827274
2022-04-24,Bremen,16.957142857142856,11.085714285714285,0.07142857142857144,676463,0.008126938648192602
2022-04-24,Gesamt,14.385714285714286,10.157142857142857,0.31428571428571433,83237124,1
2022-04-24,Hamburg,15.242857142857142,9.642857142857142,0,1853935,0.022272934370005385
2022-04-24,Hessen,16.9,12.2,0.27142857142857146,6295017,0.07562751687576327
2022-04-24,Mecklenburg-Vorpommern,15.485714285714286,9.299999999999999,0,1611160,0.01935626704257586
2022-04-24,Niedersachsen,15.914285714285715,10.142857142857142,0,8027031,0.096435708182325
2022-04-24,Nordrhein-Westfalen,18.242857142857144,12.571428571428571,1.8714285714285712,17924591,0.21534370889604498
2022-04-24,Rheinland-Pfalz,16.942857142857143,11.67142857142857,0,4106485,0.04933477759274816
2022-04-24,Saarland,17.87142857142857,12.242857142857144,0.9428571428571427,982348,0.011801801321246995
2022-04-24,Sachsen,13.714285714285715,8.214285714285715,1.9000000000000001,4043002,0.048572101073554634
2022-04-24,Sachsen-Anhalt,15.342857142857142,10.22857142857143,0.4,2169253,0.02606112388025324
2022-04-24,Schleswig-Holstein,11.128571428571428,8.82857142857143,0,2922005,0.035104588668873275
2022-04-24,Thüringen,12.257142857142858,8.157142857142857,1.2714285714285716,2108863,0.025335606261456128
2022-05-01,Baden-Württemberg,15.114285714285714,10.528571428571428,2.8571428571428568,11124642,0.1336500045340346
2022-05-01,Bayern,14.8,10.014285714285714,1.8142857142857143,13176989,0.15830663490968286
2022-05-01,Berlin,16.4,11.614285714285714,0,3677472,0.04418067111497029
2022-05-01,Brandenburg,17.97142857142857,11.557142857142857,0,2537868,0.03048961662827274
2022-05-01,Bremen,14.242857142857142,8.628571428571428,0,676463,0.008126938648192602
2022-05-01,Gesamt,16.4,11.614285714285714,0,83237124,1
2022-05-01,Hamburg,14.657142857142857,8.985714285714286,0,1853935,0.022272934370005385
2022-05-01,Hessen,16.17142857142857,11.242857142857144,5.242857142857143,6295017,0.07562751687576327
2022-05-01,Mecklenburg-Vorpommern,15.157142857142857,9.314285714285715,0,1611160,0.01935626704257586
2022-05-01,Niedersachsen,14.8,9.271428571428572,0,8027031,0.096435708182325
2022-05-01,Nordrhein-Westfalen,15.585714285714285,10.514285714285714,1.9428571428571426,17924591,0.21534370889604498
2022-05-01,Rheinland-Pfalz,15.957142857142857,11.257142857142858,1.4285714285714286,4106485,0.04933477759274816
2022-05-01,Saarland,17.67142857142857,11.342857142857143,0.1,982348,0.011801801321246995
2022-05-01,Sachsen,17.65714285714286,10.585714285714285,0,4043002,0.048572101073554634
2022-05-01,Sachsen-Anhalt,17.37142857142857,11.285714285714285,0,2169253,0.02606112388025324
2022-05-01,Schleswig-Holstein,13.985714285714286,9.2,0,2922005,0.035104588668873275
2022-05-01,Thüringen,14.542857142857143,9.842857142857143,0.3,2108863,0.025335606261456128
2022-05-08,Baden-Württemberg,18.614285714285714,12.8,3.414285714285714,11124642,0.1336500045340346
2022-05-08,Bayern,17.62857142857143,12.985714285714286,3.357142857142857,13176989,0.15830663490968286
2022-05-08,Berlin,18.357142857142858,13.814285714285715,0.1285714285714286,3677472,0.04418067111497029
2022-05-08,Brandenburg,20.557142857142857,14.342857142857143,0.1285714285714286,2537868,0.03048961662827274
2022-05-08,Bremen,17.414285714285715,10.9,0.07142857142857144,676463,0.008126938648192602
2022-05-08,Gesamt,18.357142857142858,13.814285714285715,0.1285714285714286,83237124,1
2022-05-08,Hamburg,16.742857142857144,10.385714285714286,0,1853935,0.022272934370005385
2022-05-08,Hessen,20.814285714285713,15.657142857142857,0.4,6295017,0.07562751687576327
2022-05-08,Mecklenburg-Vorpommern,17.285714285714285,11.371428571428572,0,1611160,0.01935626704257586
2022-05-08,Niedersachsen,18.95714285714286,11.542857142857143,0.15714285714285717,8027031,0.096435708182325
2022-05-08,Nordrhein-Westfalen,20,13.357142857142858,1.4714285714285715,17924591,0.21534370889604498
2022-05-08,Rheinland-Pfalz,20.7,15.357142857142858,0.38571428571428573,4106485,0.04933477759274816
2022-05-08,Saarland,21.442857142857143,14.1,1.5571428571428574,982348,0.011801801321246995
2022-05-08,Sachsen,21.428571428571427,14.6,0,4043002,0.048572101073554634
2022-05-08,Sachsen-Anhalt,20.32857142857143,13.985714285714286,0.21428571428571427,2169253,0.02606112388025324
2022-05-08,Schleswig-Holstein,15.971428571428572,10.885714285714286,0,2922005,0.035104588668873275
2022-05-08,Thüringen,18.242857142857144,12.557142857142857,1.6285714285714286,2108863,0.025335606261456128
2022-05-15,Baden-Württemberg,24.114285714285714,17.757142857142856,1.4857142857142858,11124642,0.1336500045340346
2022-05-15,Bayern,24.02857142857143,18.04285714285714,6.485714285714286,13176989,0.15830663490968286
2022-05-15,Berlin,21.685714285714287,16.714285714285715,0.028571428571428574,3677472,0.04418067111497029
2022-05-15,Brandenburg,22.942857142857143,16.3,0.6428571428571429,2537868,0.03048961662827274
2022-05-15,Bremen,21.6,15.028571428571428,0.1857142857142857,676463,0.008126938648192602
2022-05-15,Gesamt,21.685714285714287,16.714285714285715,0.028571428571428574,83237124,1
2022-05-15,Hamburg,20.428571428571427,14.1,0.6714285714285715,1853935,0.022272934370005385
2022-05-15,Hessen,24.414285714285715,18.3,0,6295017,0.07562751687576327
2022-05-15,Mecklenburg-Vorpommern,20.414285714285715,14.242857142857144,0.2571428571428572,1611160,0.01935626704257586
2022-05-15,Niedersachsen,21.885714285714286,15.8,0.15714285714285717,8027031,0.096435708182325
2022-05-15,Nordrhein-Westfalen,23.614285714285714,16.97142857142857,0.4,17924591,0.21534370889604498
2022-05-15,Rheinland-Pfalz,24.585714285714285,18.7,0,4106485,0.04933477759274816
2022-05-15,Saarland,26.02857142857143,18.257142857142856,0.3,982348,0.011801801321246995
2022-05-15,Sachsen,24.242857142857144,17.57142857142857,0,4043002,0.048572101073554634
2022-05-15,Sachsen-Anhalt,23.34285714285714,16.97142857142857,0.014285714285714287,2169253,0.02606112388025324
2022-05-15,Schleswig-Holstein,16.37142857142857,12.857142857142858,1.1,2922005,0.035104588668873275
2022-05-15,Thüringen,21.814285714285713,16.271428571428572,0,2108863,0.025335606261456128
2022-05-22,Baden-Württemberg,26.32857142857143,19.242857142857144,1.3285714285714285,11124642,0.1336500045340346
2022-05-22,Bayern,25.885714285714286,19.65714285714286,1.5857142857142859,13176989,0.15830663490968286
2022-05-22,Berlin,22.7,18.057142857142857,1.342857142857143,3677472,0.04418067111497029
2022-05-22,Brandenburg,23.714285714285715,17.542857142857144,2.1714285714285713,2537868,0.03048961662827274
2022-05-22,Bremen,23.985714285714284,17.47142857142857,2.442857142857143,676463,0.008126938648192602
2022-05-22,Gesamt,22.7,18.057142857142857,1.342857142857143,83237124,1
2022-05-22,Hamburg,22.614285714285714,16.814285714285713,3.757142857142857,1853935,0.022272934370005385
2022-05-22,Hessen,25.414285714285715,19.314285714285713,2.0714285714285716,6295017,0.07562751687576327
2022-05-22,Mecklenburg-Vorpommern,22.557142857142857,16.614285714285714,0.8857142857142858,1611160,0.01935626704257586
2022-05-22,Niedersachsen,23.9,17.685714285714287,1.957142857142857,8027031,0.096435708182325
2022-05-22,Nordrhein-Westfalen,25.67142857142857,18.685714285714287,2.342857142857143,17924591,0.21534370889604498
2022-05-22,Rheinland-Pfalz,26.014285714285716,19.357142857142858,1.4285714285714284,4106485,0.04933477759274816
2022-05-22,Saarland,27.314285714285713,19.57142857142857,1.8714285714285714,982348,0.011801801321246995
2022-05-22,Sachsen,24.37142857142857,18.314285714285713,2.3571428571428568,4043002,0.048572101073554634
2022-05-22,Sachsen-Anhalt,23.84285714285714,18.114285714285714,2.5285714285714285,2169253,0.02606112388025324
2022-05-22,Schleswig-Holstein,18,14.5,1.4142857142857144,2922005,0.035104588668873275
2022-05-22,Thüringen,22.87142857142857,17.285714285714285,4.014285714285715,2108863,0.025335606261456128
2022-05-29,Baden-Württemberg,19.071428571428573,14.571428571428571,1.342857142857143,11124642,0.1336500045340346
2022-05-29,Bayern,19.400000000000002,14.62857142857143,5.828571428571429,13176989,0.15830663490968286
2022-05-29,Berlin,18.9,15.285714285714285,1.3857142857142857,3677472,0.04418067111497029
2022-05-29,Brandenburg,19.742857142857144,14.6,1.0142857142857142,2537868,0.03048961662827274
2022-05-29,Bremen,17.885714285714286,13.485714285714286,3.4571428571428573,676463,0.008126938648192602
2022-05-29,Gesamt,18.9,15.285714285714285,1.3857142857142857,83237124,1
2022-05-29,Hamburg,17.414285714285715,13.414285714285715,3.157142857142857,1853935,0.022272934370005385
2022-05-29,Hessen,20.37142857142857,15.571428571428571,1.2285714285714286,6295017,0.07562751687576327
2022-05-29,Mecklenburg-Vorpommern,17.92857142857143,13.628571428571428,3.7714285714285714,1611160,0.01935626704257586
2022-05-29,Niedersachsen,18.42857142857143,13.885714285714286,2.6142857142857143,8027031,0.096435708182325
2022-05-29,Nordrhein-Westfalen,19.557142857142857,14.657142857142857,2.6714285714285713,17924591,0.21534370889604498
2022-05-29,Rheinland-Pfalz,20.5,15.428571428571429,0.942857142857143,4106485,0.04933477759274816
2022-05-29,Saarland,20.52857142857143,15.428571428571429,1.7285714285714286,982348,0.011801801321246995
2022-05-29,Sachsen,20.65714285714286,16.042857142857144,0.5857142857142857,4043002,0.048572101073554634
2022-05-29,Sachsen-Anhalt,20.057142857142857,15.2,1.1285714285714286,2169253,0.02606112388025324
2022-05-29,Schleswig-Holstein,15.442857142857143,12.7,2.414285714285714,2922005,0.035104588668873275
2022-05-29,Thüringen,18.485714285714288,13.6,0.8142857142857143,2108863,0.025335606261456128
2022-06-05,Baden-Württemberg,22.5,16.67142857142857,3.585714285714286,11124642,0.1336500045340346
2022-06-05,Bayern,23.214285714285715,16.771428571428572,3.842857142857143,13176989,0.15830663490968286
2022-06-05,Berlin,20.47142857142857,15.042857142857143,0.9142857142857143,3677472,0.04418067111497029
2022-06-05,Brandenburg,22.47142857142857,15.971428571428572,0.8142857142857143,2537868,0.03048961662827274
2022-06-05,Bremen,19.32857142857143,13.857142857142858,1.1857142857142857,676463,0.008126938648192602
2022-06-05,Gesamt,20.47142857142857,15.042857142857143,0.9142857142857143,83237124,1
2022-06-05,Hamburg,18.942857142857143,13.185714285714285,2.7,1853935,0.022272934370005385
2022-06-05,Hessen,22.142857142857142,16.957142857142856,0.31428571428571433,6295017,0.07562751687576327
2022-06-05,Mecklenburg-Vorpommern,18.571428571428573,13.414285714285715,1.1428571428571428,1611160,0.01935626704257586
2022-06-05,Niedersachsen,20.32857142857143,14.457142857142857,0.4285714285714286,8027031,0.096435708182325
2022-06-05,Nordrhein-Westfalen,20.97142857142857,15.157142857142858,1.6857142857142857,17924591,0.21534370889604498
2022-06-05,Rheinland-Pfalz,22.87142857142857,16.742857142857144,0.5714285714285714,4106485,0.04933477759274816
2022-06-05,Saarland,23.87142857142857,16.785714285714285,2.2285714285714286,982348,0.011801801321246995
2022-06-05,Sachsen,23.17142857142857,16.557142857142857,0.9999999999999999,4043002,0.048572101073554634
2022-06-05,Sachsen-Anhalt,22.228571428571428,16.04285714285714,0.04285714285714285,2169253,0.02606112388025324
2022-06-05,Schleswig-Holstein,15.285714285714285,12.6,0.028571428571428574,2922005,0.035104588668873275
2022-06-05,Thüringen,20.271428571428572,14.085714285714285,0.9714285714285714,2108863,0.025335606261456128
2022-06-12,Baden-Württemberg,23.8,17.67142857142857,2.557142857142857,11124642,0.1336500045340346
2022-06-12,Bayern,22.742857142857144,17.542857142857144,5.6,13176989,0.15830663490968286
2022-06-12,Berlin,24.728571428571428,19.742857142857144,0.5857142857142857,3677472,0.04418067111497029
2022-06-12,Brandenburg,25.42857142857143,19.52857142857143,0.6428571428571429,2537868,0.03048961662827274
2022-06-12,Bremen,22.285714285714285,16.65714285714286,0.6714285714285714,676463,0.008126938648192602
2022-06-12,Gesamt,24.728571428571428,19.742857142857144,0.5857142857142857,83237124,1
2022-06-12,Hamburg,22.014285714285716,16.742857142857144,0.41428571428571426,1853935,0.022272934370005385
2022-06-12,Hessen,23.82857142857143,18.414285714285715,1.4571428571428573,6295017,0.07562751687576327
2022-06-12,Mecklenburg-Vorpommern,22.642857142857142,17.585714285714285,1.6857142857142857,1611160,0.01935626704257586
2022-06-12,Niedersachsen,23.12857142857143,17.928571428571427,0.4,8027031,0.096435708182325
2022-06-12,Nordrhein-Westfalen,22.314285714285713,17.17142857142857,4.257142857142857,17924591,0.21534370889604498
2022-06-12,Rheinland-Pfalz,24.314285714285713,18.7,1.1428571428571428,4106485,0.04933477759274816
2022-06-12,Saarland,24.52857142857143,18.057142857142857,1.2571428571428573,982348,0.011801801321246995
2022-06-12,Sachsen,25.242857142857144,19.614285714285714,0.2,4043002,0.048572101073554634
2022-06-12,Sachsen-Anhalt,25.457142857142856,19.785714285714285,0.2,2169253,0.02606112388025324
2022-06-12,Schleswig-Holstein,18.457142857142856,15.571428571428571,1.8285714285714287,2922005,0.035104588668873275
2022-06-12,Thüringen,23.214285714285715,17.485714285714284,0.5142857142857142,2108863,0.025335606261456128
2022-06-19,Baden-Württemberg,28.557142857142857,21.642857142857142,0.4857142857142857,11124642,0.1336500045340346
2022-06-19,Bayern,28.228571428571428,22.042857142857144,0.04285714285714286,13176989,0.15830663490968286
2022-06-19,Berlin,25.014285714285716,19.757142857142856,1.6285714285714288,3677472,0.04418067111497029
2022-06-19,Brandenburg,27.65714285714286,20.085714285714285,1.542857142857143,2537868,0.03048961662827274
2022-06-19,Bremen,22.34285714285714,16.414285714285715,0.14285714285714285,676463,0.008126938648192602
2022-06-19,Gesamt,25.014285714285716,19.757142857142856,1.6285714285714288,83237124,1
2022-06-19,Hamburg,21.185714285714287,16.114285714285714,0.8714285714285714,1853935,0.022272934370005385
2022-06-19,Hessen,29.385714285714286,22.45714285714286,0,6295017,0.07562751687576327
2022-06-19,Mecklenburg-Vorpommern,21.757142857142856,16.557142857142857,0.4,1611160,0.01935626704257586
2022-06-19,Niedersachsen,24.37142857142857,17.728571428571428,0.27142857142857146,8027031,0.096435708182325
2022-06-19,Nordrhein-Westfalen,26.014285714285716,19.65714285714286,0.4714285714285714,17924591,0.21534370889604498
2022-06-19,Rheinland-Pfalz,29.585714285714285,22.8,0,4106485,0.04933477759274816
2022-06-19,Saarland,31.45714285714286,22.414285714285715,0.7714285714285715,982348,0.011801801321246995
2022-06-19,Sachsen,28.5,21.457142857142856,0.20000000000000004,4043002,0.048572101073554634
2022-06-19,Sachsen-Anhalt,27.15714285714286,19.97142857142857,1.3999999999999997,2169253,0.02606112388025324
2022-06-19,Schleswig-Holstein,18.885714285714286,15.614285714285716,1,2922005,0.035104588668873275
2022-06-19,Thüringen,26.65714285714286,19.885714285714286,0,2108863,0.025335606261456128
2022-06-26,Baden-Württemberg,26.514285714285712,20.642857142857142,3.742857142857143,11124642,0.1336500045340346
2022-06-26,Bayern,26.942857142857143,21.314285714285713,3.028571428571429,13176989,0.15830663490968286
2022-06-26,Berlin,26.571428571428573,21.37142857142857,2.042857142857143,3677472,0.04418067111497029
2022-06-26,Brandenburg,28.071428571428573,20.942857142857143,0.9714285714285714,2537868,0.03048961662827274
2022-06-26,Bremen,26,19.57142857142857,2.1,676463,0.008126938648192602
2022-06-26,Gesamt,26.571428571428573,21.37142857142857,2.042857142857143,83237124,1
2022-06-26,Hamburg,26.257142857142856,19.228571428571428,1.2428571428571429,1853935,0.022272934370005385
2022-06-26,Hessen,26.757142857142856,20.557142857142857,4.1,6295017,0.07562751687576327
2022-06-26,Mecklenburg-Vorpommern,26.599999999999998,19.785714285714285,0.2142857142857143,1611160,0.01935626704257586
2022-06-26,Niedersachsen,26.62857142857143,19.957142857142856,0.2,8027031,0.096435708182325
2022-06-26,Nordrhein-Westfalen,25.428571428571427,19.885714285714286,2.357142857142857,17924591,0.21534370889604498
2022-06-26,Rheinland-Pfalz,26.7,20.32857142857143,3.585714285714286,4106485,0.04933477759274816
2022-06-26,Saarland,27,20.442857142857143,3.585714285714286,982348,0.011801801321246995
2022-06-26,Sachsen,28.17142857142857,21.314285714285713,0.5714285714285714,4043002,0.048572101073554634
2022-06-26,Sachsen-Anhalt,27.957142857142856,21.099999999999998,0.3714285714285714,2169253,0.02606112388025324
2022-06-26,Schleswig-Holstein,21,17.414285714285715,0.07142857142857144,2922005,0.035104588668873275
2022-06-26,Thüringen,25.785714285714285,19.87142857142857,0.1,2108863,0.025335606261456128
2022-07-03,Baden-Württemberg,25.04285714285714,19.271428571428572,6.071428571428572,11124642,0.1336500045340346
2022-07-03,Bayern,25.814285714285713,20.014285714285712,3.1857142857142855,13176989,0.15830663490968286
2022-07-03,Berlin,27.085714285714285,22.285714285714285,1.842857142857143,3677472,0.04418067111497029
2022-07-03,Brandenburg,28.685714285714287,21.771428571428572,5.014285714285715,2537868,0.03048961662827274
2022-07-03,Bremen,25.285714285714285,19.428571428571427,1.3,676463,0.008126938648192602
2022-07-03,Gesamt,27.085714285714285,22.285714285714285,1.842857142857143,83237124,1
2022-07-03,Hamburg,25.3,19.371428571428574,3.1,1853935,0.022272934370005385
2022-07-03,Hessen,26.771428571428572,21.057142857142857,2.557142857142857,6295017,0.07562751687576327
2022-07-03,Mecklenburg-Vorpommern,26.15714285714286,20.45714285714286,1.8857142857142857,1611160,0.01935626704257586
2022-07-03,Niedersachsen,26.54285714285714,20.2,0.2857142857142857,8027031,0.096435708182325
2022-07-03,Nordrhein-Westfalen,25.885714285714286,19.271428571428572,1.3428571428571427,17924591,0.21534370889604498
2022-07-03,Rheinland-Pfalz,26.942857142857143,21.014285714285716,0.5285714285714286,4106485,0.04933477759274816
2022-07-03,Saarland,27.785714285714285,20.04285714285714,0.2857142857142857,982348,0.011801801321246995
2022-07-03,Sachsen,27.8,21.728571428571428,2.8571428571428568,4043002,0.048572101073554634
2022-07-03,Sachsen-Anhalt,27.742857142857144,21.5,1.114285714285714,2169253,0.02606112388025324
2022-07-03,Schleswig-Holstein,21.228571428571428,18.428571428571427,2.257142857142857,2922005,0.035104588668873275
2022-07-03,Thüringen,26.314285714285713,19.82857142857143,1.1285714285714286,2108863,0.025335606261456128
2022-07-10,Baden-Württemberg,23.271428571428572,18.385714285714286,0.028571428571428574,11124642,0.1336500045340346
2022-07-10,Bayern,23.271428571428572,18.557142857142857,2.5,13176989,0.15830663490968286
2022-07-10,Berlin,20.8,17.442857142857143,2.3714285714285714,3677472,0.04418067111497029
2022-07-10,Brandenburg,21.87142857142857,17.042857142857144,1.7857142857142856,2537868,0.03048961662827274
2022-07-10,Bremen,21.485714285714284,16.114285714285714,1.5,676463,0.008126938648192602
2022-07-10,Gesamt,20.8,17.442857142857143,2.3714285714285714,83237124,1
2022-07-10,Hamburg,20.557142857142857,16.1,1.7285714285714286,1853935,0.022272934370005385
2022-07-10,Hessen,24.3,19.128571428571426,0.3142857142857143,6295017,0.07562751687576327
2022-07-10,Mecklenburg-Vorpommern,21.142857142857142,16.42857142857143,1.5285714285714285,1611160,0.01935626704257586
2022-07-10,Niedersachsen,22.085714285714285,16.67142857142857,0.9571428571428572,8027031,0.096435708182325
2022-07-10,Nordrhein-Westfalen,23.128571428571426,17.97142857142857,0.48571428571428565,17924591,0.21534370889604498
2022-07-10,Rheinland-Pfalz,23.814285714285713,18.757142857142856,0.05714285714285714,4106485,0.04933477759274816
2022-07-10,Saarland,26.014285714285716,19.257142857142856,0,982348,0.011801801321246995
2022-07-10,Sachsen,22.814285714285713,18.357142857142858,1.3142857142857143,4043002,0.048572101073554634
2022-07-10,Sachsen-Anhalt,23.042857142857144,17.6,1.7999999999999998,2169253,0.02606112388025324
2022-07-10,Schleswig-Holstein,18.557142857142857,15.9,0.9428571428571428,2922005,0.035104588668873275
2022-07-10,Thüringen,22.242857142857144,16.37142857142857,1.2714285714285716,2108863,0.025335606261456128
2022-07-17,Baden-Württemberg,27.45714285714286,20.5,0,11124642,0.1336500045340346
2022-07-17,Bayern,27.52857142857143,21.214285714285715,0.04285714285714286,13176989,0.15830663490968286
2022-07-17,Berlin,23.02857142857143,18.114285714285714,0.2714285714285714,3677472,0.04418067111497029
2022-07-17,Brandenburg,25,18.485714285714284,0,2537868,0.03048961662827274
2022-07-17,Bremen,22.628571428571426,17.02857142857143,0.20000000000000004,676463,0.008126938648192602
2022-07-17,Gesamt,23.02857142857143,18.114285714285714,0.2714285714285714,83237124,1
2022-07-17,Hamburg,22.242857142857144,16.9,0.32857142857142857,1853935,0.022272934370005385
2022-07-17,Hessen,27.814285714285713,21.442857142857143,0,6295017,0.07562751687576327
2022-07-17,Mecklenburg-Vorpommern,22.97142857142857,17.285714285714285,0.7,1611160,0.01935626704257586
2022-07-17,Niedersachsen,23.685714285714287,17.52857142857143,0.28571428571428575,8027031,0.096435708182325
2022-07-17,Nordrhein-Westfalen,25.771428571428572,19.87142857142857,0,17924591,0.21534370889604498
2022-07-17,Rheinland-Pfalz,27.728571428571428,21.485714285714284,0,4106485,0.04933477759274816
2022-07-17,Saarland,30.228571428571428,22.014285714285712,0,982348,0.011801801321246995
2022-07-17,Sachsen,25.3,19.1,0.04285714285714286,4043002,0.048572101073554634
2022-07-17,Sachsen-Anhalt,25.585714285714285,18.928571428571427,0,2169253,0.02606112388025324
2022-07-17,Schleswig-Holstein,19.52857142857143,16.52857142857143,0.22857142857142856,2922005,0.035104588668873275
2022-07-17,Thüringen,24.714285714285715,17.928571428571427,0,2108863,0.025335606261456128
2022-07-24,Baden-Württemberg,31.442857142857143,23.914285714285715,1.4857142857142858,11124642,0.1336500045340346
2022-07-24,Bayern,30.714285714285715,24.228571428571428,0.7,13176989,0.15830663490968286
2022-07-24,Berlin,29.071428571428573,23.6,2.9428571428571426,3677472,0.04418067111497029
2022-07-24,Brandenburg,30.085714285714285,22.757142857142856,1.0857142857142856,2537868,0.03048961662827274
2022-07-24,Bremen,28.757142857142856,21.742857142857144,0.6571428571428571,676463,0.008126938648192602
2022-07-24,Gesamt,29.071428571428573,23.6,2.9428571428571426,83237124,1
2022-07-24,Hamburg,28.185714285714287,21.014285714285712,0.17142857142857143,1853935,0.022272934370005385
2022-07-24,Hessen,32.22857142857143,25.114285714285714,0.7571428571428572,6295017,0.07562751687576327
2022-07-24,Mecklenburg-Vorpommern,28.17142857142857,21.557142857142857,0.1285714285714286,1611160,0.01935626704257586
2022-07-24,Niedersachsen,29.771428571428572,22.214285714285715,0.8999999999999999,8027031,0.096435708182325
2022-07-24,Nordrhein-Westfalen,29.385714285714286,22.84285714285714,2.4,17924591,0.21534370889604498
2022-07-24,Rheinland-Pfalz,32.25714285714286,25.12857142857143,0.4714285714285714,4106485,0.04933477759274816
2022-07-24,Saarland,32.92857142857143,24.242857142857144,0.5,982348,0.011801801321246995
2022-07-24,Sachsen,31.342857142857145,23.900000000000002,0.17142857142857143,4043002,0.048572101073554634
2022-07-24,Sachsen-Anhalt,30.771428571428572,23.542857142857144,0.4714285714285715,2169253,0.02606112388025324
2022-07-24,Schleswig-Holstein,23.771428571428572,19.62857142857143,0,2922005,0.035104588668873275
2022-07-24,Thüringen,30.37142857142857,23.514285714285716,0.6428571428571428,2108863,0.025335606261456128
2022-07-31,Baden-Württemberg,28.571428571428573,22.04285714285714,1.1714285714285715,11124642,0.1336500045340346
2022-07-31,Bayern,27.714285714285715,21.857142857142858,4.114285714285714,13176989,0.15830663490968286
2022-07-31,Berlin,25.585714285714285,20.514285714285716,1.1285714285714286,3677472,0.04418067111497029
2022-07-31,Brandenburg,27.642857142857142,20.571428571428573,0.1714285714285714,2537868,0.03048961662827274
2022-07-31,Bremen,24.542857142857144,18.514285714285712,1.8714285714285712,676463,0.008126938648192602
2022-07-31,Gesamt,25.585714285714285,20.514285714285716,1.1285714285714286,83237124,1
2022-07-31,Hamburg,24.214285714285715,18.142857142857142,3.2857142857142856,1853935,0.022272934370005385
2022-07-31,Hessen,28.3,23.1,1.1714285714285715,6295017,0.07562751687576327
2022-07-31,Mecklenburg-Vorpommern,25.2,18.97142857142857,0.9857142857142857,1611160,0.01935626704257586
2022-07-31,Niedersachsen,25.785714285714285,19.214285714285715,3.1,8027031,0.096435708182325
2022-07-31,Nordrhein-Westfalen,25.17142857142857,20.057142857142857,1.0714285714285716,17924591,0.21534370889604498
2022-07-31,Rheinland-Pfalz,28.87142857142857,22.357142857142858,1.0714285714285714,4106485,0.04933477759274816
2022-07-31,Saarland,29.742857142857144,22.428571428571427,0,982348,0.011801801321246995
2022-07-31,Sachsen,27.97142857142857,21.52857142857143,0.1142857142857143,4043002,0.048572101073554634
2022-07-31,Sachsen-Anhalt,27.571428571428573,20.57142857142857,0.8571428571428571,2169253,0.02606112388025324
2022-07-31,Schleswig-Holstein,20.485714285714284,17.67142857142857,0.7285714285714285,2922005,0.035104588668873275
2022-07-31,Thüringen,25.7,19.485714285714284,0.44285714285714284,2108863,0.025335606261456128
2022-08-07,Baden-Württemberg,29.17142857142857,22.728571428571428,1.9428571428571426,11124642,0.1336500045340346
2022-08-07,Bayern,28.62857142857143,22.428571428571427,4.2,13176989,0.15830663490968286
2022-08-07,Berlin,27.442857142857143,22.314285714285713,1.6285714285714288,3677472,0.04418067111497029
2022-08-07,Brandenburg,28.914285714285715,22.257142857142856,0.05714285714285714,2537868,0.03048961662827274
2022-08-07,Bremen,26.285714285714285,19.185714285714287,1.457142857142857,676463,0.008126938648192602
2022-08-07,Gesamt,27.442857142857143,22.314285714285713,1.6285714285714288,83237124,1
2022-08-07,Hamburg,25.571428571428573,19.114285714285714,1.0142857142857142,1853935,0.022272934370005385
2022-08-07,Hessen,29.442857142857143,24,0.21428571428571427,6295017,0.07562751687576327
2022-08-07,Mecklenburg-Vorpommern,25.857142857142858,19.87142857142857,1.5571428571428572,1611160,0.01935626704257586
2022-08-07,Niedersachsen,26.742857142857144,20.042857142857144,1.1857142857142857,8027031,0.096435708182325
2022-08-07,Nordrhein-Westfalen,27.585714285714285,21.17142857142857,1.0571428571428572,17924591,0.21534370889604498
2022-08-07,Rheinland-Pfalz,29.642857142857142,23.400000000000002,0.41428571428571426,4106485,0.04933477759274816
2022-08-07,Saarland,30.37142857142857,22.957142857142856,0.15714285714285714,982348,0.011801801321246995
2022-08-07,Sachsen,30.52857142857143,23.514285714285712,0.4142857142857143,4043002,0.048572101073554634
2022-08-07,Sachsen-Anhalt,29.071428571428573,21.857142857142858,0.6285714285714287,2169253,0.02606112388025324
2022-08-07,Schleswig-Holstein,22.585714285714285,18.814285714285713,0.8571428571428571,2922005,0.035104588668873275
2022-08-07,Thüringen,28.4,21.54285714285714,0.2571428571428572,2108863,0.025335606261456128
2022-08-14,Baden-Württemberg,29.12857142857143,21.542857142857144,0,11124642,0.1336500045340346
2022-08-14,Bayern,26.9,20.357142857142858,0.014285714285714285,13176989,0.15830663490968286
2022-08-14,Berlin,28.34285714285714,22.82857142857143,0.37142857142857144,3677472,0.04418067111497029
2022-08-14,Brandenburg,29.757142857142856,22.5,0.31428571428571433,2537868,0.03048961662827274
2022-08-14,Bremen,28.714285714285715,22.214285714285715,0,676463,0.008126938648192602
2022-08-14,Gesamt,28.34285714285714,22.82857142857143,0.37142857142857144,83237124,1
2022-08-14,Hamburg,28.542857142857144,21.2,0,1853935,0.022272934370005385
2022-08-14,Hessen,31,25.357142857142858,0,6295017,0.07562751687576327
2022-08-14,Mecklenburg-Vorpommern,28.214285714285715,21.428571428571427,0,1611160,0.01935626704257586
2022-08-14,Niedersachsen,29.34285714285714,21.9,0,8027031,0.096435708182325
2022-08-14,Nordrhein-Westfalen,30.885714285714286,23.742857142857144,0,17924591,0.21534370889604498
2022-08-14,Rheinland-Pfalz,31.357142857142858,24.728571428571428,0,4106485,0.04933477759274816
2022-08-14,Saarland,30.92857142857143,23.17142857142857,0.4857142857142857,982348,0.011801801321246995
2022-08-14,Sachsen,28.62857142857143,20.814285714285713,0.014285714285714285,4043002,0.048572101073554634
2022-08-14,Sachsen-Anhalt,29.685714285714287,21.942857142857143,0.2,2169253,0.02606112388025324
2022-08-14,Schleswig-Holstein,22.34285714285714,20.02857142857143,0,2922005,0.035104588668873275
2022-08-14,Thüringen,28,21.414285714285715,0,2108863,0.025335606261456128
2022-08-21,Baden-Württemberg,25.84285714285714,20.457142857142856,1.6857142857142857,11124642,0.1336500045340346
2022-08-21,Bayern,26.3,20.65714285714286,5.328571428571428,13176989,0.15830663490968286
2022-08-21,Berlin,26.785714285714285,22.785714285714285,4.3,3677472,0.04418067111497029
2022-08-21,Brandenburg,28.271428571428572,22.52857142857143,1.042857142857143,2537868,0.03048961662827274
2022-08-21,Bremen,27.685714285714287,21.314285714285713,0.6285714285714284,676463,0.008126938648192602
2022-08-21,Gesamt,26.785714285714285,22.785714285714285,4.3,83237124,1
2022-08-21,Hamburg,27.357142857142858,21.1,0.5142857142857143,1853935,0.022272934370005385
2022-08-21,Hessen,28.285714285714285,22.942857142857143,1.8142857142857143,6295017,0.07562751687576327
2022-08-21,Mecklenburg-Vorpommern,27.2,21.728571428571428,2.7428571428571424,1611160,0.01935626704257586
2022-08-21,Niedersachsen,27.685714285714287,20.97142857142857,0.34285714285714286,8027031,0.096435708182325
2022-08-21,Nordrhein-Westfalen,26.614285714285714,21.5,1.0999999999999999,17924591,0.21534370889604498
2022-08-21,Rheinland-Pfalz,28.228571428571428,22.6,0.12857142857142856,4106485,0.04933477759274816
2022-08-21,Saarland,28.642857142857142,21.65714285714286,1.2428571428571429,982348,0.011801801321246995
2022-08-21,Sachsen,27.57142857142857,22.185714285714287,8.428571428571429,4043002,0.048572101073554634
2022-08-21,Sachsen-Anhalt,28.15714285714286,22.242857142857144,1.8571428571428572,2169253,0.02606112388025324
2022-08-21,Schleswig-Holstein,23.571428571428573,20.742857142857144,0,2922005,0.035104588668873275
2022-08-21,Thüringen,26.357142857142858,20.87142857142857,2.257142857142857,2108863,0.025335606261456128
2022-08-28,Baden-Württemberg,27.085714285714285,20.257142857142856,3.0571428571428574,11124642,0.1336500045340346
2022-08-28,Bayern,25.585714285714285,19.47142857142857,5.685714285714286,13176989,0.15830663490968286
2022-08-28,Berlin,24.542857142857144,20.6,3.6142857142857143,3677472,0.04418067111497029
2022-08-28,Brandenburg,26.614285714285714,20.1,3.914285714285714,2537868,0.03048961662827274
2022-08-28,Bremen,27.514285714285716,21.757142857142856,0.02857142857142857,676463,0.008126938648192602
2022-08-28,Gesamt,24.542857142857144,20.6,3.6142857142857143,83237124,1
2022-08-28,Hamburg,26.685714285714287,20.771428571428572,0.0857142857142857,1853935,0.022272934370005385
2022-08-28,Hessen,29.314285714285713,23.914285714285715,0.5857142857142857,6295017,0.07562751687576327
2022-08-28,Mecklenburg-Vorpommern,25.92857142857143,20.557142857142857,0.15714285714285714,1611160,0.01935626704257586
2022-08-28,Niedersachsen,27.442857142857143,21.314285714285713,0,8027031,0.096435708182325
2022-08-28,Nordrhein-Westfalen,28.014285714285712,22.17142857142857,0,17924591,0.21534370889604498
2022-08-28,Rheinland-Pfalz,29.571428571428573,23.357142857142858,0,4106485,0.04933477759274816
2022-08-28,Saarland,29.957142857142856,22.1,0.014285714285714285,982348,0.011801801321246995
2022-08-28,Sachsen,24.771428571428572,20.15714285714286,3.557142857142857,4043002,0.048572101073554634
2022-08-28,Sachsen-Anhalt,27.785714285714285,21.2,0.04285714285714285,2169253,0.02606112388025324
2022-08-28,Schleswig-Holstein,21.7,19.557142857142857,0,2922005,0.035104588668873275
2022-08-28,Thüringen,26.271428571428572,20.085714285714285,0.05714285714285714,2108863,0.025335606261456128
2022-09-04,Baden-Württemberg,24.1,18.257142857142856,2.6,11124642,0.1336500045340346
2022-09-04,Bayern,23.457142857142856,17.54285714285714,1.3571428571428572,13176989,0.15830663490968286
2022-09-04,Berlin,21.557142857142857,17.271428571428572,0.32857142857142857,3677472,0.04418067111497029
2022-09-04,Brandenburg,23.185714285714287,16.685714285714287,0,2537868,0.03048961662827274
2022-09-04,Bremen,24.21428571428571,17.771428571428572,0,676463,0.008126938648192602
2022-09-04,Gesamt,21.557142857142857,17.271428571428572,0.32857142857142857,83237124,1
2022-09-04,Hamburg,23.32857142857143,17.15714285714286,0,1853935,0.022272934370005385
2022-09-04,Hessen,25.87142857142857,20.271428571428572,0.9142857142857143,6295017,0.07562751687576327
2022-09-04,Mecklenburg-Vorpommern,22.242857142857144,17.057142857142857,0.1714285714285714,1611160,0.01935626704257586
2022-09-04,Niedersachsen,24.228571428571428,17.2,0,8027031,0.096435708182325
2022-09-04,Nordrhein-Westfalen,26.414285714285715,20.285714285714285,0,17924591,0.21534370889604498
2022-09-04,Rheinland-Pfalz,26.02857142857143,19.6,1.2857142857142856,4106485,0.04933477759274816
2022-09-04,Saarland,27.4,20.84285714285714,0.4,982348,0.011801801321246995
2022-09-04,Sachsen,23.557142857142857,17,0,4043002,0.048572101073554634
2022-09-04,Sachsen-Anhalt,24.385714285714286,18.357142857142858,0,2169253,0.02606112388025324
2022-09-04,Schleswig-Holstein,18.957142857142856,17.8,0,2922005,0.035104588668873275
2022-09-04,Thüringen,22.9,16.885714285714286,0.04285714285714285,2108863,0.025335606261456128
2022-09-11,Baden-Württemberg,23.95714285714286,18.228571428571428,1.3571428571428572,11124642,0.1336500045340346
2022-09-11,Bayern,23.400000000000002,17.785714285714285,2.657142857142857,13176989,0.15830663490968286
2022-09-11,Berlin,21.257142857142856,17.542857142857144,3.7142857142857144,3677472,0.04418067111497029
2022-09-11,Brandenburg,22.84285714285714,17.15714285714286,2.4285714285714284,2537868,0.03048961662827274
2022-09-11,Bremen,22.42857142857143,17.47142857142857,1.8571428571428572,676463,0.008126938648192602
2022-09-11,Gesamt,21.257142857142856,17.542857142857144,3.7142857142857144,83237124,1
2022-09-11,Hamburg,21.385714285714286,16.728571428571428,5.957142857142857,1853935,0.022272934370005385
2022-09-11,Hessen,24.82857142857143,18.82857142857143,3.6285714285714286,6295017,0.07562751687576327
2022-09-11,Mecklenburg-Vorpommern,20.485714285714284,16.314285714285713,4.185714285714286,1611160,0.01935626704257586
2022-09-11,Niedersachsen,22.771428571428572,17.742857142857144,1.8714285714285714,8027031,0.096435708182325
2022-09-11,Nordrhein-Westfalen,24.571428571428573,19.428571428571427,6.228571428571429,17924591,0.21534370889604498
2022-09-11,Rheinland-Pfalz,24.685714285714287,18.742857142857144,4,4106485,0.04933477759274816
2022-09-11,Saarland,24.814285714285713,18.442857142857143,7.328571428571428,982348,0.011801801321246995
2022-09-11,Sachsen,23.97142857142857,17.785714285714285,3.057142857142857,4043002,0.048572101073554634
2022-09-11,Sachsen-Anhalt,23.771428571428572,18.442857142857143,2.4857142857142858,2169253,0.02606112388025324
2022-09-11,Schleswig-Holstein,18.442857142857143,16.599999999999998,2.557142857142857,2922005,0.035104588668873275
2022-09-11,Thüringen,23.32857142857143,17.742857142857144,2.157142857142857,2108863,0.025335606261456128
2022-09-18,Baden-Württemberg,20.15714285714286,14.814285714285715,4.457142857142857,11124642,0.1336500045340346
2022-09-18,Bayern,19.3,14.67142857142857,4.485714285714286,13176989,0.15830663490968286
2022-09-18,Berlin,17.185714285714287,13.9,0.9999999999999999,3677472,0.04418067111497029
2022-09-18,Brandenburg,18.042857142857144,13.371428571428572,2.6714285714285713,2537868,0.03048961662827274
2022-09-18,Bremen,18.557142857142857,13.385714285714286,7.957142857142857,676463,0.008126938648192602
2022-09-18,Gesamt,17.185714285714287,13.9,0.9999999999999999,83237124,1
2022-09-18,Hamburg,17.8,13.628571428571428,4.014285714285714,1853935,0.022272934370005385
2022-09-18,Hessen,18.585714285714285,15.114285714285714,8.042857142857143,6295017,0.07562751687576327
2022-09-18,Mecklenburg-Vorpommern,17.414285714285715,13.385714285714286,2.7285714285714286,1611160,0.01935626704257586
2022-09-18,Niedersachsen,18.15714285714286,13.485714285714286,3.0285714285714285,8027031,0.096435708182325
2022-09-18,Nordrhein-Westfalen,18.871428571428574,14.914285714285715,6.8,17924591,0.21534370889604498
2022-09-18,Rheinland-Pfalz,18.62857142857143,14.942857142857143,8.257142857142858,4106485,0.04933477759274816
2022-09-18,Saarland,21.614285714285714,15.857142857142858,6.7142857142857135,982348,0.011801801321246995
2022-09-18,Sachsen,18.557142857142857,14.528571428571428,7.4714285714285715,4043002,0.048572101073554634
2022-09-18,Sachsen-Anhalt,19.07142857142857,14.271428571428572,1.9142857142857141,2169253,0.02606112388025324
2022-09-18,Schleswig-Holstein,16.5,14.457142857142857,0.8142857142857143,2922005,0.035104588668873275
2022-09-18,Thüringen,17.52857142857143,13.114285714285714,5.957142857142856,2108863,0.025335606261456128
2022-09-25,Baden-Württemberg,15.871428571428572,10.457142857142857,1.9714285714285715,11124642,0.1336500045340346
2022-09-25,Bayern,15.628571428571428,10.5,0.9571428571428571,13176989,0.15830663490968286
2022-09-25,Berlin,15.828571428571427,11.614285714285714,0.8714285714285716,3677472,0.04418067111497029
2022-09-25,Brandenburg,16.97142857142857,11.142857142857142,1.6714285714285717,2537868,0.03048961662827274
2022-09-25,Bremen,16.6,11.428571428571429,1.3571428571428572,676463,0.008126938648192602
2022-09-25,Gesamt,15.828571428571427,11.614285714285714,0.8714285714285716,83237124,1
2022-09-25,Hamburg,16.642857142857142,11.5,3.6,1853935,0.022272934370005385
2022-09-25,Hessen,16.928571428571427,12.014285714285714,1.2285714285714284,6295017,0.07562751687576327
2022-09-25,Mecklenburg-Vorpommern,16.614285714285714,12.114285714285714,0.3,1611160,0.01935626704257586
2022-09-25,Niedersachsen,16.8,11.557142857142857,3.3,8027031,0.096435708182325
2022-09-25,Nordrhein-Westfalen,17.52857142857143,12.785714285714286,0.1,17924591,0.21534370889604498
2022-09-25,Rheinland-Pfalz,16.54285714285714,12.1,1.2142857142857142,4106485,0.04933477759274816
2022-09-25,Saarland,17.7,11.471428571428572,0.07142857142857144,982348,0.011801801321246995
2022-09-25,Sachsen,17.414285714285715,11.4,2.8,4043002,0.048572101073554634
2022-09-25,Sachsen-Anhalt,18.17142857142857,12.257142857142858,0.2571428571428572,2169253,0.02606112388025324
2022-09-25,Schleswig-Holstein,17.17142857142857,13.971428571428572,0,2922005,0.035104588668873275
2022-09-25,Thüringen,16.428571428571427,10.642857142857142,1.0714285714285716,2108863,0.025335606261456128
2022-10-02,Baden-Württemberg,14.642857142857142,10.271428571428572,5.442857142857143,11124642,0.1336500045340346
2022-10-02,Bayern,13.185714285714285,10.314285714285715,9.6,13176989,0.15830663490968286
2022-10-02,Berlin,14.357142857142856,11.014285714285714,2.242857142857143,3677472,0.04418067111497029
2022-10-02,Brandenburg,14.6,10.371428571428572,1.1857142857142857,2537868,0.03048961662827274
2022-10-02,Bremen,14.77142857142857,10.471428571428572,2.5571428571428574,676463,0.008126938648192602
2022-10-02,Gesamt,14.357142857142856,11.014285714285714,2.242857142857143,83237124,1
2022-10-02,Hamburg,14.042857142857143,10.542857142857143,7.9714285714285715,1853935,0.022272934370005385
2022-10-02,Hessen,14.485714285714286,10.3,5.142857142857143,6295017,0.07562751687576327
2022-10-02,Mecklenburg-Vorpommern,14.442857142857143,10.457142857142857,4.228571428571429,1611160,0.01935626704257586
2022-10-02,Niedersachsen,14.471428571428572,10.342857142857143,4.885714285714286,8027031,0.096435708182325
2022-10-02,Nordrhein-Westfalen,15.585714285714285,11.17142857142857,5.8999999999999995,17924591,0.21534370889604498
2022-10-02,Rheinland-Pfalz,14.157142857142857,10.6,4.1571428571428575,4106485,0.04933477759274816
2022-10-02,Saarland,15.042857142857143,10.428571428571429,9.185714285714285,982348,0.011801801321246995
2022-10-02,Sachsen,15.757142857142858,11.157142857142857,1.2428571428571427,4043002,0.048572101073554634
2022-10-02,Sachsen-Anhalt,15.928571428571429,11.285714285714285,2.7285714285714286,2169253,0.02606112388025324
2022-10-02,Schleswig-Holstein,13.82857142857143,11.514285714285714,3.7714285714285714,2922005,0.035104588668873275
2022-10-02,Thüringen,13.857142857142858,9.5,1.5857142857142859,2108863,0.025335606261456128
2022-10-09,Baden-Württemberg,18,12.285714285714286,0.014285714285714285,11124642,0.1336500045340346
2022-10-09,Bayern,17.885714285714286,12.071428571428571,0.28571428571428575,13176989,0.15830663490968286
2022-10-09,Berlin,16.8,12.614285714285714,0,3677472,0.04418067111497029
2022-10-09,Brandenburg,17.271428571428572,12.185714285714285,0.3571428571428571,2537868,0.03048961662827274
2022-10-09,Bremen,17.37142857142857,12.128571428571428,0.2571428571428571,676463,0.008126938648192602
2022-10-09,Gesamt,16.8,12.614285714285714,0,83237124,1
2022-10-09,Hamburg,16.714285714285715,12.685714285714285,0.28571428571428575,1853935,0.022272934370005385
2022-10-09,Hessen,17.54285714285714,11.485714285714286,0.014285714285714285,6295017,0.07562751687576327
2022-10-09,Mecklenburg-Vorpommern,16.62857142857143,12.128571428571428,0.04285714285714286,1611160,0.01935626704257586
2022-10-09,Niedersachsen,17.17142857142857,12.471428571428572,0.09999999999999999,8027031,0.096435708182325
2022-10-09,Nordrhein-Westfalen,18.271428571428572,12.585714285714285,0.14285714285714285,17924591,0.21534370889604498
2022-10-09,Rheinland-Pfalz,17.114285714285714,12.357142857142858,0,4106485,0.04933477759274816
2022-10-09,Saarland,18.82857142857143,11.585714285714285,0,982348,0.011801801321246995
2022-10-09,Sachsen,18.32857142857143,12.72857142857143,0.14285714285714285,4043002,0.048572101073554634
2022-10-09,Sachsen-Anhalt,18.37142857142857,12.799999999999999,0.0857142857142857,2169253,0.02606112388025324
2022-10-09,Schleswig-Holstein,15.700000000000001,13.514285714285714,0.05714285714285714,2922005,0.035104588668873275
2022-10-09,Thüringen,16.814285714285713,11.4,0.04285714285714286,2108863,0.025335606261456128
2022-10-16,Baden-Württemberg,18.414285714285715,14.128571428571428,3.157142857142857,11124642,0.1336500045340346
2022-10-16,Bayern,18.814285714285713,14,3.5714285714285716,13176989,0.15830663490968286
2022-10-16,Berlin,16.428571428571427,12.342857142857143,0.842857142857143,3677472,0.04418067111497029
2022-10-16,Brandenburg,17.142857142857142,11.871428571428572,0,2537868,0.03048961662827274
2022-10-16,Bremen,16.557142857142857,11.442857142857143,0.6285714285714286,676463,0.008126938648192602
2022-10-16,Gesamt,16.428571428571427,12.342857142857143,0.842857142857143,83237124,1
2022-10-16,Hamburg,16.414285714285715,12.028571428571428,0.8571428571428571,1853935,0.022272934370005385
2022-10-16,Hessen,16.814285714285713,12.714285714285714,2.1857142857142855,6295017,0.07562751687576327
2022-10-16,Mecklenburg-Vorpommern,16.6,12.071428571428571,0.1857142857142857,1611160,0.01935626704257586
2022-10-16,Niedersachsen,17.15714285714286,12.22857142857143,0.38571428571428573,8027031,0.096435708182325
2022-10-16,Nordrhein-Westfalen,17.414285714285715,12.514285714285714,1.3571428571428572,17924591,0.21534370889604498
2022-10-16,Rheinland-Pfalz,16.942857142857143,13,2.314285714285714,4106485,0.04933477759274816
2022-10-16,Saarland,17.7,13.32857142857143,5.914285714285715,982348,0.011801801321246995
2022-10-16,Sachsen,18.485714285714288,12.642857142857142,0.11428571428571428,4043002,0.048572101073554634
2022-10-16,Sachsen-Anhalt,18.82857142857143,12.871428571428572,0.14285714285714288,2169253,0.02606112388025324
2022-10-16,Schleswig-Holstein,14.871428571428572,12.485714285714286,0.3,2922005,0.035104588668873275
2022-10-16,Thüringen,16.84285714285714,12.142857142857142,0.08571428571428572,2108863,0.025335606261456128
2022-10-23,Baden-Württemberg,19.67142857142857,14.285714285714286,1.7571428571428571,11124642,0.1336500045340346
2022-10-23,Bayern,19.942857142857143,14.285714285714285,1.9714285714285713,13176989,0.15830663490968286
2022-10-23,Berlin,16.82857142857143,13.057142857142857,1.542857142857143,3677472,0.04418067111497029
2022-10-23,Brandenburg,17.242857142857144,12.628571428571428,2.8714285714285714,2537868,0.03048961662827274
2022-10-23,Bremen,16.785714285714285,12.585714285714285,1.2999999999999998,676463,0.008126938648192602
2022-10-23,Gesamt,16.82857142857143,13.057142857142857,1.542857142857143,83237124,1
2022-10-23,Hamburg,16.771428571428572,12.742857142857142,3.2285714285714286,1853935,0.022272934370005385
2022-10-23,Hessen,18.1,14.485714285714286,7.3,6295017,0.07562751687576327
2022-10-23,Mecklenburg-Vorpommern,16.67142857142857,12.67142857142857,0.4857142857142857,1611160,0.01935626704257586
2022-10-23,Niedersachsen,17.314285714285717,13.3,1.2,8027031,0.096435708182325
2022-10-23,Nordrhein-Westfalen,18.085714285714285,14.6,1.4428571428571428,17924591,0.21534370889604498
2022-10-23,Rheinland-Pfalz,17.857142857142858,14.457142857142857,6.371428571428572,4106485,0.04933477759274816
2022-10-23,Saarland,20.242857142857144,15.7,4.042857142857143,982348,0.011801801321246995
2022-10-23,Sachsen,16.785714285714285,12.242857142857142,2.2285714285714286,4043002,0.048572101073554634
2022-10-23,Sachsen-Anhalt,18.385714285714286,13.457142857142857,4.071428571428571,2169253,0.02606112388025324
2022-10-23,Schleswig-Holstein,15.142857142857142,12.771428571428572,0.5142857142857143,2922005,0.035104588668873275
2022-10-23,Thüringen,17.042857142857144,12.871428571428572,6.171428571428572,2108863,0.025335606261456128
2022-10-30,Baden-Württemberg,20.928571428571427,14.114285714285714,1.1714285714285715,11124642,0.1336500045340346
2022-10-30,Bayern,22.042857142857144,14.957142857142857,1.3142857142857143,13176989,0.15830663490968286
2022-10-30,Berlin,19.37142857142857,15.214285714285715,0.24285714285714288,3677472,0.04418067111497029
2022-10-30,Brandenburg,19.857142857142858,14.6,0.14285714285714285,2537868,0.03048961662827274
2022-10-30,Bremen,19.685714285714287,14.5,0.17142857142857143,676463,0.008126938648192602
2022-10-30,Gesamt,19.37142857142857,15.214285714285715,0.24285714285714288,83237124,1
2022-10-30,Hamburg,18.8,14.528571428571428,0,1853935,0.022272934370005385
2022-10-30,Hessen,19.714285714285715,14.157142857142857,0.5714285714285714,6295017,0.07562751687576327
2022-10-30,Mecklenburg-Vorpommern,18.585714285714285,14.057142857142857,0.3428571428571428,1611160,0.01935626704257586
2022-10-30,Niedersachsen,20.257142857142856,15.657142857142857,0.014285714285714285,8027031,0.096435708182325
2022-10-30,Nordrhein-Westfalen,20.757142857142856,16.785714285714285,0.7571428571428571,17924591,0.21534370889604498
2022-10-30,Rheinland-Pfalz,19.414285714285715,15.057142857142857,0.04285714285714285,4106485,0.04933477759274816
2022-10-30,Saarland,22.4,15.342857142857142,0.014285714285714285,982348,0.011801801321246995
2022-10-30,Sachsen,19.82857142857143,14,0,4043002,0.048572101073554634
2022-10-30,Sachsen-Anhalt,21.07142857142857,15.314285714285715,0.1,2169253,0.02606112388025324
2022-10-30,Schleswig-Holstein,17.114285714285714,14.571428571428571,0,2922005,0.035104588668873275
2022-10-30,Thüringen,19.685714285714287,15.271428571428572,0,2108863,0.025335606261456128
2022-11-06,Baden-Württemberg,13.457142857142857,8.942857142857143,1.3285714285714285,11124642,0.1336500045340346
2022-11-06,Bayern,14.028571428571428,9.585714285714285,1.0714285714285714,13176989,0.15830663490968286
2022-11-06,Berlin,13.67142857142857,10.457142857142857,0.9714285714285714,3677472,0.04418067111497029
2022-11-06,Brandenburg,13.32857142857143,9.414285714285715,0.557142857142857,2537868,0.03048961662827274
2022-11-06,Bremen,14.342857142857143,10.771428571428572,0.4,676463,0.008126938648192602
2022-11-06,Gesamt,13.67142857142857,10.457142857142857,0.9714285714285714,83237124,1
2022-11-06,Hamburg,13.971428571428572,10.957142857142857,0.15714285714285714,1853935,0.022272934370005385
2022-11-06,Hessen,14.085714285714285,10.042857142857143,1.657142857142857,6295017,0.07562751687576327
2022-11-06,Mecklenburg-Vorpommern,13.385714285714286,10.1,0.5428571428571428,1611160,0.01935626704257586
2022-11-06,Niedersachsen,14.042857142857143,11.071428571428571,0.18571428571428572,8027031,0.096435708182325
2022-11-06,Nordrhein-Westfalen,14.9,11.842857142857143,0.6428571428571428,17924591,0.21534370889604498
2022-11-06,Rheinland-Pfalz,13.22857142857143,10.014285714285714,1.5999999999999999,4106485,0.04933477759274816
2022-11-06,Saarland,14.042857142857143,9.885714285714286,2.757142857142857,982348,0.011801801321246995
2022-11-06,Sachsen,14.942857142857143,9.642857142857142,3.542857142857143,4043002,0.048572101073554634
2022-11-06,Sachsen-Anhalt,14.785714285714286,10.414285714285715,0.7285714285714285,2169253,0.02606112388025324
2022-11-06,Schleswig-Holstein,13.2,11.414285714285715,0.7285714285714285,2922005,0.035104588668873275
2022-11-06,Thüringen,13.614285714285714,9.914285714285715,0.07142857142857144,2108863,0.025335606261456128
2022-11-13,Baden-Württemberg,13.471428571428572,7.514285714285714,0.7857142857142858,11124642,0.1336500045340346
2022-11-13,Bayern,13.17142857142857,8.042857142857143,0.5857142857142857,13176989,0.15830663490968286
2022-11-13,Berlin,13.485714285714286,10.614285714285714,0.028571428571428574,3677472,0.04418067111497029
2022-11-13,Brandenburg,13.67142857142857,9.685714285714285,0.15714285714285717,2537868,0.03048961662827274
2022-11-13,Bremen,14.142857142857142,10.242857142857144,0.2285714285714286,676463,0.008126938648192602
2022-11-13,Gesamt,13.485714285714286,10.614285714285714,0.028571428571428574,83237124,1
2022-11-13,Hamburg,13.457142857142857,11.028571428571428,0.15714285714285717,1853935,0.022272934370005385
2022-11-13,Hessen,12.414285714285715,8.714285714285714,0.6428571428571429,6295017,0.07562751687576327
2022-11-13,Mecklenburg-Vorpommern,13.27142857142857,10.657142857142857,0,1611160,0.01935626704257586
2022-11-13,Niedersachsen,14.057142857142857,10.514285714285714,0,8027031,0.096435708182325
2022-11-13,Nordrhein-Westfalen,15.485714285714286,11.242857142857144,0.07142857142857144,17924591,0.21534370889604498
2022-11-13,Rheinland-Pfalz,11.685714285714285,8.8,0.5857142857142857,4106485,0.04933477759274816
2022-11-13,Saarland,12.528571428571428,9.32857142857143,1.9571428571428573,982348,0.011801801321246995
2022-11-13,Sachsen,13.585714285714285,8.642857142857142,0.1,4043002,0.048572101073554634
2022-11-13,Sachsen-Anhalt,14.5,9.82857142857143,0.18571428571428572,2169253,0.02606112388025324
2022-11-13,Schleswig-Holstein,13.3,11.757142857142856,0.8428571428571429,2922005,0.035104588668873275
2022-11-13,Thüringen,12.471428571428572,8.657142857142857,0.1,2108863,0.025335606261456128
2022-11-20,Baden-Württemberg,11.257142857142858,7.4,4.1571428571428575,11124642,0.1336500045340346
2022-11-20,Bayern,10.757142857142856,6.814285714285714,3.3285714285714287,13176989,0.15830663490968286
2022-11-20,Berlin,5.871428571428572,3.642857142857143,0.5428571428571429,3677472,0.04418067111497029
2022-11-20,Brandenburg,5.4714285714285715,2.471428571428571,0.4285714285714286,2537868,0.03048961662827274
2022-11-20,Bremen,7.4714285714285715,4.614285714285714,3.0714285714285716,676463,0.008126938648192602
2022-11-20,Gesamt,5.871428571428572,3.642857142857143,0.5428571428571429,83237124,1
2022-11-20,Hamburg,6.271428571428571,3.9428571428571426,1.4714285714285715,1853935,0.022272934370005385
2022-11-20,Hessen,10.742857142857142,7.9714285714285715,6.357142857142857,6295017,0.07562751687576327
2022-11-20,Mecklenburg-Vorpommern,6.485714285714286,3.842857142857143,1.0142857142857142,1611160,0.01935626704257586
2022-11-20,Niedersachsen,6.928571428571429,4.0285714285714285,2.0714285714285716,8027031,0.096435708182325
2022-11-20,Nordrhein-Westfalen,10.928571428571429,7.985714285714286,4.271428571428571,17924591,0.21534370889604498
2022-11-20,Rheinland-Pfalz,10.214285714285714,7.285714285714286,4.828571428571429,4106485,0.04933477759274816
2022-11-20,Saarland,11.8,9.542857142857143,4.814285714285714,982348,0.011801801321246995
2022-11-20,Sachsen,6.857142857142857,3.3142857142857145,1.7285714285714286,4043002,0.048572101073554634
2022-11-20,Sachsen-Anhalt,6.714285714285714,3.4428571428571426,3.314285714285714,2169253,0.02606112388025324
2022-11-20,Schleswig-Holstein,7.028571428571429,5.8,0.32857142857142857,2922005,0.035104588668873275
2022-11-20,Thüringen,7.371428571428571,3.3714285714285714,3.0714285714285716,2108863,0.025335606261456128
2022-11-27,Baden-Württemberg,8.928571428571429,4.4,0.5142857142857142,11124642,0.1336500045340346
2022-11-27,Bayern,8.085714285714285,4.585714285714285,2.257142857142857,13176989,0.15830663490968286
2022-11-27,Berlin,5.2,3.442857142857143,0.6,3677472,0.04418067111497029
2022-11-27,Brandenburg,5.114285714285714,2.4,0.6142857142857142,2537868,0.03048961662827274
2022-11-27,Bremen,7.942857142857143,4.5285714285714285,0.8285714285714285,676463,0.008126938648192602
2022-11-27,Gesamt,5.2,3.442857142857143,0.6,83237124,1
2022-11-27,Hamburg,6.328571428571428,3.7714285714285714,0.8,1853935,0.022272934370005385
2022-11-27,Hessen,8.971428571428572,6.428571428571429,1.1285714285714286,6295017,0.07562751687576327
2022-11-27,Mecklenburg-Vorpommern,4.9,3.085714285714286,0.6142857142857142,1611160,0.01935626704257586
2022-11-27,Niedersachsen,8.22857142857143,5.085714285714285,0.22857142857142856,8027031,0.096435708182325
2022-11-27,Nordrhein-Westfalen,10.214285714285714,7.557142857142857,1.857142857142857,17924591,0.21534370889604498
2022-11-27,Rheinland-Pfalz,8.442857142857143,6.128571428571428,0.8428571428571429,4106485,0.04933477759274816
2022-11-27,Saarland,9.642857142857142,6.914285714285715,1.542857142857143,982348,0.011801801321246995
2022-11-27,Sachsen,6.6571428571428575,3.7142857142857144,1.0142857142857142,4043002,0.048572101073554634
2022-11-27,Sachsen-Anhalt,7.4714285714285715,3.8,0.6857142857142857,2169253,0.02606112388025324
2022-11-27,Schleswig-Holstein,6.5,4.828571428571428,0.6,2922005,0.035104588668873275
2022-11-27,Thüringen,7.1571428571428575,4.014285714285714,0.22857142857142856,2108863,0.025335606261456128
2022-12-04,Baden-Württemberg,4.371428571428571,3.4000000000000004,0.8428571428571429,11124642,0.1336500045340346
2022-12-04,Bayern,3.7,2.3285714285714287,0.9714285714285714,13176989,0.15830663490968286
2022-12-04,Berlin,2.6714285714285713,1.9142857142857144,0.24285714285714285,3677472,0.04418067111497029
2022-12-04,Brandenburg,2.6714285714285713,1.3,0.8571428571428571,2537868,0.03048961662827274
2022-12-04,Bremen,4.5285714285714285,3.2714285714285714,1.6714285714285717,676463,0.008126938648192602
2022-12-04,Gesamt,2.6714285714285713,1.9142857142857144,0.24285714285714285,83237124,1
2022-12-04,Hamburg,4.2,2.928571428571429,0.4857142857142857,1853935,0.022272934370005385
2022-12-04,Hessen,6.142857142857142,4.785714285714286,1.5999999999999999,6295017,0.07562751687576327
2022-12-04,Mecklenburg-Vorpommern,3.414285714285714,2.242857142857143,0.24285714285714285,1611160,0.01935626704257586
2022-12-04,Niedersachsen,3.557142857142857,2.4571428571428573,0.14285714285714285,8027031,0.096435708182325
2022-12-04,Nordrhein-Westfalen,5.671428571428572,4.6571428571428575,0.7714285714285715,17924591,0.21534370889604498
2022-12-04,Rheinland-Pfalz,4.9,3.685714285714286,1.5142857142857145,4106485,0.04933477759274816
2022-12-04,Saarland,6.614285714285714,5.214285714285714,1.3285714285714285,982348,0.011801801321246995
2022-12-04,Sachsen,4.5,2.9857142857142858,0.3142857142857143,4043002,0.048572101073554634
2022-12-04,Sachsen-Anhalt,2.9857142857142858,2.1857142857142855,2.3142857142857145,2169253,0.02606112388025324
2022-12-04,Schleswig-Holstein,5.728571428571429,4.628571428571429,1.2142857142857144,2922005,0.035104588668873275
2022-12-04,Thüringen,2.5571428571428574,1.5,2.0142857142857142,2108863,0.025335606261456128
2022-12-11,Baden-Württemberg,2.7714285714285714,0.6857142857142857,0.014285714285714285,11124642,0.1336500045340346
2022-12-11,Bayern,2.3714285714285714,0.7142857142857143,0.9285714285714286,13176989,0.15830663490968286
2022-12-11,Berlin,1.3571428571428572,0.5857142857142857,0.9428571428571428,3677472,0.04418067111497029
2022-12-11,Brandenburg,1.4142857142857144,0.12857142857142848,1.0142857142857142,2537868,0.03048961662827274
2022-12-11,Bremen,2.8857142857142857,1.1714285714285715,1.4,676463,0.008126938648192602
2022-12-11,Gesamt,1.3571428571428572,0.5857142857142857,0.9428571428571428,83237124,1
2022-12-11,Hamburg,2.4,0.6714285714285715,1.7285714285714284,1853935,0.022272934370005385
2022-12-11,Hessen,3.7142857142857144,1.8285714285714285,0.6285714285714286,6295017,0.07562751687576327
2022-12-11,Mecklenburg-Vorpommern,0.9857142857142859,-0.48571428571428593,2.0142857142857142,1611160,0.01935626704257586
2022-12-11,Niedersachsen,1.9285714285714286,0.3000000000000002,0.6714285714285715,8027031,0.096435708182325
2022-12-11,Nordrhein-Westfalen,3.3857142857142857,1.957142857142857,1.8714285714285712,17924591,0.21534370889604498
2022-12-11,Rheinland-Pfalz,3.3714285714285714,1.6285714285714283,0.12857142857142856,4106485,0.04933477759274816
2022-12-11,Saarland,3.642857142857143,1.8714285714285714,0.14285714285714285,982348,0.011801801321246995
2022-12-11,Sachsen,4.0285714285714285,2.5142857142857142,0.9,4043002,0.048572101073554634
2022-12-11,Sachsen-Anhalt,2.0857142857142854,0.7428571428571429,0.6857142857142857,2169253,0.02606112388025324
2022-12-11,Schleswig-Holstein,2.8857142857142857,1.3714285714285714,0.6571428571428571,2922005,0.035104588668873275
2022-12-11,Thüringen,1.2,-0.028571428571428595,0.2,2108863,0.025335606261456128
2022-12-18,Baden-Württemberg,-1.6428571428571428,-4.557142857142857,1.2428571428571429,11124642,0.1336500045340346
2022-12-18,Bayern,-1.7285714285714284,-3.757142857142857,2.9571428571428573,13176989,0.15830663490968286
2022-12-18,Berlin,-2.085714285714286,-3.9,0.27142857142857146,3677472,0.04418067111497029
2022-12-18,Brandenburg,-2.8142857142857145,-5.185714285714286,0.014285714285714285,2537868,0.03048961662827274
2022-12-18,Bremen,-0.7428571428571429,-4.985714285714286,0.05714285714285714,676463,0.008126938648192602
2022-12-18,Gesamt,-2.085714285714286,-3.9,0.27142857142857146,83237124,1
2022-12-18,Hamburg,-0.7714285714285716,-4.285714285714286,0.028571428571428574,1853935,0.022272934370005385
2022-12-18,Hessen,-1.9428571428571428,-3.9571428571428573,0.24285714285714285,6295017,0.07562751687576327
2022-12-18,Mecklenburg-Vorpommern,-1.7714285714285714,-4.6,0.028571428571428574,1611160,0.01935626704257586
2022-12-18,Niedersachsen,-0.21428571428571425,-5.171428571428572,0.04285714285714285,8027031,0.096435708182325
2022-12-18,Nordrhein-Westfalen,0.01428571428571441,-3.142857142857143,0.05714285714285714,17924591,0.21534370889604498
2022-12-18,Rheinland-Pfalz,-2.342857142857143,-4.328571428571428,0.2,4106485,0.04933477759274816
2022-12-18,Saarland,0.42857142857142855,-3.0285714285714285,0.014285714285714287,982348,0.011801801321246995
2022-12-18,Sachsen,-1.7714285714285714,-4.614285714285714,0.18571428571428572,4043002,0.048572101073554634
2022-12-18,Sachsen-Anhalt,-2.442857142857143,-5.9,0,2169253,0.02606112388025324
2022-12-18,Schleswig-Holstein,0.32857142857142857,-1.2714285714285714,0.1285714285714286,2922005,0.035104588668873275
2022-12-18,Thüringen,-3.0714285714285716,-7.228571428571429,0.02857142857142857,2108863,0.025335606261456128
2022-12-25,Baden-Württemberg,10.657142857142857,7.442857142857143,2.157142857142857,11124642,0.1336500045340346
2022-12-25,Bayern,9.9,6.728571428571429,3.4285714285714284,13176989,0.15830663490968286
2022-12-25,Berlin,6.5285714285714285,5.042857142857143,4.614285714285714,3677472,0.04418067111497029
2022-12-25,Brandenburg,7.7,5.057142857142857,5.9714285714285715,2537868,0.03048961662827274
2022-12-25,Bremen,9,6.857142857142857,5.585714285714286,676463,0.008126938648192602
2022-12-25,Gesamt,6.5285714285714285,5.042857142857143,4.614285714285714,83237124,1
2022-12-25,Hamburg,8.528571428571428,6.128571428571429,3.9714285714285715,1853935,0.022272934370005385
2022-12-25,Hessen,8.6,6.242857142857143,5.914285714285715,6295017,0.07562751687576327
2022-12-25,Mecklenburg-Vorpommern,6.714285714285714,4.714285714285714,3.8142857142857145,1611160,0.01935626704257586
2022-12-25,Niedersachsen,9.214285714285715,7.142857142857143,6.9714285714285715,8027031,0.096435708182325
2022-12-25,Nordrhein-Westfalen,11.542857142857143,9.214285714285714,7.6,17924591,0.21534370889604498
2022-12-25,Rheinland-Pfalz,9.214285714285714,6.871428571428571,3.4142857142857146,4106485,0.04933477759274816
2022-12-25,Saarland,12.8,9.814285714285715,5.685714285714286,982348,0.011801801321246995
2022-12-25,Sachsen,7.8,4.871428571428571,1.3714285714285714,4043002,0.048572101073554634
2022-12-25,Sachsen-Anhalt,9.257142857142856,6.171428571428572,4.685714285714286,2169253,0.02606112388025324
2022-12-25,Schleswig-Holstein,7.385714285714286,5.457142857142857,1.3857142857142857,2922005,0.035104588668873275
2022-12-25,Thüringen,9.885714285714286,7.114285714285714,1.4857142857142858,2108863,0.025335606261456128
2022-12-31,Baden-Württemberg,12.1125,7.6,1.925,11124642,0.1336500045340346
2022-12-31,Bayern,13.3,8.3625,1.7,13176989,0.15830663490968286
2022-12-31,Berlin,10.45,8.8875,1.2375,3677472,0.04418067111497029
2022-12-31,Brandenburg,10.875,8.475,1.05,2537868,0.03048961662827274
2022-12-31,Bremen,11.5625,9.0625,5.075,676463,0.008126938648192602
2022-12-31,Gesamt,10.45,8.8875,1.2375,83237124,1
2022-12-31,Hamburg,10.825,8.65,7.025,1853935,0.022272934370005385
2022-12-31,Hessen,10.7875,8.15,1.5875,6295017,0.07562751687576327
2022-12-31,Mecklenburg-Vorpommern,9.925,7.8375,6.2375,1611160,0.01935626704257586
2022-12-31,Niedersachsen,11.775,9.4375,5.5125,8027031,0.096435708182325
2022-12-31,Nordrhein-Westfalen,12.9125,10.1625,2.5,17924591,0.21534370889604498
2022-12-31,Rheinland-Pfalz,11.45,8.7625,1.9,4106485,0.04933477759274816
2022-12-31,Saarland,12,8.8625,1.7625,982348,0.011801801321246995
2022-12-31,Sachsen,13.137500000000001,9.725,0.5875,4043002,0.048572101073554634
2022-12-31,Sachsen-Anhalt,11.875,9.475,1.0375,2169253,0.02606112388025324
2022-12-31,Schleswig-Holstein,10.2125,7.949999999999999,4.85,2922005,0.035104588668873275
2022-12-31,Thüringen,11.075,8.4,0.875,2108863,0.025335606261456128
2023-01-08,Baden-Württemberg,11.3,8.128571428571428,1.1285714285714286,11124642,0.1336500045340346
2023-01-08,Bayern,11.142857142857142,7.571428571428571,0.5142857142857142,13176989,0.15830663490968286
2023-01-08,Berlin,10.214285714285714,7.957142857142857,2.4,3677472,0.04418067111497029
2023-01-08,Brandenburg,10.3,7.6571428571428575,3.3428571428571425,2537868,0.03048961662827274
2023-01-08,Bremen,10.8,8.542857142857143,3.4428571428571426,676463,0.008126938648192602
2023-01-08,Gesamt,10.214285714285714,7.957142857142857,2.4,83237124,1
2023-01-08,Hamburg,10.428571428571429,8.128571428571428,3.785714285714286,1853935,0.022272934370005385
2023-01-08,Hessen,10.257142857142858,8.142857142857142,2,6295017,0.07562751687576327
2023-01-08,Mecklenburg-Vorpommern,9.77142857142857,7.228571428571429,3.9714285714285715,1611160,0.01935626704257586
2023-01-08,Niedersachsen,11.414285714285715,9.085714285714285,3.1714285714285713,8027031,0.096435708182325
2023-01-08,Nordrhein-Westfalen,11.985714285714286,9.971428571428572,1.9428571428571428,17924591,0.21534370889604498
2023-01-08,Rheinland-Pfalz,10.8,8.914285714285715,1.7428571428571429,4106485,0.04933477759274816
2023-01-08,Saarland,11.485714285714286,9.428571428571429,4.385714285714285,982348,0.011801801321246995
2023-01-08,Sachsen,11.814285714285715,8.414285714285715,1.0857142857142856,4043002,0.048572101073554634
2023-01-08,Sachsen-Anhalt,11.571428571428571,8.814285714285715,2.071428571428571,2169253,0.02606112388025324
2023-01-08,Schleswig-Holstein,9.428571428571429,7.442857142857143,3.9,2922005,0.035104588668873275
2023-01-08,Thüringen,10.585714285714285,8.142857142857142,0.5571428571428572,2108863,0.025335606261456128
2023-01-15,Baden-Württemberg,9.428571428571429,6.642857142857143,1.1714285714285715,11124642,0.1336500045340346
2023-01-15,Bayern,9.8,6.2,0.9571428571428571,13176989,0.15830663490968286
2023-01-15,Berlin,8.957142857142857,7.4714285714285715,3.857142857142857,3677472,0.04418067111497029
2023-01-15,Brandenburg,8.914285714285715,6.685714285714286,3.5,2537868,0.03048961662827274
2023-01-15,Bremen,9.357142857142858,7.385714285714285,4.4714285714285715,676463,0.008126938648192602
2023-01-15,Gesamt,8.957142857142857,7.4714285714285715,3.857142857142857,83237124,1
2023-01-15,Hamburg,8.985714285714286,7.185714285714286,5.257142857142857,1853935,0.022272934370005385
2023-01-15,Hessen,9.271428571428572,6.871428571428571,6.814285714285714,6295017,0.07562751687576327
2023-01-15,Mecklenburg-Vorpommern,8.342857142857143,6.585714285714285,5.842857142857143,1611160,0.01935626704257586
2023-01-15,Niedersachsen,9.585714285714285,7.614285714285715,3.9714285714285715,8027031,0.096435708182325
2023-01-15,Nordrhein-Westfalen,10.014285714285714,8.057142857142857,5.5,17924591,0.21534370889604498
2023-01-15,Rheinland-Pfalz,9.342857142857143,7.0285714285714285,2.6714285714285713,4106485,0.04933477759274816
2023-01-15,Saarland,9.385714285714286,7.357142857142858,5.785714285714286,982348,0.011801801321246995
2023-01-15,Sachsen,10.32857142857143,7.542857142857143,1.5857142857142856,4043002,0.048572101073554634
2023-01-15,Sachsen-Anhalt,10.057142857142857,7.628571428571429,2.585714285714286,2169253,0.02606112388025324
2023-01-15,Schleswig-Holstein,8.585714285714285,6.871428571428572,5.014285714285714,2922005,0.035104588668873275
2023-01-15,Thüringen,8.442857142857143,6.042857142857143,0.8142857142857143,2108863,0.025335606261456128
2023-01-22,Baden-Württemberg,1.7142857142857144,-0.5142857142857143,1.0142857142857142,11124642,0.1336500045340346
2023-01-22,Bayern,1.4857142857142858,-0.18571428571428583,1.0428571428571427,13176989,0.15830663490968286
2023-01-22,Berlin,3.1285714285714286,1.5285714285714287,1.4428571428571428,3677472,0.04418067111497029
2023-01-22,Brandenburg,3.2714285714285714,1.0857142857142859,0.8714285714285714,2537868,0.03048961662827274
2023-01-22,Bremen,3.8857142857142857,1.7428571428571429,0.37142857142857144,676463,0.008126938648192602
2023-01-22,Gesamt,3.1285714285714286,1.5285714285714287,1.4428571428571428,83237124,1
2023-01-22,Hamburg,4.057142857142857,2.0285714285714285,0.5571428571428572,1853935,0.022272934370005385
2023-01-22,Hessen,2.6142857142857143,0.7142857142857142,1.9285714285714286,6295017,0.07562751687576327
2023-01-22,Mecklenburg-Vorpommern,3.1,1.4857142857142858,0.34285714285714286,1611160,0.01935626704257586
2023-01-22,Niedersachsen,3.3714285714285714,1.142857142857143,1.4714285714285713,8027031,0.096435708182325
2023-01-22,Nordrhein-Westfalen,3.5428571428571427,1.1428571428571428,1.157142857142857,17924591,0.21534370889604498
2023-01-22,Rheinland-Pfalz,2.7142857142857144,0.9,1.1285714285714286,4106485,0.04933477759274816
2023-01-22,Saarland,3.257142857142857,1.2857142857142858,3.0571428571428574,982348,0.011801801321246995
2023-01-22,Sachsen,3.2,1.0571428571428572,1.542857142857143,4043002,0.048572101073554634
2023-01-22,Sachsen-Anhalt,3.414285714285714,1.0142857142857142,0.4714285714285714,2169253,0.02606112388025324
2023-01-22,Schleswig-Holstein,4.214285714285714,2.6142857142857143,0.4000000000000001,2922005,0.035104588668873275
2023-01-22,Thüringen,1.7428571428571429,-0.41428571428571437,0.8142857142857143,2108863,0.025335606261456128
2023-01-29,Baden-Württemberg,1.2142857142857142,-0.04285714285714284,0,11124642,0.1336500045340346
2023-01-29,Bayern,0.22857142857142856,-0.7571428571428571,0.1,13176989,0.15830663490968286
2023-01-29,Berlin,1.6714285714285715,0.4,0.02857142857142857,3677472,0.04418067111497029
2023-01-29,Brandenburg,1.6714285714285715,0.4571428571428571,0.08571428571428572,2537868,0.03048961662827274
2023-01-29,Bremen,3.6142857142857143,1.7,0.5714285714285714,676463,0.008126938648192602
2023-01-29,Gesamt,1.6714285714285715,0.4,0.02857142857142857,83237124,1
2023-01-29,Hamburg,3.1285714285714286,1.5285714285714287,0.6999999999999998,1853935,0.022272934370005385
2023-01-29,Hessen,2.185714285714286,0.7857142857142858,0,6295017,0.07562751687576327
2023-01-29,Mecklenburg-Vorpommern,2.4,0.9428571428571428,0.32857142857142857,1611160,0.01935626704257586
2023-01-29,Niedersachsen,1.8857142857142857,0.7142857142857143,0.27142857142857146,8027031,0.096435708182325
2023-01-29,Nordrhein-Westfalen,3.3000000000000003,1.2571428571428571,0.014285714285714285,17924591,0.21534370889604498
2023-01-29,Rheinland-Pfalz,1.9,0.5714285714285714,0.05714285714285715,4106485,0.04933477759274816
2023-01-29,Saarland,2.342857142857143,1.0714285714285714,0.2285714285714286,982348,0.011801801321246995
2023-01-29,Sachsen,1.5571428571428572,0.44285714285714284,0.014285714285714285,4043002,0.048572101073554634
2023-01-29,Sachsen-Anhalt,1.8857142857142857,0.7714285714285714,0.18571428571428572,2169253,0.02606112388025324
2023-01-29,Schleswig-Holstein,3.571428571428571,2.057142857142857,0.014285714285714287,2922005,0.035104588668873275
2023-01-29,Thüringen,-0.7142857142857143,-1.7571428571428571,0.11428571428571428,2108863,0.025335606261456128
2023-02-05,Baden-Württemberg,5.285714285714286,3.4285714285714284,1.8,11124642,0.1336500045340346
2023-02-05,Bayern,4.671428571428572,2.842857142857143,0.9571428571428571,13176989,0.15830663490968286
2023-02-05,Berlin,4.7,2.9857142857142858,3.557142857142857,3677472,0.04418067111497029
2023-02-05,Brandenburg,5.714285714285714,2.7285714285714286,2.7285714285714286,2537868,0.03048961662827274
2023-02-05,Bremen,7.228571428571429,5.042857142857143,2.8,676463,0.008126938648192602
2023-02-05,Gesamt,4.7,2.9857142857142858,3.557142857142857,83237124,1
2023-02-05,Hamburg,6.5,4.271428571428571,5.914285714285715,1853935,0.022272934370005385
2023-02-05,Hessen,6.885714285714286,5.1,1.7285714285714284,6295017,0.07562751687576327
2023-02-05,Mecklenburg-Vorpommern,5.757142857142857,3.3428571428571425,4.8,1611160,0.01935626704257586
2023-02-05,Niedersachsen,6.542857142857143,4.4,2.157142857142857,8027031,0.096435708182325
2023-02-05,Nordrhein-Westfalen,8.657142857142857,6.8,0.7285714285714285,17924591,0.21534370889604498
2023-02-05,Rheinland-Pfalz,7.242857142857143,5.4714285714285715,1.1142857142857143,4106485,0.04933477759274816
2023-02-05,Saarland,7.642857142857142,5.5,0.7142857142857143,982348,0.011801801321246995
2023-02-05,Sachsen,5.7,3.2857142857142856,2.642857142857143,4043002,0.048572101073554634
2023-02-05,Sachsen-Anhalt,6.8999999999999995,4.071428571428571,2.2714285714285714,2169253,0.02606112388025324
2023-02-05,Schleswig-Holstein,6.785714285714286,4.3428571428571425,2.6857142857142855,2922005,0.035104588668873275
2023-02-05,Thüringen,4.085714285714285,2.1857142857142855,1.3,2108863,0.025335606261456128
2023-02-12,Baden-Württemberg,4.5,-0.1142857142857144,0,11124642,0.1336500045340346
2023-02-12,Bayern,4.057142857142857,-0.35714285714285715,0,13176989,0.15830663490968286
2023-02-12,Berlin,4.185714285714286,1.2714285714285714,0.11428571428571428,3677472,0.04418067111497029
2023-02-12,Brandenburg,4.414285714285715,0.6857142857142857,0.15714285714285714,2537868,0.03048961662827274
2023-02-12,Bremen,6.3428571428571425,2.8000000000000003,0.24285714285714288,676463,0.008126938648192602
2023-02-12,Gesamt,4.185714285714286,1.2714285714285714,0.11428571428571428,83237124,1
2023-02-12,Hamburg,5.514285714285714,2.4285714285714284,0.05714285714285714,1853935,0.022272934370005385
2023-02-12,Hessen,5.071428571428571,1.4428571428571426,0,6295017,0.07562751687576327
2023-02-12,Mecklenburg-Vorpommern,5.171428571428572,2.1142857142857143,0.02857142857142857,1611160,0.01935626704257586
2023-02-12,Niedersachsen,5.800000000000001,2.4571428571428573,0,8027031,0.096435708182325
2023-02-12,Nordrhein-Westfalen,7.4714285714285715,3.3714285714285714,0,17924591,0.21534370889604498
2023-02-12,Rheinland-Pfalz,5.271428571428571,2.1428571428571432,0,4106485,0.04933477759274816
2023-02-12,Saarland,6.814285714285715,2.4714285714285715,0.02857142857142857,982348,0.011801801321246995
2023-02-12,Sachsen,3.928571428571429,0.02857142857142847,0.12857142857142856,4043002,0.048572101073554634
2023-02-12,Sachsen-Anhalt,4.185714285714286,1.4142857142857144,0.057142857142857134,2169253,0.02606112388025324
2023-02-12,Schleswig-Holstein,5.557142857142857,3.585714285714286,0,2922005,0.035104588668873275
2023-02-12,Thüringen,2.871428571428571,-0.08571428571428566,0,2108863,0.025335606261456128
2023-02-19,Baden-Württemberg,11.857142857142858,6.085714285714285,0,11124642,0.1336500045340346
2023-02-19,Bayern,9.871428571428572,5.671428571428572,0.44285714285714284,13176989,0.15830663490968286
2023-02-19,Berlin,8.6,5.857142857142857,2.1571428571428575,3677472,0.04418067111497029
2023-02-19,Brandenburg,9.5,5.642857142857143,1.9,2537868,0.03048961662827274
2023-02-19,Bremen,10.014285714285714,6.185714285714286,2.5142857142857142,676463,0.008126938648192602
2023-02-19,Gesamt,8.6,5.857142857142857,2.1571428571428575,83237124,1
2023-02-19,Hamburg,9.142857142857142,5.8999999999999995,2.857142857142857,1853935,0.022272934370005385
2023-02-19,Hessen,7.728571428571429,5.5,0.6285714285714286,6295017,0.07562751687576327
2023-02-19,Mecklenburg-Vorpommern,7.485714285714286,4.757142857142857,1.9142857142857144,1611160,0.01935626704257586
2023-02-19,Niedersachsen,10.72857142857143,6.414285714285715,2.1285714285714286,8027031,0.096435708182325
2023-02-19,Nordrhein-Westfalen,12.985714285714286,8.757142857142856,0.4857142857142857,17924591,0.21534370889604498
2023-02-19,Rheinland-Pfalz,8.742857142857144,5.785714285714286,0.15714285714285714,4106485,0.04933477759274816
2023-02-19,Saarland,12.2,7.2,0.07142857142857142,982348,0.011801801321246995
2023-02-19,Sachsen,9.8,6.085714285714285,1.9000000000000001,4043002,0.048572101073554634
2023-02-19,Sachsen-Anhalt,10.828571428571427,6.3,1.9285714285714286,2169253,0.02606112388025324
2023-02-19,Schleswig-Holstein,6.9,5.085714285714285,0.8571428571428571,2922005,0.035104588668873275
2023-02-19,Thüringen,9.657142857142857,4.857142857142857,1.5857142857142859,2108863,0.025335606261456128
2023-02-26,Baden-Württemberg,10.82857142857143,5.771428571428571,0.8714285714285714,11124642,0.1336500045340346
2023-02-26,Bayern,10.957142857142857,6.071428571428571,3.585714285714286,13176989,0.15830663490968286
2023-02-26,Berlin,7.728571428571429,5.285714285714286,1.7428571428571429,3677472,0.04418067111497029
2023-02-26,Brandenburg,7.9,4.785714285714286,1.7142857142857144,2537868,0.03048961662827274
2023-02-26,Bremen,8.514285714285714,5.8428571428571425,0.5142857142857142,676463,0.008126938648192602
2023-02-26,Gesamt,7.728571428571429,5.285714285714286,1.7428571428571429,83237124,1
2023-02-26,Hamburg,8.042857142857143,5.357142857142857,2.2,1853935,0.022272934370005385
2023-02-26,Hessen,9.628571428571428,5.785714285714286,0.7142857142857143,6295017,0.07562751687576327
2023-02-26,Mecklenburg-Vorpommern,6.828571428571429,4.614285714285714,1.8142857142857143,1611160,0.01935626704257586
2023-02-26,Niedersachsen,7.985714285714286,5.3428571428571425,1.5714285714285716,8027031,0.096435708182325
2023-02-26,Nordrhein-Westfalen,8.2,5.771428571428571,1.3857142857142857,17924591,0.21534370889604498
2023-02-26,Rheinland-Pfalz,10.114285714285714,6.485714285714286,0.17142857142857143,4106485,0.04933477759274816
2023-02-26,Saarland,11.299999999999999,6.142857142857142,0.32857142857142857,982348,0.011801801321246995
2023-02-26,Sachsen,9.585714285714285,6.5,2,4043002,0.048572101073554634
2023-02-26,Sachsen-Anhalt,8.757142857142858,5.828571428571429,0.8857142857142857,2169253,0.02606112388025324
2023-02-26,Schleswig-Holstein,6.557142857142857,5.128571428571428,0.7857142857142857,2922005,0.035104588668873275
2023-02-26,Thüringen,8.542857142857143,5.3428571428571425,0.8857142857142858,2108863,0.025335606261456128
2023-03-05,Baden-Württemberg,5.771428571428571,1.4142857142857144,0,11124642,0.1336500045340346
2023-03-05,Bayern,5.557142857142857,1.3285714285714285,0,13176989,0.15830663490968286
2023-03-05,Berlin,5.2,1.5285714285714285,0.2,3677472,0.04418067111497029
2023-03-05,Brandenburg,5.5285714285714285,1.4,0.5142857142857143,2537868,0.03048961662827274
2023-03-05,Bremen,6.357142857142857,2.442857142857143,1.2571428571428571,676463,0.008126938648192602
2023-03-05,Gesamt,5.2,1.5285714285714285,0.2,83237124,1
2023-03-05,Hamburg,6.1000000000000005,2.1,0.4285714285714286,1853935,0.022272934370005385
2023-03-05,Hessen,6.914285714285715,3.157142857142857,0.014285714285714285,6295017,0.07562751687576327
2023-03-05,Mecklenburg-Vorpommern,5.357142857142858,1.5142857142857142,0.014285714285714285,1611160,0.01935626704257586
2023-03-05,Niedersachsen,5.3,1.2285714285714286,0.12857142857142856,8027031,0.096435708182325
2023-03-05,Nordrhein-Westfalen,6.942857142857143,2.757142857142857,0.04285714285714285,17924591,0.21534370889604498
2023-03-05,Rheinland-Pfalz,6.642857142857143,2.814285714285714,0.02857142857142857,4106485,0.04933477759274816
2023-03-05,Saarland,7.542857142857143,2.5714285714285716,0,982348,0.011801801321246995
2023-03-05,Sachsen,5.0285714285714285,0.8571428571428572,0.07142857142857144,4043002,0.048572101073554634
2023-03-05,Sachsen-Anhalt,5.457142857142857,1.5571428571428574,0.35714285714285715,2169253,0.02606112388025324
2023-03-05,Schleswig-Holstein,6.057142857142857,3.414285714285714,0,2922005,0.035104588668873275
2023-03-05,Thüringen,3.4714285714285715,6.344131569286608e-17,0.0857142857142857,2108863,0.025335606261456128
2023-03-12,Baden-Württemberg,9.5,5.485714285714286,2.185714285714286,11124642,0.1336500045340346
2023-03-12,Bayern,9.571428571428571,5.628571428571428,1.0857142857142856,13176989,0.15830663490968286
2023-03-12,Berlin,3.6142857142857143,1.7428571428571429,4.542857142857143,3677472,0.04418067111497029
2023-03-12,Brandenburg,4.0285714285714285,1.2428571428571429,4.557142857142857,2537868,0.03048961662827274
2023-03-12,Bremen,4.371428571428572,1.3285714285714285,4.685714285714285,676463,0.008126938648192602
2023-03-12,Gesamt,3.6142857142857143,1.7428571428571429,4.542857142857143,83237124,1
2023-03-12,Hamburg,4.8428571428571425,1.4714285714285713,2.5,1853935,0.022272934370005385
2023-03-12,Hessen,8.757142857142856,5.142857142857142,6.3,6295017,0.07562751687576327
2023-03-12,Mecklenburg-Vorpommern,3.8428571428571425,0.9857142857142857,2.3,1611160,0.01935626704257586
2023-03-12,Niedersachsen,4.085714285714285,1.2714285714285714,6.528571428571429,8027031,0.096435708182325
2023-03-12,Nordrhein-Westfalen,7.728571428571429,4.014285714285714,6.571428571428571,17924591,0.21534370889604498
2023-03-12,Rheinland-Pfalz,9.014285714285714,5.114285714285715,2.6142857142857143,4106485,0.04933477759274816
2023-03-12,Saarland,9.542857142857143,5.885714285714286,8.642857142857142,982348,0.011801801321246995
2023-03-12,Sachsen,7.657142857142857,4,3.1857142857142855,4043002,0.048572101073554634
2023-03-12,Sachsen-Anhalt,4.985714285714286,2.1142857142857143,4.985714285714286,2169253,0.02606112388025324
2023-03-12,Schleswig-Holstein,4.1,1.8428571428571427,0.6571428571428571,2922005,0.035104588668873275
2023-03-12,Thüringen,6.1571428571428575,2.357142857142857,3.342857142857143,2108863,0.025335606261456128
2023-03-19,Baden-Württemberg,15.057142857142857,8.471428571428572,3.971428571428571,11124642,0.1336500045340346
2023-03-19,Bayern,14.014285714285714,8.12857142857143,2.0714285714285716,13176989,0.15830663490968286
2023-03-19,Berlin,13.1,8.614285714285714,1.5142857142857142,3677472,0.04418067111497029
2023-03-19,Brandenburg,14.142857142857142,8.028571428571428,1.8571428571428572,2537868,0.03048961662827274
2023-03-19,Bremen,13.228571428571428,8.3,1.1,676463,0.008126938648192602
2023-03-19,Gesamt,13.1,8.614285714285714,1.5142857142857142,83237124,1
2023-03-19,Hamburg,13.385714285714286,8.228571428571428,1.4285714285714286,1853935,0.022272934370005385
2023-03-19,Hessen,12.5,7.9714285714285715,3.242857142857143,6295017,0.07562751687576327
2023-03-19,Mecklenburg-Vorpommern,12.928571428571429,7.714285714285714,1.3714285714285714,1611160,0.01935626704257586
2023-03-19,Niedersachsen,13.771428571428572,8.842857142857143,1.042857142857143,8027031,0.096435708182325
2023-03-19,Nordrhein-Westfalen,14.157142857142857,9.8,3.8857142857142857,17924591,0.21534370889604498
2023-03-19,Rheinland-Pfalz,12.9,8.571428571428571,2.028571428571429,4106485,0.04933477759274816
2023-03-19,Saarland,14.428571428571429,8.814285714285713,5.3,982348,0.011801801321246995
2023-03-19,Sachsen,13.114285714285714,8.185714285714287,1.342857142857143,4043002,0.048572101073554634
2023-03-19,Sachsen-Anhalt,14.414285714285715,8.77142857142857,1.3285714285714285,2169253,0.02606112388025324
2023-03-19,Schleswig-Holstein,11.1,7.614285714285714,1.3142857142857143,2922005,0.035104588668873275
2023-03-19,Thüringen,13.042857142857143,7.957142857142857,1.5714285714285716,2108863,0.025335606261456128
2023-03-26,Baden-Württemberg,15.214285714285715,10.814285714285715,1.4285714285714286,11124642,0.1336500045340346
2023-03-26,Bayern,14.8,10.914285714285715,1.0142857142857142,13176989,0.15830663490968286
2023-03-26,Berlin,12.928571428571429,10.385714285714286,1.2142857142857142,3677472,0.04418067111497029
2023-03-26,Brandenburg,14.428571428571429,10.242857142857144,1.842857142857143,2537868,0.03048961662827274
2023-03-26,Bremen,12.214285714285714,9.67142857142857,3.2714285714285714,676463,0.008126938648192602
2023-03-26,Gesamt,12.928571428571429,10.385714285714286,1.2142857142857142,83237124,1
2023-03-26,Hamburg,11.914285714285715,9.3,6.328571428571428,1853935,0.022272934370005385
2023-03-26,Hessen,13.5,10.014285714285714,3.2,6295017,0.07562751687576327
2023-03-26,Mecklenburg-Vorpommern,11.67142857142857,8.9,3.6857142857142855,1611160,0.01935626704257586
2023-03-26,Niedersachsen,12.614285714285714,9.914285714285715,1.842857142857143,8027031,0.096435708182325
2023-03-26,Nordrhein-Westfalen,12.371428571428572,10.242857142857144,3.914285714285714,17924591,0.21534370889604498
2023-03-26,Rheinland-Pfalz,13.885714285714286,10.357142857142858,4.414285714285714,4106485,0.04933477759274816
2023-03-26,Saarland,14.8,10.5,3.6285714285714286,982348,0.011801801321246995
2023-03-26,Sachsen,16.042857142857144,11.385714285714286,2.528571428571429,4043002,0.048572101073554634
2023-03-26,Sachsen-Anhalt,14.585714285714285,10.957142857142857,1.3571428571428572,2169253,0.02606112388025324
2023-03-26,Schleswig-Holstein,10.057142857142857,8.242857142857142,3.3,2922005,0.035104588668873275
2023-03-26,Thüringen,13.157142857142857,9.585714285714285,2.285714285714286,2108863,0.025335606261456128
2023-04-02,Baden-Württemberg,12.028571428571428,8,2.3714285714285714,11124642,0.1336500045340346
2023-04-02,Bayern,11.514285714285714,7.371428571428572,3.3142857142857145,13176989,0.15830663490968286
2023-04-02,Berlin,9.5,6.6571428571428575,2.3,3677472,0.04418067111497029
2023-04-02,Brandenburg,11.814285714285715,6.585714285714285,2.8714285714285714,2537868,0.03048961662827274
2023-04-02,Bremen,11.385714285714286,7.442857142857143,2.257142857142857,676463,0.008126938648192602
2023-04-02,Gesamt,9.5,6.6571428571428575,2.3,83237124,1
2023-04-02,Hamburg,10.2,6.514285714285714,3.314285714285714,1853935,0.022272934370005385
2023-04-02,Hessen,11.214285714285714,8.014285714285714,6.585714285714285,6295017,0.07562751687576327
2023-04-02,Mecklenburg-Vorpommern,9.957142857142857,5.985714285714286,2.8857142857142857,1611160,0.01935626704257586
2023-04-02,Niedersachsen,10.971428571428572,7.185714285714286,2.342857142857143,8027031,0.096435708182325
2023-04-02,Nordrhein-Westfalen,11.8,8.27142857142857,3.2142857142857144,17924591,0.21534370889604498
2023-04-02,Rheinland-Pfalz,12.142857142857142,8.271428571428572,3.6999999999999997,4106485,0.04933477759274816
2023-04-02,Saarland,13.071428571428571,9,4.5,982348,0.011801801321246995
2023-04-02,Sachsen,11.571428571428571,7.3428571428571425,1.3571428571428572,4043002,0.048572101073554634
2023-04-02,Sachsen-Anhalt,11.842857142857143,7.357142857142857,2.557142857142857,2169253,0.02606112388025324
2023-04-02,Schleswig-Holstein,8.114285714285714,5.657142857142857,1.957142857142857,2922005,0.035104588668873275
2023-04-02,Thüringen,10.314285714285715,6.5,3.942857142857143,2108863,0.025335606261456128
2023-04-09,Baden-Württemberg,10.185714285714285,5.514285714285714,0.9285714285714286,11124642,0.1336500045340346
2023-04-09,Bayern,8.371428571428572,4.385714285714285,0.04285714285714285,13176989,0.15830663490968286
2023-04-09,Berlin,8.214285714285714,4.685714285714286,0.18571428571428572,3677472,0.04418067111497029
2023-04-09,Brandenburg,10.057142857142857,4.514285714285714,0.37142857142857144,2537868,0.03048961662827274
2023-04-09,Bremen,11.442857142857143,6.2,0,676463,0.008126938648192602
2023-04-09,Gesamt,8.214285714285714,4.685714285714286,0.18571428571428572,83237124,1
2023-04-09,Hamburg,10.071428571428571,5.114285714285714,0,1853935,0.022272934370005385
2023-04-09,Hessen,10.485714285714286,6.242857142857143,0.9857142857142858,6295017,0.07562751687576327
2023-04-09,Mecklenburg-Vorpommern,8.757142857142856,4.385714285714286,0.04285714285714285,1611160,0.01935626704257586
2023-04-09,Niedersachsen,10.485714285714286,4.9714285714285715,0,8027031,0.096435708182325
2023-04-09,Nordrhein-Westfalen,11.571428571428571,6.614285714285714,1.4142857142857141,17924591,0.21534370889604498
2023-04-09,Rheinland-Pfalz,10.542857142857143,6.4,0.42857142857142855,4106485,0.04933477759274816
2023-04-09,Saarland,12.514285714285714,6.771428571428571,0.6857142857142857,982348,0.011801801321246995
2023-04-09,Sachsen,9.542857142857143,4.685714285714286,0.32857142857142857,4043002,0.048572101073554634
2023-04-09,Sachsen-Anhalt,10.528571428571428,5.271428571428571,0.2,2169253,0.02606112388025324
2023-04-09,Schleswig-Holstein,7.557142857142857,5.014285714285714,0,2922005,0.035104588668873275
2023-04-09,Thüringen,8.542857142857143,3.9142857142857146,0.12857142857142856,2108863,0.025335606261456128
2023-04-16,Baden-Württemberg,13.057142857142857,8.357142857142858,5,11124642,0.1336500045340346
2023-04-16,Bayern,11.5,7.514285714285714,6.571428571428571,13176989,0.15830663490968286
2023-04-16,Berlin,12.285714285714286,9.342857142857143,3.642857142857143,3677472,0.04418067111497029
2023-04-16,Brandenburg,12.914285714285715,8.814285714285715,3.942857142857143,2537868,0.03048961662827274
2023-04-16,Bremen,13.142857142857142,8.714285714285714,3,676463,0.008126938648192602
2023-04-16,Gesamt,12.285714285714286,9.342857142857143,3.642857142857143,83237124,1
2023-04-16,Hamburg,12.757142857142858,8.471428571428572,2.3285714285714283,1853935,0.022272934370005385
2023-04-16,Hessen,13.514285714285714,8.857142857142858,2.9,6295017,0.07562751687576327
2023-04-16,Mecklenburg-Vorpommern,13.257142857142856,8.485714285714286,1.8714285714285714,1611160,0.01935626704257586
2023-04-16,Niedersachsen,13.27142857142857,8.557142857142857,2.142857142857143,8027031,0.096435708182325
2023-04-16,Nordrhein-Westfalen,14.414285714285715,9.614285714285714,2.0714285714285716,17924591,0.21534370889604498
2023-04-16,Rheinland-Pfalz,13.942857142857143,9.32857142857143,2.8142857142857145,4106485,0.04933477759274816
2023-04-16,Saarland,15.4,9.885714285714286,3.1142857142857143,982348,0.011801801321246995
2023-04-16,Sachsen,13.414285714285715,9.157142857142858,4.671428571428572,4043002,0.048572101073554634
2023-04-16,Sachsen-Anhalt,13.157142857142857,8.928571428571429,3.5857142857142854,2169253,0.02606112388025324
2023-04-16,Schleswig-Holstein,10.814285714285715,8.071428571428571,2.2285714285714286,2922005,0.035104588668873275
2023-04-16,Thüringen,11.428571428571429,7.571428571428571,4.357142857142857,2108863,0.025335606261456128
2023-04-23,Baden-Württemberg,14.714285714285714,9.771428571428572,1.1142857142857143,11124642,0.1336500045340346
2023-04-23,Bayern,14.728571428571428,9.971428571428572,3.4285714285714284,13176989,0.15830663490968286
2023-04-23,Berlin,15.242857142857144,11.042857142857143,1.3142857142857143,3677472,0.04418067111497029
2023-04-23,Brandenburg,17.057142857142857,10.814285714285715,1.7285714285714286,2537868,0.03048961662827274
2023-04-23,Bremen,16.97142857142857,11.6,0.7714285714285715,676463,0.008126938648192602
2023-04-23,Gesamt,15.242857142857144,11.042857142857143,1.3142857142857143,83237124,1
2023-04-23,Hamburg,16.142857142857142,10.771428571428572,1.0857142857142859,1853935,0.022272934370005385
2023-04-23,Hessen,15.742857142857144,10.857142857142858,2.3714285714285714,6295017,0.07562751687576327
2023-04-23,Mecklenburg-Vorpommern,16.571428571428573,10.67142857142857,1.3714285714285714,1611160,0.01935626704257586
2023-04-23,Niedersachsen,16.885714285714286,11.414285714285715,1.0285714285714285,8027031,0.096435708182325
2023-04-23,Nordrhein-Westfalen,16.685714285714287,11.242857142857144,2.742857142857143,17924591,0.21534370889604498
2023-04-23,Rheinland-Pfalz,15.8,10.642857142857142,1.1857142857142857,4106485,0.04933477759274816
2023-04-23,Saarland,16.17142857142857,11.057142857142857,0.9428571428571428,982348,0.011801801321246995
2023-04-23,Sachsen,15.114285714285714,10.314285714285715,1.1714285714285715,4043002,0.048572101073554634
2023-04-23,Sachsen-Anhalt,16.442857142857143,11.585714285714285,1.3142857142857143,2169253,0.02606112388025324
2023-04-23,Schleswig-Holstein,11.871428571428572,9.185714285714285,0.38571428571428573,2922005,0.035104588668873275
2023-04-23,Thüringen,14.028571428571428,9.757142857142856,1.1571428571428573,2108863,0.025335606261456128
2023-04-30,Baden-Württemberg,14.67142857142857,10.585714285714285,1.7,11124642,0.1336500045340346
2023-04-30,Bayern,14.7,10.357142857142858,5.414285714285714,13176989,0.15830663490968286
2023-04-30,Berlin,12.642857142857142,9.371428571428572,0.5428571428571428,3677472,0.04418067111497029
2023-04-30,Brandenburg,14.614285714285714,9.385714285714286,0.5428571428571428,2537868,0.03048961662827274
2023-04-30,Bremen,12.742857142857144,8.042857142857143,2.1285714285714286,676463,0.008126938648192602
2023-04-30,Gesamt,12.642857142857142,9.371428571428572,0.5428571428571428,83237124,1
2023-04-30,Hamburg,12.314285714285715,7.871428571428571,2.3,1853935,0.022272934370005385
2023-04-30,Hessen,14.242857142857142,10.542857142857143,1.3714285714285714,6295017,0.07562751687576327
2023-04-30,Mecklenburg-Vorpommern,12.942857142857143,8.214285714285714,1.6857142857142857,1611160,0.01935626704257586
2023-04-30,Niedersachsen,12.971428571428572,8.385714285714286,0.5428571428571428,8027031,0.096435708182325
2023-04-30,Nordrhein-Westfalen,14.32857142857143,9.628571428571428,1.4714285714285713,17924591,0.21534370889604498
2023-04-30,Rheinland-Pfalz,14.928571428571429,10.614285714285714,2.1,4106485,0.04933477759274816
2023-04-30,Saarland,15.6,10.9,1.9428571428571428,982348,0.011801801321246995
2023-04-30,Sachsen,13.857142857142858,9.642857142857142,0.8,4043002,0.048572101073554634
2023-04-30,Sachsen-Anhalt,13.814285714285715,9.285714285714286,0.1,2169253,0.02606112388025324
2023-04-30,Schleswig-Holstein,10.371428571428572,7.685714285714286,0.7714285714285715,2922005,0.035104588668873275
2023-04-30,Thüringen,11.72857142857143,7.785714285714286,0.04285714285714285,2108863,0.025335606261456128
2023-05-07,Baden-Württemberg,19.514285714285712,13.799999999999999,2.342857142857143,11124642,0.1336500045340346
2023-05-07,Bayern,18.82857142857143,13.114285714285714,3.4571428571428573,13176989,0.15830663490968286
2023-05-07,Berlin,15.614285714285714,11.314285714285715,2.2857142857142856,3677472,0.04418067111497029
2023-05-07,Brandenburg,16.97142857142857,11.285714285714286,1.7142857142857144,2537868,0.03048961662827274
2023-05-07,Bremen,16.314285714285713,11.085714285714285,1.7285714285714286,676463,0.008126938648192602
2023-05-07,Gesamt,15.614285714285714,11.314285714285715,2.2857142857142856,83237124,1
2023-05-07,Hamburg,14.571428571428571,9.814285714285713,0.22857142857142856,1853935,0.022272934370005385
2023-05-07,Hessen,20.2,14.742857142857142,1.5142857142857142,6295017,0.07562751687576327
2023-05-07,Mecklenburg-Vorpommern,14.5,9.742857142857144,1.7285714285714286,1611160,0.01935626704257586
2023-05-07,Niedersachsen,16.771428571428572,11.042857142857143,0.6571428571428571,8027031,0.096435708182325
2023-05-07,Nordrhein-Westfalen,19.65714285714286,13.6,1.2,17924591,0.21534370889604498
2023-05-07,Rheinland-Pfalz,20.485714285714284,14.628571428571428,1.1857142857142857,4106485,0.04933477759274816
2023-05-07,Saarland,21.757142857142856,14.514285714285714,0.24285714285714285,982348,0.011801801321246995
2023-05-07,Sachsen,18.114285714285714,12.585714285714285,0.7714285714285716,4043002,0.048572101073554634
2023-05-07,Sachsen-Anhalt,16.942857142857143,11.528571428571428,0.47142857142857136,2169253,0.02606112388025324
2023-05-07,Schleswig-Holstein,10.871428571428572,8.571428571428571,2.5571428571428574,2922005,0.035104588668873275
2023-05-07,Thüringen,16.085714285714285,10.9,1.6857142857142857,2108863,0.025335606261456128
2023-05-14,Baden-Württemberg,16.4,12.8,4.485714285714286,11124642,0.1336500045340346
2023-05-14,Bayern,15.457142857142857,11.771428571428572,6.614285714285715,13176989,0.15830663490968286
2023-05-14,Berlin,20.785714285714285,16,0,3677472,0.04418067111497029
2023-05-14,Brandenburg,22.3,15.342857142857143,0,2537868,0.03048961662827274
2023-05-14,Bremen,20.15714285714286,15.17142857142857,1.342857142857143,676463,0.008126938648192602
2023-05-14,Gesamt,20.785714285714285,16,0,83237124,1
2023-05-14,Hamburg,20.3,14.914285714285715,0.6,1853935,0.022272934370005385
2023-05-14,Hessen,18.085714285714285,14.32857142857143,5.842857142857143,6295017,0.07562751687576327
2023-05-14,Mecklenburg-Vorpommern,21.52857142857143,15.628571428571428,0.014285714285714287,1611160,0.01935626704257586
2023-05-14,Niedersachsen,19.97142857142857,14.728571428571428,2.9,8027031,0.096435708182325
2023-05-14,Nordrhein-Westfalen,20.442857142857143,15.085714285714285,4.171428571428572,17924591,0.21534370889604498
2023-05-14,Rheinland-Pfalz,18.17142857142857,14.028571428571428,2.0428571428571427,4106485,0.04933477759274816
2023-05-14,Saarland,19.82857142857143,14.271428571428572,2.3714285714285714,982348,0.011801801321246995
2023-05-14,Sachsen,21.17142857142857,14.585714285714285,0.1,4043002,0.048572101073554634
2023-05-14,Sachsen-Anhalt,21.54285714285714,15.5,0.1142857142857143,2169253,0.02606112388025324
2023-05-14,Schleswig-Holstein,16.414285714285715,12.757142857142858,0.05714285714285715,2922005,0.035104588668873275
2023-05-14,Thüringen,18.442857142857143,13.357142857142858,2.2,2108863,0.025335606261456128
2023-05-21,Baden-Württemberg,17.45714285714286,12.9,0,11124642,0.1336500045340346
2023-05-21,Bayern,17.885714285714286,12.799999999999999,1.814285714285714,13176989,0.15830663490968286
2023-05-21,Berlin,18.557142857142857,14.257142857142858,0.1714285714285714,3677472,0.04418067111497029
2023-05-21,Brandenburg,20.257142857142856,13.8,0.5,2537868,0.03048961662827274
2023-05-21,Bremen,17.957142857142856,12.785714285714285,0.22857142857142856,676463,0.008126938648192602
2023-05-21,Gesamt,18.557142857142857,14.257142857142858,0.1714285714285714,83237124,1
2023-05-21,Hamburg,17.614285714285714,12.357142857142858,0.2571428571428572,1853935,0.022272934370005385
2023-05-21,Hessen,19.34285714285714,14.72857142857143,0.22857142857142856,6295017,0.07562751687576327
2023-05-21,Mecklenburg-Vorpommern,17.685714285714283,12.514285714285714,0.02857142857142857,1611160,0.01935626704257586
2023-05-21,Niedersachsen,18.085714285714285,12.428571428571429,0.2571428571428572,8027031,0.096435708182325
2023-05-21,Nordrhein-Westfalen,18.6,13.342857142857143,1,17924591,0.21534370889604498
2023-05-21,Rheinland-Pfalz,19.67142857142857,14.314285714285715,0,4106485,0.04933477759274816
2023-05-21,Saarland,19.485714285714288,14.042857142857143,1.7714285714285714,982348,0.011801801321246995
2023-05-21,Sachsen,19.34285714285714,13.9,0.4,4043002,0.048572101073554634
2023-05-21,Sachsen-Anhalt,20.1,14.257142857142858,0,2169253,0.02606112388025324
2023-05-21,Schleswig-Holstein,13.5,11.185714285714285,0.15714285714285717,2922005,0.035104588668873275
2023-05-21,Thüringen,17.34285714285714,11.857142857142858,0,2108863,0.025335606261456128
2023-05-28,Baden-Württemberg,21.62857142857143,16.042857142857144,0.014285714285714285,11124642,0.1336500045340346
2023-05-28,Bayern,21.985714285714288,16.52857142857143,0.028571428571428574,13176989,0.15830663490968286
2023-05-28,Berlin,20.32857142857143,15.842857142857143,0.7857142857142858,3677472,0.04418067111497029
2023-05-28,Brandenburg,21.2,15.085714285714285,0.15714285714285717,2537868,0.03048961662827274
2023-05-28,Bremen,18.442857142857143,13.614285714285714,0.44285714285714284,676463,0.008126938648192602
2023-05-28,Gesamt,20.32857142857143,15.842857142857143,0.7857142857142858,83237124,1
2023-05-28,Hamburg,19.67142857142857,13.928571428571429,1.3285714285714285,1853935,0.022272934370005385
2023-05-28,Hessen,21.757142857142856,16.52857142857143,1.0857142857142859,6295017,0.07562751687576327
2023-05-28,Mecklenburg-Vorpommern,19.442857142857143,14.27142857142857,0.07142857142857144,1611160,0.01935626704257586
2023-05-28,Niedersachsen,19.585714285714285,13.442857142857143,0.44285714285714284,8027031,0.096435708182325
2023-05-28,Nordrhein-Westfalen,20.2,14.657142857142857,0,17924591,0.21534370889604498
2023-05-28,Rheinland-Pfalz,21.7,16.085714285714285,0.3571428571428571,4106485,0.04933477759274816
2023-05-28,Saarland,22.84285714285714,16.62857142857143,0.9714285714285713,982348,0.011801801321246995
2023-05-28,Sachsen,21.714285714285715,15.285714285714286,1.1,4043002,0.048572101073554634
2023-05-28,Sachsen-Anhalt,20.84285714285714,15.057142857142857,0.04285714285714285,2169253,0.02606112388025324
2023-05-28,Schleswig-Holstein,16.37142857142857,12.72857142857143,0.014285714285714285,2922005,0.035104588668873275
2023-05-28,Thüringen,18.642857142857142,13.214285714285714,1.685714285714286,2108863,0.025335606261456128
2023-06-04,Baden-Württemberg,24.257142857142856,18.214285714285715,0,11124642,0.1336500045340346
2023-06-04,Bayern,24.32857142857143,18.17142857142857,0,13176989,0.15830663490968286
2023-06-04,Berlin,21.34285714285714,16.142857142857142,0.09999999999999999,3677472,0.04418067111497029
2023-06-04,Brandenburg,23.057142857142857,15.885714285714286,0,2537868,0.03048961662827274
2023-06-04,Bremen,19,13.785714285714286,0,676463,0.008126938648192602
2023-06-04,Gesamt,21.34285714285714,16.142857142857142,0.09999999999999999,83237124,1
2023-06-04,Hamburg,19.557142857142857,13.32857142857143,0,1853935,0.022272934370005385
2023-06-04,Hessen,24,18.84285714285714,0,6295017,0.07562751687576327
2023-06-04,Mecklenburg-Vorpommern,20.34285714285714,14.17142857142857,0,1611160,0.01935626704257586
2023-06-04,Niedersachsen,20.085714285714285,13.857142857142858,0,8027031,0.096435708182325
2023-06-04,Nordrhein-Westfalen,21.814285714285713,16.185714285714287,0,17924591,0.21534370889604498
2023-06-04,Rheinland-Pfalz,23.742857142857144,18.04285714285714,0,4106485,0.04933477759274816
2023-06-04,Saarland,25.285714285714285,19.02857142857143,0,982348,0.011801801321246995
2023-06-04,Sachsen,23.34285714285714,16.385714285714286,0,4043002,0.048572101073554634
2023-06-04,Sachsen-Anhalt,22.557142857142857,15.457142857142857,0,2169253,0.02606112388025324
2023-06-04,Schleswig-Holstein,16.914285714285715,13.528571428571428,0,2922005,0.035104588668873275
2023-06-04,Thüringen,20.414285714285715,14.4,0,2108863,0.025335606261456128
2023-06-11,Baden-Württemberg,25.97142857142857,19.271428571428572,0,11124642,0.1336500045340346
2023-06-11,Bayern,25.042857142857144,18.771428571428572,1.0142857142857142,13176989,0.15830663490968286
2023-06-11,Berlin,26.97142857142857,21.5,0.11428571428571428,3677472,0.04418067111497029
2023-06-11,Brandenburg,28.485714285714288,21.257142857142856,0.47142857142857136,2537868,0.03048961662827274
2023-06-11,Bremen,26.7,18.82857142857143,0,676463,0.008126938648192602
2023-06-11,Gesamt,26.97142857142857,21.5,0.11428571428571428,83237124,1
2023-06-11,Hamburg,26.2,17.942857142857143,0,1853935,0.022272934370005385
2023-06-11,Hessen,27,21.728571428571428,0.04285714285714286,6295017,0.07562751687576327
2023-06-11,Mecklenburg-Vorpommern,26.114285714285714,18.65714285714286,0,1611160,0.01935626704257586
2023-06-11,Niedersachsen,26.785714285714285,19.2,0,8027031,0.096435708182325
2023-06-11,Nordrhein-Westfalen,27.771428571428572,21.071428571428573,0.18571428571428572,17924591,0.21534370889604498
2023-06-11,Rheinland-Pfalz,27.285714285714285,21.142857142857142,0.5,4106485,0.04933477759274816
2023-06-11,Saarland,28.285714285714285,21.042857142857144,0.028571428571428574,982348,0.011801801321246995
2023-06-11,Sachsen,26.5,19.457142857142856,2.3142857142857145,4043002,0.048572101073554634
2023-06-11,Sachsen-Anhalt,27.6,20.514285714285716,1.157142857142857,2169253,0.02606112388025324
2023-06-11,Schleswig-Holstein,17.685714285714287,14.757142857142858,0,2922005,0.035104588668873275
2023-06-11,Thüringen,24.057142857142857,17.957142857142856,0.2,2108863,0.025335606261456128
2023-06-18,Baden-Württemberg,26.585714285714285,19.771428571428572,0,11124642,0.1336500045340346
2023-06-18,Bayern,25.771428571428572,19.285714285714285,0,13176989,0.15830663490968286
2023-06-18,Berlin,22.87142857142857,18.82857142857143,3,3677472,0.04418067111497029
2023-06-18,Brandenburg,24.5,18.3,1.7857142857142856,2537868,0.03048961662827274
2023-06-18,Bremen,26.728571428571428,20.071428571428573,0.014285714285714285,676463,0.008126938648192602
2023-06-18,Gesamt,22.87142857142857,18.82857142857143,3,83237124,1
2023-06-18,Hamburg,25.65714285714286,18.97142857142857,0.02857142857142857,1853935,0.022272934370005385
2023-06-18,Hessen,27.314285714285713,21.785714285714285,0,6295017,0.07562751687576327
2023-06-18,Mecklenburg-Vorpommern,25,18.757142857142856,0.6571428571428571,1611160,0.01935626704257586
2023-06-18,Niedersachsen,26.285714285714285,19.37142857142857,0.11428571428571427,8027031,0.096435708182325
2023-06-18,Nordrhein-Westfalen,27.942857142857143,21.82857142857143,0,17924591,0.21534370889604498
2023-06-18,Rheinland-Pfalz,27.214285714285715,21.485714285714284,0,4106485,0.04933477759274816
2023-06-18,Saarland,29.285714285714285,21.099999999999998,0.1285714285714286,982348,0.011801801321246995
2023-06-18,Sachsen,23.957142857142856,17.34285714285714,1.3857142857142857,4043002,0.048572101073554634
2023-06-18,Sachsen-Anhalt,25.557142857142857,19.37142857142857,0.9,2169253,0.02606112388025324
2023-06-18,Schleswig-Holstein,21.285714285714285,17.885714285714286,0,2922005,0.035104588668873275
2023-06-18,Thüringen,24.057142857142857,18,0.45714285714285713,2108863,0.025335606261456128
2023-06-25,Baden-Württemberg,28.914285714285715,22.34285714285714,1.0857142857142859,11124642,0.1336500045340346
2023-06-25,Bayern,29.17142857142857,22.47142857142857,3.8285714285714287,13176989,0.15830663490968286
2023-06-25,Berlin,26.47142857142857,22,3.057142857142857,3677472,0.04418067111497029
2023-06-25,Brandenburg,26.642857142857142,21.3,11.385714285714286,2537868,0.03048961662827274
2023-06-25,Bremen,27.485714285714284,21.65714285714286,13.342857142857143,676463,0.008126938648192602
2023-06-25,Gesamt,26.47142857142857,22,3.057142857142857,83237124,1
2023-06-25,Hamburg,26.8,20.857142857142858,4.3428571428571425,1853935,0.022272934370005385
2023-06-25,Hessen,29.385714285714286,23.414285714285715,3.2714285714285714,6295017,0.07562751687576327
2023-06-25,Mecklenburg-Vorpommern,26.442857142857143,21.12857142857143,4.2,1611160,0.01935626704257586
2023-06-25,Niedersachsen,27.4,21.457142857142856,7.471428571428571,8027031,0.096435708182325
2023-06-25,Nordrhein-Westfalen,28.5,22.542857142857144,8.52857142857143,17924591,0.21534370889604498
2023-06-25,Rheinland-Pfalz,29.857142857142858,23.571428571428573,0.45714285714285713,4106485,0.04933477759274816
2023-06-25,Saarland,31.042857142857144,23.1,0.31428571428571433,982348,0.011801801321246995
2023-06-25,Sachsen,28.871428571428574,22.428571428571427,4.785714285714286,4043002,0.048572101073554634
2023-06-25,Sachsen-Anhalt,27.414285714285715,21.84285714285714,11.757142857142856,2169253,0.02606112388025324
2023-06-25,Schleswig-Holstein,22.7,19.614285714285714,0.3428571428571428,2922005,0.035104588668873275
2023-06-25,Thüringen,26.65714285714286,21.17142857142857,3.7857142857142856,2108863,0.025335606261456128
2023-07-02,Baden-Württemberg,25.885714285714286,20.114285714285714,0.9714285714285715,11124642,0.1336500045340346
2023-07-02,Bayern,25.142857142857142,19.857142857142858,3.657142857142857,13176989,0.15830663490968286
2023-07-02,Berlin,22.885714285714286,19.228571428571428,1.6857142857142857,3677472,0.04418067111497029
2023-07-02,Brandenburg,24.65714285714286,18.885714285714286,2.1,2537868,0.03048961662827274
2023-07-02,Bremen,22.5,18.057142857142857,1.7857142857142858,676463,0.008126938648192602
2023-07-02,Gesamt,22.885714285714286,19.228571428571428,1.6857142857142857,83237124,1
2023-07-02,Hamburg,22.271428571428572,18,4.4,1853935,0.022272934370005385
2023-07-02,Hessen,24.37142857142857,19.8,1.8714285714285712,6295017,0.07562751687576327
2023-07-02,Mecklenburg-Vorpommern,22.557142857142857,18,1.7285714285714284,1611160,0.01935626704257586
2023-07-02,Niedersachsen,22.928571428571427,18.3,1.2714285714285714,8027031,0.096435708182325
2023-07-02,Nordrhein-Westfalen,23.02857142857143,19.214285714285715,1.342857142857143,17924591,0.21534370889604498
2023-07-02,Rheinland-Pfalz,24.67142857142857,19.914285714285715,0.22857142857142856,4106485,0.04933477759274816
2023-07-02,Saarland,25.785714285714285,19.8,0.2,982348,0.011801801321246995
2023-07-02,Sachsen,26.2,20.185714285714287,4.1,4043002,0.048572101073554634
2023-07-02,Sachsen-Anhalt,24.47142857142857,19.1,0.5714285714285714,2169253,0.02606112388025324
2023-07-02,Schleswig-Holstein,21.242857142857144,17.885714285714286,1.1714285714285713,2922005,0.035104588668873275
2023-07-02,Thüringen,23.585714285714285,18.057142857142857,0.1285714285714286,2108863,0.025335606261456128
2023-07-09,Baden-Württemberg,28.1,21.985714285714288,0.3571428571428571,11124642,0.1336500045340346
2023-07-09,Bayern,27.357142857142858,21.242857142857144,0.34285714285714286,13176989,0.15830663490968286
2023-07-09,Berlin,25.757142857142856,20.6,0.8285714285714285,3677472,0.04418067111497029
2023-07-09,Brandenburg,26.714285714285715,20.414285714285715,0.18571428571428572,2537868,0.03048961662827274
2023-07-09,Bremen,24.885714285714286,18.885714285714286,2.9571428571428573,676463,0.008126938648192602
2023-07-09,Gesamt,25.757142857142856,20.6,0.8285714285714285,83237124,1
2023-07-09,Hamburg,23.957142857142856,18.02857142857143,3.0428571428571427,1853935,0.022272934370005385
2023-07-09,Hessen,28.07142857142857,21.52857142857143,0.7857142857142858,6295017,0.07562751687576327
2023-07-09,Mecklenburg-Vorpommern,24.4,18.32857142857143,1.2,1611160,0.01935626704257586
2023-07-09,Niedersachsen,25.228571428571428,19.42857142857143,1.4714285714285713,8027031,0.096435708182325
2023-07-09,Nordrhein-Westfalen,26.557142857142857,20.442857142857143,2.3571428571428568,17924591,0.21534370889604498
2023-07-09,Rheinland-Pfalz,28.45714285714286,21.785714285714285,0.5571428571428572,4106485,0.04933477759274816
2023-07-09,Saarland,29.4,21.3,0.2571428571428572,982348,0.011801801321246995
2023-07-09,Sachsen,29.014285714285716,21.457142857142856,0.02857142857142857,4043002,0.048572101073554634
2023-07-09,Sachsen-Anhalt,26.82857142857143,20.714285714285715,0.5714285714285715,2169253,0.02606112388025324
2023-07-09,Schleswig-Holstein,19.871428571428574,16.885714285714286,1.7285714285714284,2922005,0.035104588668873275
2023-07-09,Thüringen,26.385714285714286,20.357142857142858,0.7285714285714285,2108863,0.025335606261456128
2023-07-16,Baden-Württemberg,30.428571428571427,23.65714285714286,4.757142857142857,11124642,0.1336500045340346
2023-07-16,Bayern,29.957142857142856,23.785714285714285,5.142857142857143,13176989,0.15830663490968286
2023-07-16,Berlin,27.8,23.17142857142857,0.45714285714285713,3677472,0.04418067111497029
2023-07-16,Brandenburg,29.4,22.4,0.6428571428571429,2537868,0.03048961662827274
2023-07-16,Bremen,25.12857142857143,20.042857142857144,3.6714285714285713,676463,0.008126938648192602
2023-07-16,Gesamt,27.8,23.17142857142857,0.45714285714285713,83237124,1
2023-07-16,Hamburg,25.442857142857143,20.12857142857143,2.5,1853935,0.022272934370005385
2023-07-16,Hessen,28.728571428571428,22.65714285714286,2.357142857142857,6295017,0.07562751687576327
2023-07-16,Mecklenburg-Vorpommern,26.314285714285713,20.857142857142858,2.4857142857142853,1611160,0.01935626704257586
2023-07-16,Niedersachsen,26.728571428571428,21.042857142857144,0.45714285714285713,8027031,0.096435708182325
2023-07-16,Nordrhein-Westfalen,26.5,21.371428571428574,0.9571428571428571,17924591,0.21534370889604498
2023-07-16,Rheinland-Pfalz,28.9,22.8,1.6142857142857145,4106485,0.04933477759274816
2023-07-16,Saarland,29.02857142857143,21.857142857142858,4.957142857142857,982348,0.011801801321246995
2023-07-16,Sachsen,31.228571428571428,24.47142857142857,1.7285714285714284,4043002,0.048572101073554634
2023-07-16,Sachsen-Anhalt,28.75714285714286,22.485714285714284,0.4857142857142857,2169253,0.02606112388025324
2023-07-16,Schleswig-Holstein,23.07142857142857,19.52857142857143,5.257142857142858,2922005,0.035104588668873275
2023-07-16,Thüringen,27.82857142857143,22.185714285714287,0.7285714285714285,2108863,0.025335606261456128
2023-07-23,Baden-Württemberg,26.285714285714285,20.414285714285715,0.44285714285714284,11124642,0.1336500045340346
2023-07-23,Bayern,27.271428571428572,21.7,1.7,13176989,0.15830663490968286
2023-07-23,Berlin,22.6,18.62857142857143,1.1714285714285715,3677472,0.04418067111497029
2023-07-23,Brandenburg,24.97142857142857,18.7,0.8142857142857143,2537868,0.03048961662827274
2023-07-23,Bremen,21.15714285714286,16.285714285714285,3.5142857142857142,676463,0.008126938648192602
2023-07-23,Gesamt,22.6,18.62857142857143,1.1714285714285715,83237124,1
2023-07-23,Hamburg,20.642857142857142,16.114285714285714,3.871428571428571,1853935,0.022272934370005385
2023-07-23,Hessen,25.257142857142856,20.085714285714285,0.7142857142857143,6295017,0.07562751687576327
2023-07-23,Mecklenburg-Vorpommern,21.014285714285712,16.285714285714285,2.3285714285714287,1611160,0.01935626704257586
2023-07-23,Niedersachsen,22.914285714285715,17.442857142857143,0.857142857142857,8027031,0.096435708182325
2023-07-23,Nordrhein-Westfalen,23.97142857142857,18.414285714285715,1.1714285714285715,17924591,0.21534370889604498
2023-07-23,Rheinland-Pfalz,25.985714285714284,20.599999999999998,0.15714285714285714,4106485,0.04933477759274816
2023-07-23,Saarland,27.17142857142857,20.1,0.1,982348,0.011801801321246995
2023-07-23,Sachsen,26.32857142857143,20.17142857142857,1.6,4043002,0.048572101073554634
2023-07-23,Sachsen-Anhalt,24.742857142857144,18.742857142857144,0.8714285714285713,2169253,0.02606112388025324
2023-07-23,Schleswig-Holstein,18.15714285714286,15.77142857142857,2.7857142857142856,2922005,0.035104588668873275
2023-07-23,Thüringen,23.714285714285715,17.785714285714285,0.5428571428571429,2108863,0.025335606261456128
2023-07-30,Baden-Württemberg,21.714285714285715,17.5,4.871428571428572,11124642,0.1336500045340346
2023-07-30,Bayern,23.12857142857143,17.9,5.385714285714285,13176989,0.15830663490968286
2023-07-30,Berlin,21.557142857142857,18.257142857142856,4.4714285714285715,3677472,0.04418067111497029
2023-07-30,Brandenburg,23.185714285714287,17.785714285714285,6.485714285714286,2537868,0.03048961662827274
2023-07-30,Bremen,21.571428571428573,16.814285714285713,7.885714285714285,676463,0.008126938648192602
2023-07-30,Gesamt,21.557142857142857,18.257142857142856,4.4714285714285715,83237124,1
2023-07-30,Hamburg,21.357142857142858,16.7,3.9000000000000004,1853935,0.022272934370005385
2023-07-30,Hessen,21.97142857142857,18.314285714285713,10.7,6295017,0.07562751687576327
2023-07-30,Mecklenburg-Vorpommern,21.02857142857143,16.871428571428574,4.4,1611160,0.01935626704257586
2023-07-30,Niedersachsen,21.8,17.442857142857143,8.028571428571428,8027031,0.096435708182325
2023-07-30,Nordrhein-Westfalen,21.95714285714286,17.82857142857143,8.928571428571429,17924591,0.21534370889604498
2023-07-30,Rheinland-Pfalz,22.542857142857144,18.385714285714286,8.242857142857142,4106485,0.04933477759274816
2023-07-30,Saarland,22.585714285714285,18.37142857142857,6.4,982348,0.011801801321246995
2023-07-30,Sachsen,25.014285714285712,19.314285714285713,3.685714285714286,4043002,0.048572101073554634
2023-07-30,Sachsen-Anhalt,23.242857142857144,18.357142857142858,3.6142857142857143,2169253,0.02606112388025324
2023-07-30,Schleswig-Holstein,19.3,16.8,0,2922005,0.035104588668873275
2023-07-30,Thüringen,21.52857142857143,16.97142857142857,3.1714285714285713,2108863,0.025335606261456128
2023-08-06,Baden-Württemberg,21.571428571428573,17.357142857142858,3.285714285714286,11124642,0.1336500045340346
2023-08-06,Bayern,21.928571428571427,17.614285714285714,5.585714285714285,13176989,0.15830663490968286
2023-08-06,Berlin,20.54285714285714,17.87142857142857,6.985714285714286,3677472,0.04418067111497029
2023-08-06,Brandenburg,21.757142857142856,17.542857142857144,3.814285714285714,2537868,0.03048961662827274
2023-08-06,Bremen,21.02857142857143,16.9,8.928571428571429,676463,0.008126938648192602
2023-08-06,Gesamt,20.54285714285714,17.87142857142857,6.985714285714286,83237124,1
2023-08-06,Hamburg,19.97142857142857,16.7,10.714285714285715,1853935,0.022272934370005385
2023-08-06,Hessen,21.52857142857143,17.62857142857143,10.914285714285715,6295017,0.07562751687576327
2023-08-06,Mecklenburg-Vorpommern,20.285714285714285,16.67142857142857,8.114285714285714,1611160,0.01935626704257586
2023-08-06,Niedersachsen,21.12857142857143,16.985714285714284,7.042857142857144,8027031,0.096435708182325
2023-08-06,Nordrhein-Westfalen,20.87142857142857,16.857142857142858,12.22857142857143,17924591,0.21534370889604498
2023-08-06,Rheinland-Pfalz,21.34285714285714,17.2,9.842857142857143,4106485,0.04933477759274816
2023-08-06,Saarland,21.385714285714286,17,12.371428571428572,982348,0.011801801321246995
2023-08-06,Sachsen,23,18.957142857142856,6.585714285714285,4043002,0.048572101073554634
2023-08-06,Sachsen-Anhalt,22.62857142857143,18.414285714285715,2.6285714285714286,2169253,0.02606112388025324
2023-08-06,Schleswig-Holstein,18.857142857142858,16.757142857142856,3.1285714285714286,2922005,0.035104588668873275
2023-08-06,Thüringen,20.8,16.542857142857144,5.928571428571429,2108863,0.025335606261456128
2023-08-13,Baden-Württemberg,24.285714285714285,18.742857142857144,4.771428571428571,11124642,0.1336500045340346
2023-08-13,Bayern,25.02857142857143,18.87142857142857,1.7571428571428571,13176989,0.15830663490968286
2023-08-13,Berlin,21.814285714285713,17.742857142857144,1.6142857142857143,3677472,0.04418067111497029
2023-08-13,Brandenburg,23.142857142857142,17.614285714285714,1.0714285714285714,2537868,0.03048961662827274
2023-08-13,Bremen,22.2,17.32857142857143,2.0142857142857142,676463,0.008126938648192602
2023-08-13,Gesamt,21.814285714285713,17.742857142857144,1.6142857142857143,83237124,1
2023-08-13,Hamburg,21.02857142857143,16.47142857142857,2.357142857142857,1853935,0.022272934370005385
2023-08-13,Hessen,23.599999999999998,18.57142857142857,5.114285714285715,6295017,0.07562751687576327
2023-08-13,Mecklenburg-Vorpommern,21.857142857142858,16.8,0.9142857142857143,1611160,0.01935626704257586
2023-08-13,Niedersachsen,22.885714285714286,17.685714285714287,1.0285714285714285,8027031,0.096435708182325
2023-08-13,Nordrhein-Westfalen,23.47142857142857,18.242857142857144,3.242857142857143,17924591,0.21534370889604498
2023-08-13,Rheinland-Pfalz,22.84285714285714,18.2,3.085714285714286,4106485,0.04933477759274816
2023-08-13,Saarland,25.271428571428572,19.15714285714286,0.8857142857142858,982348,0.011801801321246995
2023-08-13,Sachsen,24.7,18.914285714285715,3.2285714285714286,4043002,0.048572101073554634
2023-08-13,Sachsen-Anhalt,24.557142857142857,18.5,0.2857142857142857,2169253,0.02606112388025324
2023-08-13,Schleswig-Holstein,19.457142857142856,16.514285714285712,1.957142857142857,2922005,0.035104588668873275
2023-08-13,Thüringen,22.785714285714285,17,2.1285714285714286,2108863,0.025335606261456128
2023-08-20,Baden-Württemberg,31,23.82857142857143,0.4857142857142857,11124642,0.1336500045340346
2023-08-20,Bayern,31.47142857142857,23.9,0.9142857142857143,13176989,0.15830663490968286
2023-08-20,Berlin,28.542857142857144,23.771428571428572,2.0285714285714285,3677472,0.04418067111497029
2023-08-20,Brandenburg,29.814285714285713,23.228571428571428,2.1142857142857143,2537868,0.03048961662827274
2023-08-20,Bremen,25.3,20.114285714285714,0.15714285714285717,676463,0.008126938648192602
2023-08-20,Gesamt,28.542857142857144,23.771428571428572,2.0285714285714285,83237124,1
2023-08-20,Hamburg,24.728571428571428,19.885714285714286,3.5714285714285716,1853935,0.022272934370005385
2023-08-20,Hessen,28.65714285714286,23.47142857142857,4.957142857142857,6295017,0.07562751687576327
2023-08-20,Mecklenburg-Vorpommern,26.628571428571426,21.3,1.2285714285714284,1611160,0.01935626704257586
2023-08-20,Niedersachsen,26.271428571428572,21.257142857142856,1.8,8027031,0.096435708182325
2023-08-20,Nordrhein-Westfalen,26.214285714285715,21.5,5.442857142857143,17924591,0.21534370889604498
2023-08-20,Rheinland-Pfalz,27.82857142857143,22.457142857142856,0.9571428571428572,4106485,0.04933477759274816
2023-08-20,Saarland,28.914285714285715,22.32857142857143,4.242857142857143,982348,0.011801801321246995
2023-08-20,Sachsen,29.34285714285714,23.67142857142857,0.07142857142857144,4043002,0.048572101073554634
2023-08-20,Sachsen-Anhalt,29.2,22.985714285714284,10.957142857142857,2169253,0.02606112388025324
2023-08-20,Schleswig-Holstein,21.414285714285715,18.642857142857142,0,2922005,0.035104588668873275
2023-08-20,Thüringen,27.685714285714287,21.928571428571427,9.857142857142858,2108863,0.025335606261456128
2023-08-27,Baden-Württemberg,27.857142857142858,22.5,5.914285714285715,11124642,0.1336500045340346
2023-08-27,Bayern,29.414285714285715,23.442857142857143,9.67142857142857,13176989,0.15830663490968286
2023-08-27,Berlin,25.514285714285716,21.37142857142857,1.042857142857143,3677472,0.04418067111497029
2023-08-27,Brandenburg,26.65714285714286,21.12857142857143,0.18571428571428572,2537868,0.03048961662827274
2023-08-27,Bremen,23.87142857142857,18.614285714285714,0.7285714285714286,676463,0.008126938648192602
2023-08-27,Gesamt,25.514285714285716,21.37142857142857,1.042857142857143,83237124,1
2023-08-27,Hamburg,23.228571428571428,18.74285714285714,0.842857142857143,1853935,0.022272934370005385
2023-08-27,Hessen,27.714285714285715,22.62857142857143,1.9714285714285713,6295017,0.07562751687576327
2023-08-27,Mecklenburg-Vorpommern,23.642857142857142,19.17142857142857,0.8142857142857143,1611160,0.01935626704257586
2023-08-27,Niedersachsen,24.45714285714286,19.2,0.9857142857142857,8027031,0.096435708182325
2023-08-27,Nordrhein-Westfalen,24.928571428571427,19.514285714285716,3.7,17924591,0.21534370889604498
2023-08-27,Rheinland-Pfalz,26.257142857142856,21.285714285714285,2.7142857142857144,4106485,0.04933477759274816
2023-08-27,Saarland,27.857142857142858,21.3,1.2142857142857142,982348,0.011801801321246995
2023-08-27,Sachsen,27.585714285714285,22.414285714285715,1.2857142857142858,4043002,0.048572101073554634
2023-08-27,Sachsen-Anhalt,26.014285714285712,20.9,1.9428571428571428,2169253,0.02606112388025324
2023-08-27,Schleswig-Holstein,22.228571428571428,18.5,0.6714285714285714,2922005,0.035104588668873275
2023-08-27,Thüringen,25.57142857142857,20.07142857142857,0.8714285714285714,2108863,0.025335606261456128
2023-09-03,Baden-Württemberg,20.714285714285715,16.47142857142857,2.7857142857142856,11124642,0.1336500045340346
2023-09-03,Bayern,20.485714285714284,16.057142857142857,8.72857142857143,13176989,0.15830663490968286
2023-09-03,Berlin,19.02857142857143,15.714285714285714,2,3677472,0.04418067111497029
2023-09-03,Brandenburg,20.228571428571428,15.8,1.9,2537868,0.03048961662827274
2023-09-03,Bremen,19.857142857142858,14.285714285714286,0.9714285714285714,676463,0.008126938648192602
2023-09-03,Gesamt,19.02857142857143,15.714285714285714,2,83237124,1
2023-09-03,Hamburg,20.3,15.014285714285714,0.27142857142857146,1853935,0.022272934370005385
2023-09-03,Hessen,22.585714285714285,17.67142857142857,2.3285714285714283,6295017,0.07562751687576327
2023-09-03,Mecklenburg-Vorpommern,20.357142857142858,15.6,0.9571428571428571,1611160,0.01935626704257586
2023-09-03,Niedersachsen,20.47142857142857,15.200000000000001,1.0714285714285714,8027031,0.096435708182325
2023-09-03,Nordrhein-Westfalen,21.1,16.114285714285714,2.771428571428572,17924591,0.21534370889604498
2023-09-03,Rheinland-Pfalz,21.242857142857144,16.414285714285715,1.7714285714285716,4106485,0.04933477759274816
2023-09-03,Saarland,22.728571428571428,16.771428571428572,2.6285714285714286,982348,0.011801801321246995
2023-09-03,Sachsen,19.257142857142856,15.685714285714285,3.4428571428571426,4043002,0.048572101073554634
2023-09-03,Sachsen-Anhalt,21.17142857142857,16.3,1.0285714285714287,2169253,0.02606112388025324
2023-09-03,Schleswig-Holstein,20.02857142857143,16.45714285714286,0.5714285714285714,2922005,0.035104588668873275
2023-09-03,Thüringen,18.87142857142857,14.857142857142858,1.7,2108863,0.025335606261456128
2023-09-10,Baden-Württemberg,27.857142857142858,20.385714285714286,0,11124642,0.1336500045340346
2023-09-10,Bayern,27.02857142857143,19.82857142857143,0,13176989,0.15830663490968286
2023-09-10,Berlin,28.17142857142857,20.514285714285716,0,3677472,0.04418067111497029
2023-09-10,Brandenburg,29.185714285714287,21.071428571428573,0,2537868,0.03048961662827274
2023-09-10,Bremen,29.185714285714287,20.542857142857144,0.014285714285714285,676463,0.008126938648192602
2023-09-10,Gesamt,28.17142857142857,20.514285714285716,0,83237124,1
2023-09-10,Hamburg,28.15714285714286,20.557142857142857,0,1853935,0.022272934370005385
2023-09-10,Hessen,28.585714285714285,22.3,0,6295017,0.07562751687576327
2023-09-10,Mecklenburg-Vorpommern,28.7,21.128571428571426,0,1611160,0.01935626704257586
2023-09-10,Niedersachsen,29.285714285714285,21.114285714285714,0,8027031,0.096435708182325
2023-09-10,Nordrhein-Westfalen,29.7,22.15714285714286,0,17924591,0.21534370889604498
2023-09-10,Rheinland-Pfalz,26.914285714285715,20.985714285714288,0,4106485,0.04933477759274816
2023-09-10,Saarland,29.857142857142858,21.314285714285713,0,982348,0.011801801321246995
2023-09-10,Sachsen,26.314285714285713,19.414285714285715,0,4043002,0.048572101073554634
2023-09-10,Sachsen-Anhalt,29.514285714285712,20.84285714285714,0,2169253,0.02606112388025324
2023-09-10,Schleswig-Holstein,23.257142857142856,19.65714285714286,0,2922005,0.035104588668873275
2023-09-10,Thüringen,27.285714285714285,20.04285714285714,0,2108863,0.025335606261456128
2023-09-17,Baden-Württemberg,26.571428571428573,20.1,0.5285714285714286,11124642,0.1336500045340346
2023-09-17,Bayern,26.32857142857143,19.914285714285715,2.8571428571428568,13176989,0.15830663490968286
2023-09-17,Berlin,24.385714285714286,18.385714285714286,1.2285714285714284,3677472,0.04418067111497029
2023-09-17,Brandenburg,25.92857142857143,18.985714285714288,0.8,2537868,0.03048961662827274
2023-09-17,Bremen,23.52857142857143,17.2,0.3285714285714286,676463,0.008126938648192602
2023-09-17,Gesamt,24.385714285714286,18.385714285714286,1.2285714285714284,83237124,1
2023-09-17,Hamburg,22.82857142857143,17.142857142857142,2.2571428571428567,1853935,0.022272934370005385
2023-09-17,Hessen,25.614285714285714,19.87142857142857,1.0999999999999999,6295017,0.07562751687576327
2023-09-17,Mecklenburg-Vorpommern,23.242857142857144,17.542857142857144,3.8857142857142857,1611160,0.01935626704257586
2023-09-17,Niedersachsen,23.67142857142857,17.485714285714288,9.385714285714286,8027031,0.096435708182325
2023-09-17,Nordrhein-Westfalen,24.62857142857143,19.32857142857143,4.800000000000001,17924591,0.21534370889604498
2023-09-17,Rheinland-Pfalz,25.2,19.728571428571428,0.1,4106485,0.04933477759274816
2023-09-17,Saarland,27.314285714285713,19.985714285714288,0.42857142857142855,982348,0.011801801321246995
2023-09-17,Sachsen,25.114285714285714,18.857142857142858,0.07142857142857142,4043002,0.048572101073554634
2023-09-17,Sachsen-Anhalt,25.82857142857143,18.514285714285716,1.9428571428571428,2169253,0.02606112388025324
2023-09-17,Schleswig-Holstein,21,17.82857142857143,1.7,2922005,0.035104588668873275
2023-09-17,Thüringen,24.685714285714287,18.071428571428573,0.18571428571428572,2108863,0.025335606261456128
2023-09-24,Baden-Württemberg,21.585714285714285,16.2,2.1571428571428575,11124642,0.1336500045340346
2023-09-24,Bayern,21.557142857142857,16.34285714285714,2.228571428571429,13176989,0.15830663490968286
2023-09-24,Berlin,22.02857142857143,17.557142857142857,0.2714285714285714,3677472,0.04418067111497029
2023-09-24,Brandenburg,22.67142857142857,17.185714285714287,0.5857142857142857,2537868,0.03048961662827274
2023-09-24,Bremen,20.857142857142858,16.514285714285712,0.2857142857142857,676463,0.008126938648192602
2023-09-24,Gesamt,22.02857142857143,17.557142857142857,0.2714285714285714,83237124,1
2023-09-24,Hamburg,21.228571428571428,16.942857142857143,0.7142857142857143,1853935,0.022272934370005385
2023-09-24,Hessen,21.2,16.3,2.371428571428571,6295017,0.07562751687576327
2023-09-24,Mecklenburg-Vorpommern,21.514285714285712,17.34285714285714,0.4571428571428572,1611160,0.01935626704257586
2023-09-24,Niedersachsen,20.942857142857143,17.214285714285715,0.5857142857142857,8027031,0.096435708182325
2023-09-24,Nordrhein-Westfalen,21.1,16.82857142857143,5.3428571428571425,17924591,0.21534370889604498
2023-09-24,Rheinland-Pfalz,21.385714285714286,16.457142857142856,2.5,4106485,0.04933477759274816
2023-09-24,Saarland,22.7,16.014285714285712,4.457142857142856,982348,0.011801801321246995
2023-09-24,Sachsen,22.32857142857143,17.314285714285713,0.6571428571428573,4043002,0.048572101073554634
2023-09-24,Sachsen-Anhalt,22.82857142857143,17.9,0.34285714285714286,2169253,0.02606112388025324
2023-09-24,Schleswig-Holstein,20.014285714285716,17.385714285714286,1.4857142857142858,2922005,0.035104588668873275
2023-09-24,Thüringen,20.257142857142856,16.057142857142857,0.5857142857142857,2108863,0.025335606261456128
2023-10-01,Baden-Württemberg,24.242857142857144,15.8,0,11124642,0.1336500045340346
2023-10-01,Bayern,23.228571428571428,16.07142857142857,0,13176989,0.15830663490968286
2023-10-01,Berlin,22.185714285714287,16.65714285714286,1.2285714285714284,3677472,0.04418067111497029
2023-10-01,Brandenburg,23.514285714285716,17.271428571428572,0.014285714285714285,2537868,0.03048961662827274
2023-10-01,Bremen,21.47142857142857,15.928571428571429,0.1,676463,0.008126938648192602
2023-10-01,Gesamt,22.185714285714287,16.65714285714286,1.2285714285714284,83237124,1
2023-10-01,Hamburg,21.685714285714287,16.285714285714285,0.22857142857142856,1853935,0.022272934370005385
2023-10-01,Hessen,22.8,16.12857142857143,0.1714285714285714,6295017,0.07562751687576327
2023-10-01,Mecklenburg-Vorpommern,21.742857142857144,16,1.2285714285714286,1611160,0.01935626704257586
2023-10-01,Niedersachsen,22.4,16.614285714285714,0.18571428571428572,8027031,0.096435708182325
2023-10-01,Nordrhein-Westfalen,22.6,17.071428571428573,0.4285714285714286,17924591,0.21534370889604498
2023-10-01,Rheinland-Pfalz,22.257142857142856,16.52857142857143,0.014285714285714285,4106485,0.04933477759274816
2023-10-01,Saarland,24.242857142857144,15.614285714285714,0,982348,0.011801801321246995
2023-10-01,Sachsen,23.1,16.82857142857143,0.04285714285714285,4043002,0.048572101073554634
2023-10-01,Sachsen-Anhalt,23.885714285714286,16.87142857142857,0.9142857142857143,2169253,0.02606112388025324
2023-10-01,Schleswig-Holstein,19.414285714285715,16.685714285714287,0.4857142857142857,2922005,0.035104588668873275
2023-10-01,Thüringen,22.95714285714286,16.057142857142857,0,2108863,0.025335606261456128
2023-10-08,Baden-Württemberg,22.357142857142858,14.085714285714285,0.5714285714285715,11124642,0.1336500045340346
2023-10-08,Bayern,21.942857142857143,15.385714285714286,0.014285714285714285,13176989,0.15830663490968286
2023-10-08,Berlin,18.3,15.014285714285714,4,3677472,0.04418067111497029
2023-10-08,Brandenburg,19.314285714285713,14.957142857142857,4.728571428571429,2537868,0.03048961662827274
2023-10-08,Bremen,18.585714285714285,15.17142857142857,3.128571428571429,676463,0.008126938648192602
2023-10-08,Gesamt,18.3,15.014285714285714,4,83237124,1
2023-10-08,Hamburg,18.571428571428573,14.700000000000001,5.771428571428572,1853935,0.022272934370005385
2023-10-08,Hessen,20.4,13.7,0.9285714285714285,6295017,0.07562751687576327
2023-10-08,Mecklenburg-Vorpommern,18.3,14.32857142857143,5.428571428571429,1611160,0.01935626704257586
2023-10-08,Niedersachsen,19.242857142857144,15.542857142857143,1.3428571428571427,8027031,0.096435708182325
2023-10-08,Nordrhein-Westfalen,20.142857142857142,16.17142857142857,0.31428571428571433,17924591,0.21534370889604498
2023-10-08,Rheinland-Pfalz,20.285714285714285,14.685714285714285,0.8857142857142857,4106485,0.04933477759274816
2023-10-08,Saarland,21.62857142857143,13.342857142857143,0.7285714285714284,982348,0.011801801321246995
2023-10-08,Sachsen,20.985714285714284,15.728571428571428,2.3857142857142857,4043002,0.048572101073554634
2023-10-08,Sachsen-Anhalt,20.414285714285715,15.914285714285715,1.7428571428571429,2169253,0.02606112388025324
2023-10-08,Schleswig-Holstein,17.414285714285715,14.842857142857143,2.2142857142857144,2922005,0.035104588668873275
2023-10-08,Thüringen,19.02857142857143,14.185714285714285,1.3,2108863,0.025335606261456128
2023-10-15,Baden-Württemberg,22.82857142857143,15.428571428571429,1.4428571428571428,11124642,0.1336500045340346
2023-10-15,Bayern,22.785714285714285,16.685714285714287,0.9714285714285713,13176989,0.15830663490968286
2023-10-15,Berlin,16.84285714285714,13.8,2.4857142857142858,3677472,0.04418067111497029
2023-10-15,Brandenburg,17.428571428571427,13.542857142857143,1.5142857142857142,2537868,0.03048961662827274
2023-10-15,Bremen,17,13.628571428571428,6.357142857142857,676463,0.008126938648192602
2023-10-15,Gesamt,16.84285714285714,13.8,2.4857142857142858,83237124,1
2023-10-15,Hamburg,16.542857142857144,12.928571428571429,9,1853935,0.022272934370005385
2023-10-15,Hessen,20.514285714285712,14.928571428571429,1.0571428571428572,6295017,0.07562751687576327
2023-10-15,Mecklenburg-Vorpommern,15.714285714285714,12.442857142857143,3.7142857142857144,1611160,0.01935626704257586
2023-10-15,Niedersachsen,18.82857142857143,14.628571428571428,6.857142857142857,8027031,0.096435708182325
2023-10-15,Nordrhein-Westfalen,20.52857142857143,15.657142857142857,3.242857142857143,17924591,0.21534370889604498
2023-10-15,Rheinland-Pfalz,20.685714285714287,15.414285714285715,1.0714285714285714,4106485,0.04933477759274816
2023-10-15,Saarland,22.485714285714284,14.785714285714286,0.6428571428571429,982348,0.011801801321246995
2023-10-15,Sachsen,19.2,15.657142857142857,3.3142857142857145,4043002,0.048572101073554634
2023-10-15,Sachsen-Anhalt,19.357142857142858,15.042857142857143,3.7714285714285714,2169253,0.02606112388025324
2023-10-15,Schleswig-Holstein,15.342857142857143,12.985714285714286,3.571428571428571,2922005,0.035104588668873275
2023-10-15,Thüringen,19.385714285714286,14.785714285714285,1.0571428571428572,2108863,0.025335606261456128
2023-10-22,Baden-Württemberg,14.728571428571428,9.685714285714285,2.242857142857143,11124642,0.1336500045340346
2023-10-22,Bayern,15.457142857142857,9.928571428571429,0.7714285714285715,13176989,0.15830663490968286
2023-10-22,Berlin,11.371428571428572,7.814285714285714,1.4142857142857141,3677472,0.04418067111497029
2023-10-22,Brandenburg,11.685714285714285,8.1,1.6142857142857143,2537868,0.03048961662827274
2023-10-22,Bremen,11.82857142857143,8.257142857142856,7.628571428571429,676463,0.008126938648192602
2023-10-22,Gesamt,11.371428571428572,7.814285714285714,1.4142857142857141,83237124,1
2023-10-22,Hamburg,11.17142857142857,7.814285714285714,5.242857142857143,1853935,0.022272934370005385
2023-10-22,Hessen,14.257142857142858,10.785714285714285,2.314285714285714,6295017,0.07562751687576327
2023-10-22,Mecklenburg-Vorpommern,11.17142857142857,7.957142857142857,4.414285714285714,1611160,0.01935626704257586
2023-10-22,Niedersachsen,11.428571428571429,8,6.085714285714285,8027031,0.096435708182325
2023-10-22,Nordrhein-Westfalen,15.77142857142857,11.757142857142856,4.614285714285714,17924591,0.21534370889604498
2023-10-22,Rheinland-Pfalz,14.614285714285714,10.685714285714285,2.6285714285714286,4106485,0.04933477759274816
2023-10-22,Saarland,15.585714285714285,11.542857142857143,4.142857142857142,982348,0.011801801321246995
2023-10-22,Sachsen,13.771428571428572,9.557142857142857,4.114285714285714,4043002,0.048572101073554634
2023-10-22,Sachsen-Anhalt,12.814285714285715,8.557142857142857,2.8857142857142857,2169253,0.02606112388025324
2023-10-22,Schleswig-Holstein,11.628571428571428,9.957142857142857,4.771428571428571,2922005,0.035104588668873275
2023-10-22,Thüringen,13.071428571428571,8.8,1.4714285714285715,2108863,0.025335606261456128
2023-10-29,Baden-Württemberg,14.914285714285715,10.742857142857142,4.057142857142857,11124642,0.1336500045340346
2023-10-29,Bayern,15.82857142857143,11.557142857142857,3.214285714285714,13176989,0.15830663490968286
2023-10-29,Berlin,12.72857142857143,10.371428571428572,4.628571428571428,3677472,0.04418067111497029
2023-10-29,Brandenburg,12.928571428571429,10.442857142857143,6.014285714285714,2537868,0.03048961662827274
2023-10-29,Bremen,12.728571428571428,10.214285714285714,3.2,676463,0.008126938648192602
2023-10-29,Gesamt,12.72857142857143,10.371428571428572,4.628571428571428,83237124,1
2023-10-29,Hamburg,12.971428571428572,10,1.8428571428571427,1853935,0.022272934370005385
2023-10-29,Hessen,12.885714285714286,10.471428571428572,6.0285714285714285,6295017,0.07562751687576327
2023-10-29,Mecklenburg-Vorpommern,12.271428571428572,9.614285714285714,1.8285714285714285,1611160,0.01935626704257586
2023-10-29,Niedersachsen,13.157142857142857,10.928571428571429,4.614285714285715,8027031,0.096435708182325
2023-10-29,Nordrhein-Westfalen,14.257142857142858,11.714285714285714,5.285714285714286,17924591,0.21534370889604498
2023-10-29,Rheinland-Pfalz,13.657142857142857,10.642857142857142,7.142857142857143,4106485,0.04933477759274816
2023-10-29,Saarland,13.742857142857144,10.957142857142857,12.028571428571428,982348,0.011801801321246995
2023-10-29,Sachsen,14.428571428571429,11.414285714285715,3.1857142857142855,4043002,0.048572101073554634
2023-10-29,Sachsen-Anhalt,14.057142857142857,11.314285714285715,4.642857142857142,2169253,0.02606112388025324
2023-10-29,Schleswig-Holstein,11.814285714285715,10.085714285714285,1.8714285714285714,2922005,0.035104588668873275
2023-10-29,Thüringen,13.1,10.542857142857143,2.314285714285714,2108863,0.025335606261456128
2023-11-05,Baden-Württemberg,12.200000000000001,9.17142857142857,2.814285714285714,11124642,0.1336500045340346
2023-11-05,Bayern,12.342857142857143,9.128571428571428,4.328571428571428,13176989,0.15830663490968286
2023-11-05,Berlin,12.685714285714285,10.242857142857144,2.457142857142857,3677472,0.04418067111497029
2023-11-05,Brandenburg,12.971428571428572,10.085714285714285,1.5285714285714287,2537868,0.03048961662827274
2023-11-05,Bremen,13,10.485714285714286,2.7714285714285714,676463,0.008126938648192602
2023-11-05,Gesamt,12.685714285714285,10.242857142857144,2.457142857142857,83237124,1
2023-11-05,Hamburg,12.442857142857143,9.9,3.4,1853935,0.022272934370005385
2023-11-05,Hessen,12.428571428571429,10.142857142857142,5.057142857142857,6295017,0.07562751687576327
2023-11-05,Mecklenburg-Vorpommern,12.214285714285714,9.428571428571429,1.8428571428571427,1611160,0.01935626704257586
2023-11-05,Niedersachsen,13.571428571428571,10.9,2.4285714285714284,8027031,0.096435708182325
2023-11-05,Nordrhein-Westfalen,13.628571428571428,11.385714285714286,3.3857142857142857,17924591,0.21534370889604498
2023-11-05,Rheinland-Pfalz,12.685714285714285,10.128571428571428,5.057142857142857,4106485,0.04933477759274816
2023-11-05,Saarland,13.071428571428571,10.585714285714285,5.571428571428571,982348,0.011801801321246995
2023-11-05,Sachsen,13.285714285714286,10.814285714285715,2.157142857142857,4043002,0.048572101073554634
2023-11-05,Sachsen-Anhalt,13.742857142857144,10.9,1.7714285714285714,2169253,0.02606112388025324
2023-11-05,Schleswig-Holstein,11.885714285714286,9.785714285714285,2.6714285714285717,2922005,0.035104588668873275
2023-11-05,Thüringen,12.2,9.857142857142858,0.7714285714285715,2108863,0.025335606261456128
2023-11-12,Baden-Württemberg,10.657142857142857,6.714285714285714,2.571428571428572,11124642,0.1336500045340346
2023-11-12,Bayern,10.814285714285713,7.071428571428571,3.2571428571428576,13176989,0.15830663490968286
2023-11-12,Berlin,10.342857142857143,8.114285714285714,0.6571428571428571,3677472,0.04418067111497029
2023-11-12,Brandenburg,10.728571428571428,7.9714285714285715,0.8,2537868,0.03048961662827274
2023-11-12,Bremen,10.428571428571429,8.285714285714286,2.1,676463,0.008126938648192602
2023-11-12,Gesamt,10.342857142857143,8.114285714285714,0.6571428571428571,83237124,1
2023-11-12,Hamburg,10.357142857142858,8.5,0.9857142857142857,1853935,0.022272934370005385
2023-11-12,Hessen,10.042857142857143,7.685714285714286,2.357142857142857,6295017,0.07562751687576327
2023-11-12,Mecklenburg-Vorpommern,9.957142857142857,8.185714285714285,0.6285714285714286,1611160,0.01935626704257586
2023-11-12,Niedersachsen,10.72857142857143,8.657142857142857,4.842857142857143,8027031,0.096435708182325
2023-11-12,Nordrhein-Westfalen,11.3,8.514285714285714,4.3428571428571425,17924591,0.21534370889604498
2023-11-12,Rheinland-Pfalz,9.885714285714286,7.785714285714286,1.3142857142857143,4106485,0.04933477759274816
2023-11-12,Saarland,10.82857142857143,8.1,4.014285714285714,982348,0.011801801321246995
2023-11-12,Sachsen,10.657142857142858,7.6571428571428575,0.44285714285714284,4043002,0.048572101073554634
2023-11-12,Sachsen-Anhalt,11.385714285714286,8.585714285714285,0.7285714285714285,2169253,0.02606112388025324
2023-11-12,Schleswig-Holstein,9.82857142857143,8.742857142857142,2.4857142857142858,2922005,0.035104588668873275
2023-11-12,Thüringen,9.457142857142857,7.1,0.3,2108863,0.025335606261456128
2023-11-19,Baden-Württemberg,10.857142857142858,8.385714285714286,7.685714285714286,11124642,0.1336500045340346
2023-11-19,Bayern,11.342857142857143,8.157142857142857,12.485714285714286,13176989,0.15830663490968286
2023-11-19,Berlin,8.428571428571429,6.4714285714285715,3.157142857142857,3677472,0.04418067111497029
2023-11-19,Brandenburg,8.957142857142857,6.3999999999999995,4.871428571428572,2537868,0.03048961662827274
2023-11-19,Bremen,10.314285714285715,6.9714285714285715,5.842857142857143,676463,0.008126938648192602
2023-11-19,Gesamt,8.428571428571429,6.4714285714285715,3.157142857142857,83237124,1
2023-11-19,Hamburg,9.571428571428571,6.885714285714286,4.042857142857143,1853935,0.022272934370005385
2023-11-19,Hessen,10.8,8.057142857142857,5.057142857142857,6295017,0.07562751687576327
2023-11-19,Mecklenburg-Vorpommern,8.771428571428572,6.414285714285715,4.628571428571429,1611160,0.01935626704257586
2023-11-19,Niedersachsen,10.428571428571429,7.514285714285714,3.657142857142857,8027031,0.096435708182325
2023-11-19,Nordrhein-Westfalen,11.685714285714287,8.742857142857144,9.428571428571429,17924591,0.21534370889604498
2023-11-19,Rheinland-Pfalz,10.985714285714286,8.285714285714285,5.671428571428571,4106485,0.04933477759274816
2023-11-19,Saarland,11.842857142857143,9.457142857142857,8.785714285714285,982348,0.011801801321246995
2023-11-19,Sachsen,9.7,6.728571428571429,3.7285714285714286,4043002,0.048572101073554634
2023-11-19,Sachsen-Anhalt,10.642857142857142,7.314285714285714,2.585714285714286,2169253,0.02606112388025324
2023-11-19,Schleswig-Holstein,9.342857142857142,7.142857142857143,8.657142857142857,2922005,0.035104588668873275
2023-11-19,Thüringen,9.757142857142858,6.557142857142857,2.3857142857142857,2108863,0.025335606261456128
2023-11-26,Baden-Württemberg,7.5,4.585714285714285,2.7857142857142856,11124642,0.1336500045340346
2023-11-26,Bayern,6.385714285714285,4.014285714285714,2.8,13176989,0.15830663490968286
2023-11-26,Berlin,6.128571428571429,3.8857142857142857,3.2714285714285714,3677472,0.04418067111497029
2023-11-26,Brandenburg,6.1571428571428575,3.2857142857142856,4.842857142857143,2537868,0.03048961662827274
2023-11-26,Bremen,8.157142857142857,5.4,5.457142857142857,676463,0.008126938648192602
2023-11-26,Gesamt,6.128571428571429,3.8857142857142857,3.2714285714285714,83237124,1
2023-11-26,Hamburg,7.357142857142857,4.5285714285714285,3.2285714285714286,1853935,0.022272934370005385
2023-11-26,Hessen,8.67142857142857,5.857142857142857,2.942857142857143,6295017,0.07562751687576327
2023-11-26,Mecklenburg-Vorpommern,6.214285714285714,4.057142857142857,1.9285714285714286,1611160,0.01935626704257586
2023-11-26,Niedersachsen,7.714285714285714,4.928571428571429,3.2714285714285714,8027031,0.096435708182325
2023-11-26,Nordrhein-Westfalen,9.271428571428572,6.628571428571428,2.785714285714286,17924591,0.21534370889604498
2023-11-26,Rheinland-Pfalz,8.042857142857143,5.514285714285714,2.142857142857143,4106485,0.04933477759274816
2023-11-26,Saarland,8.82857142857143,5.942857142857143,1.7571428571428571,982348,0.011801801321246995
2023-11-26,Sachsen,5.742857142857143,3.557142857142857,3.2142857142857144,4043002,0.048572101073554634
2023-11-26,Sachsen-Anhalt,7.142857142857143,4.657142857142857,2.085714285714286,2169253,0.02606112388025324
2023-11-26,Schleswig-Holstein,7.814285714285714,5.8,1.4285714285714286,2922005,0.035104588668873275
2023-11-26,Thüringen,5.714285714285714,3.071428571428571,1.8857142857142857,2108863,0.025335606261456128
2023-12-03,Baden-Württemberg,1.9714285714285715,-0.49999999999999994,2.185714285714286,11124642,0.1336500045340346
2023-12-03,Bayern,1.957142857142857,-0.4142857142857142,11.142857142857144,13176989,0.15830663490968286
2023-12-03,Berlin,-0.7857142857142857,-2.1142857142857143,1.0285714285714285,3677472,0.04418067111497029
2023-12-03,Brandenburg,-0.5571428571428572,-2.7,1.1999999999999997,2537868,0.03048961662827274
2023-12-03,Bremen,0.5714285714285714,-0.6428571428571427,1.5857142857142856,676463,0.008126938648192602
2023-12-03,Gesamt,-0.7857142857142857,-2.1142857142857143,1.0285714285714285,83237124,1
2023-12-03,Hamburg,0.6571428571428571,-1.4714285714285715,1.7142857142857142,1853935,0.022272934370005385
2023-12-03,Hessen,2.6,0.6,3.4,6295017,0.07562751687576327
2023-12-03,Mecklenburg-Vorpommern,0.11428571428571428,-2,0.8285714285714285,1611160,0.01935626704257586
2023-12-03,Niedersachsen,1.114285714285714,-0.6,3.2,8027031,0.096435708182325
2023-12-03,Nordrhein-Westfalen,2.9428571428571426,1.0857142857142856,3.6714285714285713,17924591,0.21534370889604498
2023-12-03,Rheinland-Pfalz,2.3285714285714283,0.028571428571428595,2.7,4106485,0.04933477759274816
2023-12-03,Saarland,3.157142857142857,0.8428571428571429,2.9,982348,0.011801801321246995
2023-12-03,Sachsen,0.6142857142857143,-1.3142857142857143,1.9571428571428569,4043002,0.048572101073554634
2023-12-03,Sachsen-Anhalt,1.042857142857143,-1.0142857142857142,2.128571428571429,2169253,0.02606112388025324
2023-12-03,Schleswig-Holstein,1.842857142857143,-0.042857142857142864,1.8142857142857143,2922005,0.035104588668873275
2023-12-03,Thüringen,-0.5142857142857142,-2.414285714285714,2.157142857142857,2108863,0.025335606261456128
2023-12-10,Baden-Württemberg,5.9,2.742857142857143,1.7428571428571429,11124642,0.1336500045340346
2023-12-10,Bayern,4.928571428571429,1.4428571428571428,2.6428571428571432,13176989,0.15830663490968286
2023-12-10,Berlin,1.9,0.6714285714285715,1.8285714285714287,3677472,0.04418067111497029
2023-12-10,Brandenburg,1.9142857142857146,0.6428571428571427,2.6428571428571432,2537868,0.03048961662827274
2023-12-10,Bremen,3.5142857142857142,2.1285714285714286,5.1,676463,0.008126938648192602
2023-12-10,Gesamt,1.9,0.6714285714285715,1.8285714285714287,83237124,1
2023-12-10,Hamburg,2.4571428571428573,1.3857142857142857,3.8285714285714283,1853935,0.022272934370005385
2023-12-10,Hessen,5.0285714285714285,3.085714285714286,4.171428571428572,6295017,0.07562751687576327
2023-12-10,Mecklenburg-Vorpommern,1.8142857142857145,0.8000000000000002,3.057142857142857,1611160,0.01935626704257586
2023-12-10,Niedersachsen,4.5285714285714285,2.528571428571429,2.7285714285714286,8027031,0.096435708182325
2023-12-10,Nordrhein-Westfalen,7.228571428571429,4.628571428571429,4.214285714285714,17924591,0.21534370889604498
2023-12-10,Rheinland-Pfalz,4.871428571428572,2.471428571428571,2.8571428571428568,4106485,0.04933477759274816
2023-12-10,Saarland,7.5285714285714285,4.957142857142857,5.771428571428571,982348,0.011801801321246995
2023-12-10,Sachsen,2.7,0.8142857142857143,1.2285714285714286,4043002,0.048572101073554634
2023-12-10,Sachsen-Anhalt,3.6142857142857143,1.8142857142857145,3.2714285714285714,2169253,0.02606112388025324
2023-12-10,Schleswig-Holstein,3.2857142857142856,1.8571428571428572,2.342857142857143,2922005,0.035104588668873275
2023-12-10,Thüringen,3.7285714285714286,1.7999999999999998,1.8285714285714285,2108863,0.025335606261456128
2023-12-17,Baden-Württemberg,8.5,5.3,4.057142857142857,11124642,0.1336500045340346
2023-12-17,Bayern,7.9714285714285715,5.457142857142857,2.9142857142857146,13176989,0.15830663490968286
2023-12-17,Berlin,6.6,5.385714285714285,3.9142857142857137,3677472,0.04418067111497029
2023-12-17,Brandenburg,7.0285714285714285,5.357142857142858,4.242857142857143,2537868,0.03048961662827274
2023-12-17,Bremen,8.057142857142857,6.6,1.0142857142857142,676463,0.008126938648192602
2023-12-17,Gesamt,6.6,5.385714285714285,3.9142857142857137,83237124,1
2023-12-17,Hamburg,7.642857142857143,6.228571428571429,2.2285714285714286,1853935,0.022272934370005385
2023-12-17,Hessen,8.585714285714285,6.328571428571428,1.6571428571428573,6295017,0.07562751687576327
2023-12-17,Mecklenburg-Vorpommern,6.728571428571429,5.314285714285714,1.9857142857142855,1611160,0.01935626704257586
2023-12-17,Niedersachsen,8.542857142857143,6.757142857142857,1.8857142857142857,8027031,0.096435708182325
2023-12-17,Nordrhein-Westfalen,9.357142857142858,7.614285714285715,1.4857142857142858,17924591,0.21534370889604498
2023-12-17,Rheinland-Pfalz,7.871428571428572,5.085714285714285,0.7714285714285715,4106485,0.04933477759274816
2023-12-17,Saarland,9.142857142857142,6.514285714285714,1.7,982348,0.011801801321246995
2023-12-17,Sachsen,7.5285714285714285,5.314285714285714,1.2428571428571429,4043002,0.048572101073554634
2023-12-17,Sachsen-Anhalt,8.285714285714286,6.485714285714286,1.8428571428571427,2169253,0.02606112388025324
2023-12-17,Schleswig-Holstein,6.514285714285714,5.557142857142857,2.1714285714285717,2922005,0.035104588668873275
2023-12-17,Thüringen,7.542857142857143,5.071428571428571,0.9,2108863,0.025335606261456128
2023-12-24,Baden-Württemberg,8.414285714285715,5.371428571428571,1.8285714285714285,11124642,0.1336500045340346
2023-12-24,Bayern,9.928571428571429,6.057142857142857,4.4714285714285715,13176989,0.15830663490968286
2023-12-24,Berlin,7.157142857142857,5.771428571428571,5.757142857142857,3677472,0.04418067111497029
2023-12-24,Brandenburg,6.857142857142857,4.928571428571429,8.014285714285714,2537868,0.03048961662827274
2023-12-24,Bremen,9.085714285714285,6.814285714285714,9.928571428571429,676463,0.008126938648192602
2023-12-24,Gesamt,7.157142857142857,5.771428571428571,5.757142857142857,83237124,1
2023-12-24,Hamburg,8.114285714285714,6.428571428571429,10.157142857142857,1853935,0.022272934370005385
2023-12-24,Hessen,8.6,6.585714285714285,4.8428571428571425,6295017,0.07562751687576327
2023-12-24,Mecklenburg-Vorpommern,7.342857142857143,5.5285714285714285,5.4,1611160,0.01935626704257586
2023-12-24,Niedersachsen,8.685714285714285,6.6000000000000005,13.028571428571428,8027031,0.096435708182325
2023-12-24,Nordrhein-Westfalen,9.67142857142857,7.871428571428571,7.871428571428571,17924591,0.21534370889604498
2023-12-24,Rheinland-Pfalz,7.857142857142857,6.114285714285714,3.1857142857142855,4106485,0.04933477759274816
2023-12-24,Saarland,8.385714285714286,6.185714285714286,3.9571428571428573,982348,0.011801801321246995
2023-12-24,Sachsen,6.871428571428572,5.1571428571428575,7.385714285714286,4043002,0.048572101073554634
2023-12-24,Sachsen-Anhalt,8.642857142857142,6.371428571428572,6.257142857142857,2169253,0.02606112388025324
2023-12-24,Schleswig-Holstein,7.9714285714285715,6.257142857142857,3.7142857142857144,2922005,0.035104588668873275
2023-12-24,Thüringen,7.8,5.728571428571429,4.085714285714285,2108863,0.025335606261456128
2023-12-31,Baden-Württemberg,11.487499999999999,8.0625,0.2,11124642,0.1336500045340346
2023-12-31,Bayern,12.1,8.4375,0.4375,13176989,0.15830663490968286
2023-12-31,Berlin,9.9,8.4,2.475,3677472,0.04418067111497029
2023-12-31,Brandenburg,9.85,7.9125,2.1624999999999996,2537868,0.03048961662827274
2023-12-31,Bremen,10.7875,8.4125,3.25,676463,0.008126938648192602
2023-12-31,Gesamt,9.9,8.4,2.475,83237124,1
2023-12-31,Hamburg,10.225,8.025,2.9625,1853935,0.022272934370005385
2023-12-31,Hessen,11.175,8.6625,1.1125,6295017,0.07562751687576327
2023-12-31,Mecklenburg-Vorpommern,9.3,7.325,3.0875,1611160,0.01935626704257586
2023-12-31,Niedersachsen,11.2125,8.9625,4.4624999999999995,8027031,0.096435708182325
2023-12-31,Nordrhein-Westfalen,11.9375,10.0125,4.1,17924591,0.21534370889604498
2023-12-31,Rheinland-Pfalz,10.35,8.325,0.9874999999999999,4106485,0.04933477759274816
2023-12-31,Saarland,10.8625,9.325,1.5375,982348,0.011801801321246995
2023-12-31,Sachsen,10.8125,8.775,0.9375,4043002,0.048572101073554634
2023-12-31,Sachsen-Anhalt,11.1375,8.75,1.1875,2169253,0.02606112388025324
2023-12-31,Schleswig-Holstein,9.45,7.55,2.325,2922005,0.035104588668873275
2023-12-31,Thüringen,10.0375,8.112499999999999,0.8875,2108863,0.025335606261456128
