date,federalState,pubHoliday,schoolVacation,EinwohnerInnenJeKm2,tmax,tavg,prcp,EinwohnerInnen,sunrise,sunset,daylight,outOfHomeDuration,percentageChangeComparedToBeforeCorona,Hospital_Cases,Hospital_Incidence,Infection_Cases,Infection_Incidence,Death_Cases,Death_Incidence,week,year,Reffective,Infection_Cases_Norm,Infection_Incidence_Norm,Hospital_Cases_Norm,Hospital_Incidence_Norm,Death_Cases_Norm,Death_Incidence_Norm,Reffective_Norm
2020-03-08,Baden-Württemberg,0,0,310,8.442857142857143,4.685714285714286,2.5571428571428574,11124642,2024-05-13T05:42:00Z,2024-05-13T16:52:25Z,11.173809523809524,7.45,0,38,0.34,193,1.7,0,0,10,2020,0.17544468325868007,0.0013351134846462252,0.00106100795755969,0.011963406052075996,0.011746280344557544,0,0,0.7917329840053651
2020-03-08,Bayern,0,0,185,8.157142857142857,5.014285714285714,1.4142857142857144,13176989,2024-05-13T05:42:00Z,2024-05-13T16:52:25Z,11.173809523809524,7.48,0,51,0.39,117,0.9,0,0,10,2020,0.23152744747620024,0,0,0.012222222222222207,0.012445095168374816,0,0,1
2020-03-08,Berlin,1,0,4090,8.414285714285715,4.9714285714285715,1.1,3677472,2024-05-13T05:42:00Z,2024-05-13T16:52:25Z,11.173809523809524,7.2,0,4,0.11,25,0.7,0,0,10,2020,0.23706106613154376,0,0,0,0,0,0,1
2020-03-08,Brandenburg,0,0,85,8.628571428571428,4.514285714285714,0.9285714285714286,2537868,2024-05-13T05:42:00Z,2024-05-13T16:52:25Z,11.173809523809524,6.84,0,0,0,3,0.1,0,0,10,2020,0.26509819819173175,0,0,0,0,0,0,1
2020-03-08,Bremen,0,0,1629,9.042857142857144,5.785714285714286,3.0857142857142854,676463,2024-05-13T05:42:00Z,2024-05-13T16:52:25Z,11.173809523809524,7.45,0,2,0.3,4,0.6,0,0,10,2020,0.3617193162251791,0,0,0.02898550724637679,0.029411764705882353,0,0,1
2020-03-08,Hamburg,0,7,2438,8.857142857142858,5.457142857142857,1.6,1853935,2024-05-13T05:42:00Z,2024-05-13T16:52:25Z,11.173809523809524,7.03,0,1,0.05,17,0.9,0,0,10,2020,0.3305470007496979,0.001944264419961099,0.0018018018018017864,0,0,0,0,1
2020-03-08,Hessen,0,0,297,9.157142857142857,5.771428571428571,3.842857142857143,6295017,2024-05-13T05:42:00Z,2024-05-13T16:52:25Z,11.173809523809524,7.51,0,6,0.1,24,0.4,0,0,10,2020,0.271035141209366,0,0,0,0,0,0,1
2020-03-08,Mecklenburg-Vorpommern,0,0,69,8.1,4.828571428571428,0.9857142857142857,1611160,2024-05-13T05:42:00Z,2024-05-13T16:52:25Z,11.173809523809524,7.42,0,1,0.06,5,0.3,0,0,10,2020,0.30949436411016573,0.0035739814152966473,0.003456221198156681,0.00645161290322581,0.006237006237006242,0,0,NA
2020-03-08,Niedersachsen,0,0,167,8.528571428571428,5.671428571428572,2.3285714285714287,8027031,2024-05-13T05:42:00Z,2024-05-13T16:52:25Z,11.173809523809524,7.390000000000001,0,7,0.09,34,0.4,0,0,10,2020,0.22363395122379157,0,0,0,0,0,0,1
2020-03-08,Nordrhein-Westfalen,0,0,526,9.485714285714286,6.242857142857143,3.528571428571429,17924591,2024-05-13T05:42:00Z,2024-05-13T16:52:25Z,11.173809523809524,7.01,0,34,0.19,389,2.2,0,0,10,2020,0.3804077419428921,0,0,0,0,0,0,1
2020-03-08,Rheinland-Pfalz,0,0,206,9.028571428571428,5.6571428571428575,3.0142857142857142,4106485,2024-05-13T05:42:00Z,2024-05-13T16:52:25Z,11.173809523809524,7.74,0,1,0.02,10,0.2,0,0,10,2020,0.27150895216226173,0,0,0,0,0,0,1
2020-03-08,Saarland,0,0,385,9.3,5.714285714285714,6.371428571428571,982348,2024-05-13T05:42:00Z,2024-05-13T16:52:25Z,11.173809523809524,7.15,0,0,0,0,0,0,0,10,2020,0.2571763492049714,0,0,0,0,0,0,1
2020-03-08,Sachsen,0,0,221,9.5,5.9,0.7857142857142857,4043002,2024-05-13T05:42:00Z,2024-05-13T16:52:25Z,11.173809523809524,7.04,0,1,0.02,5,0.1,0,0,10,2020,0.24132510785249978,0,0,8.156606851549595e-4,6.59630606860129e-4,0,0,1
2020-03-08,Sachsen-Anhalt,0,0,109,9.785714285714286,5.642857142857143,1.7,2169253,2024-05-13T05:42:00Z,2024-05-13T16:52:25Z,11.173809523809524,7.15,0,0,0,0,0,0,0,10,2020,0.27932566494722894,0,0,0,0,0,0,1
2020-03-08,Schleswig-Holstein,0,0,183,7,5.042857142857143,2.414285714285714,2922005,2024-05-13T05:42:00Z,2024-05-13T16:52:25Z,11.173809523809524,7.09,0,2,0.07,6,0.2,0,0,10,2020,0.22939848978883184,0,0,0.011627906976744172,0.011884550084889669,0,0,1
2020-03-08,Thüringen,0,0,132,7.871428571428571,4.3,0.9714285714285714,2108863,2024-05-13T05:42:00Z,2024-05-13T16:52:25Z,11.173809523809524,7.29,0,2,0.09,2,0.1,0,0,10,2020,0.27871261651306994,0,0,0,0,0,0,1
2020-03-15,Baden-Württemberg,0,0,310,12.614285714285714,7.571428571428571,1.7142857142857142,11124642,2024-05-13T05:25:51Z,2024-05-13T17:05:08Z,11.654761904761903,7.25,-3,72,0.65,1167,10.5,2,0.017730092497006054,11,2020,0.07357361762489972,0.047777989700553136,0.047745358090185666,0.035890218156228025,0.036021926389976505,0.005115089514066501,0.005115089514066501,0
2020-03-15,Bayern,0,0,185,12.785714285714285,8.071428571428571,2.8285714285714283,13176989,2024-05-13T05:25:51Z,2024-05-13T17:05:08Z,11.654761904761903,7.27,-3,97,0.74,958,7.3,1,0.0074797711459301105,11,2020,0.07969750361609226,0.030295389048991345,0.030374940673944004,0.03777777777777778,0.03806734992679353,0.0017857142857142935,0.0017857142857142932,0.14855553761776305
2020-03-15,Berlin,0,0,4090,11.214285714285714,6.914285714285715,2.3142857142857145,3677472,2024-05-13T05:25:51Z,2024-05-13T17:05:08Z,11.654761904761903,6.8,-5,17,0.46,241,6.6,0,0,11,2020,0.07681265901961014,0.025192442267319797,0.025311025311025304,0.018005540166204995,0.017829852266938378,0,0,0.09566558585638903
2020-03-15,Brandenburg,0,0,85,10.928571428571429,6.414285714285715,2.0142857142857147,2537868,2024-05-13T05:25:51Z,2024-05-13T17:05:08Z,11.654761904761903,6.68,-2,5,0.2,83,3.3,0,0,11,2020,0.10387451765773838,0.017432991937241227,0.01769911504424779,0.014880952380952375,0.015105740181268902,0,0,0.1669285505872513
2020-03-15,Bremen,0,0,1629,11.885714285714286,7.814285714285714,2.628571428571429,676463,2024-05-13T05:25:51Z,2024-05-13T17:05:08Z,11.654761904761903,7.15,-4,2,0.3,46,6.8,0,0,11,2020,0.27947171090909484,0.02729044834307992,0.02725274725274722,0.02898550724637679,0.029411764705882353,0,0,0.6508026471913012
2020-03-15,Hamburg,0,5,2438,11.085714285714284,7.242857142857143,3.2285714285714286,1853935,2024-05-13T05:25:51Z,2024-05-13T17:05:08Z,11.654761904761903,6.640000000000001,-6,15,0.81,243,13.1,0,0,11,2020,0.13365788508742424,0.07517822423849642,0.07507507507507509,0.08536585365853659,0.08587570621468928,0,0,0.2688296797422412
2020-03-15,Hessen,0,0,297,12.271428571428572,8.657142857142857,2.685714285714286,6295017,2024-05-13T05:25:51Z,2024-05-13T17:05:08Z,11.654761904761903,7.32,-2,18,0.29,275,4.4,0,0,11,2020,0.05189860904229387,0.021305491893727213,0.02137894174238375,0.010204081632653062,0.01017130620985011,0,0,0
2020-03-15,Mecklenburg-Vorpommern,0,0,69,10.82857142857143,6.742857142857143,2.242857142857143,1611160,2024-05-13T05:25:51Z,2024-05-13T17:05:08Z,11.654761904761903,7.36,-1,4,0.25,34,2.1,0,0,11,2020,0.1570388493813729,0.02430307362401716,0.024193548387096767,0.02580645161290323,0.025987525987525985,0,0,NA
2020-03-15,Niedersachsen,0,0,167,11.771428571428572,7.885714285714285,2.971428571428571,8027031,2024-05-13T05:25:51Z,2024-05-13T17:05:08Z,11.654761904761903,7.18,-3,14,0.17,350,4.4,0,0,11,2020,0.06618955804333157,0.035958124715521136,0.03652968036529682,0.015452538631346588,0.014184397163120557,0,0,0.04416736595859541
2020-03-15,Nordrhein-Westfalen,0,0,526,12.857142857142858,9.242857142857144,4.328571428571428,17924591,2024-05-13T05:25:51Z,2024-05-13T17:05:08Z,11.654761904761903,6.82,-3,156,0.87,1540,8.6,5,0.02756473909753926,11,2020,0.21662161755225753,0.036766115121701894,0.036655211912943825,0.05143338954468803,0.05139833711262284,0.009487666034155583,0.009487666034155613,0.3915809367496694
2020-03-15,Rheinland-Pfalz,0,0,206,12.285714285714286,8.742857142857144,1.514285714285714,4106485,2024-05-13T05:25:51Z,2024-05-13T17:05:08Z,11.654761904761903,7.57,-2,17,0.41,229,5.6,0,0,11,2020,0.11073311174335516,0.03313161875945536,0.03354037267080743,0.055172413793103454,0.05516265912305514,0,0,0.14132062723052055
2020-03-15,Saarland,0,0,385,13.242857142857144,8.685714285714285,2.5714285714285716,982348,2024-05-13T05:25:51Z,2024-05-13T17:05:08Z,11.654761904761903,6.92,-3,0,0,60,6.1,0,0,11,2020,0.09522202269151074,0.031071983428275517,0.03102746693794509,0,0,0,0,0.07757225956806216
2020-03-15,Sachsen,0,0,221,12.114285714285714,7.571428571428571,1.5142857142857142,4043002,2024-05-13T05:25:51Z,2024-05-13T17:05:08Z,11.654761904761903,6.8500000000000005,-3,15,0.37,148,3.7,0,0,11,2020,0.07718980903161744,0.008155118334759064,0.008300668664975782,0.012234910277324625,0.012203166226912908,0,0,0.08603004525559793
2020-03-15,Sachsen-Anhalt,0,0,109,12.042857142857144,7.514285714285714,1.7428571428571429,2169253,2024-05-13T05:25:51Z,2024-05-13T17:05:08Z,11.654761904761903,7,-2,2,0.09,46,2.1,0,0,11,2020,0.1002481247387184,0.01305705364745954,0.012931034482758645,0.006042296072507551,0.005897771952817836,0,0,0.13959200003123323
2020-03-15,Schleswig-Holstein,0,0,183,9.385714285714286,6.828571428571428,2.5142857142857142,2922005,2024-05-13T05:25:51Z,2024-05-13T17:05:08Z,11.654761904761903,6.890000000000001,-3,7,0.24,99,3.4,1,0.03386077128064823,11,2020,0.07136117757870403,0.04039965247610774,0.04060913705583759,0.04069767441860465,0.04074702886247879,0.03125000000000001,0.03125,0
2020-03-15,Thüringen,0,0,132,11.014285714285714,6.928571428571429,2.042857142857143,2108863,2024-05-13T05:25:51Z,2024-05-13T17:05:08Z,11.654761904761903,7.140000000000001,-2,5,0.24,49,2.3,0,0,11,2020,0.06485201216195442,0.008770292965105437,0.008658008658008668,0.007518796992481196,0.00792811839323469,0,0,0.07087689823153741
2020-03-22,Baden-Württemberg,0,0,310,14.971428571428572,8.628571428571428,2.1714285714285713,11124642,2024-05-13T05:09:34Z,2024-05-13T17:17:34Z,12.133333333333333,6.05,-19,434,3.9,4092,36.8,19,0.1684358787215575,12,2020,0.07516923633647295,0.18724966622162886,0.18726790450928377,0.29064039408867,0.29052466718872355,0.04859335038363171,0.04859335038363171,0.012401008627809528
2020-03-22,Bayern,0,0,185,14.614285714285714,8.757142857142856,3.871428571428571,13176989,2024-05-13T05:09:34Z,2024-05-13T17:17:34Z,12.133333333333333,5.89,-21,494,3.75,4459,33.8,20,0.1495954229186022,12,2020,0.05320701605862257,0.1564121037463977,0.15614617940199338,0.25833333333333336,0.25841874084919475,0.03571428571428571,0.035714285714285705,0
2020-03-22,Berlin,0,0,4090,12.357142857142858,7.828571428571428,0,3677472,2024-05-13T05:09:34Z,2024-05-13T17:17:34Z,12.133333333333333,5.17,-28,56,1.52,803,21.8,1,0.02662937843568912,12,2020,0.05986068029453445,0.09073944483321669,0.09051909051909049,0.07202216066481994,0.07182883341823743,0.007092198581560278,0.007092198581560277,0
2020-03-22,Brandenburg,0,0,85,13.071428571428571,7.771428571428571,0.01428571428571428,2537868,2024-05-13T05:09:34Z,2024-05-13T17:17:34Z,12.133333333333333,5.8100000000000005,-15,26,1.02,291,11.5,0,0,12,2020,0.07156896291708194,0.06275877097406841,0.06305309734513274,0.07738095238095238,0.0770392749244713,0,0,0
2020-03-22,Bremen,0,0,1629,11.185714285714283,7.285714285714286,0.11428571428571428,676463,2024-05-13T05:09:34Z,2024-05-13T17:17:34Z,12.133333333333333,5.74,-23,8,1.18,112,16.6,0,0,12,2020,0.1541294576214882,0.07017543859649121,0.07032967032967033,0.11594202898550723,0.11568627450980393,0,0,0.11863903130362756
2020-03-22,Hamburg,0,0,2438,10.314285714285717,6.428571428571429,0.2571428571428572,1853935,2024-05-13T05:09:34Z,2024-05-13T17:17:34Z,12.133333333333333,5.07,-28,53,2.86,863,46.5,1,0.05285071470021489,12,2020,0.06126758635434263,0.27608554763447823,0.2756756756756757,0.3170731707317073,0.3175141242937852,0.01694915254237288,0.016949152542372843,0
2020-03-22,Hessen,0,0,297,14.471428571428572,9.4,0.9428571428571428,6295017,2024-05-13T05:09:34Z,2024-05-13T17:17:34Z,12.133333333333333,6.15,-18,126,2,1092,17.3,2,0.03129224453011566,12,2020,0.05651723528713565,0.09065444359562007,0.09032602886157137,0.1020408163265306,0.10171306209850106,0.0069204152249134985,0.0069204152249135,0.021076477751872432
2020-03-22,Mecklenburg-Vorpommern,0,0,69,10.071428571428571,6.385714285714286,0.37142857142857144,1611160,2024-05-13T05:09:34Z,2024-05-13T17:17:34Z,12.133333333333333,6.4,-14,12,0.74,151,9.4,0,0,12,2020,0.10199178907065269,0.10793423874195855,0.10829493087557605,0.07741935483870968,0.07692307692307693,0,0,NA
2020-03-22,Niedersachsen,0,0,167,11.571428571428571,7.7,0.05714285714285714,8027031,2024-05-13T05:09:34Z,2024-05-13T17:17:34Z,12.133333333333333,6.0200000000000005,-19,90,1.12,1365,17,1,0.012284647065775195,12,2020,0.058914326078998845,0.1514565316340464,0.15159817351598173,0.18322295805739514,0.18262411347517732,0.006289308176100611,0.0062893081761006405,0
2020-03-22,Nordrhein-Westfalen,0,0,526,13.842857142857143,8.7,0.22857142857142856,17924591,2024-05-13T05:09:34Z,2024-05-13T17:17:34Z,12.133333333333333,5.73,-18,478,2.67,5180,28.9,1,0.005512947819507853,12,2020,0.1188517220465494,0.15303775634063757,0.15292096219931264,0.18718381112984822,0.1874527588813303,0.0018975332068311042,0.001897533206831135,0.02839346614445457
2020-03-22,Rheinland-Pfalz,0,0,206,14.314285714285711,9.614285714285714,0.6142857142857143,4106485,2024-05-13T05:09:34Z,2024-05-13T17:17:34Z,12.133333333333333,6.47,-16,74,1.8,973,23.7,2,0.04808674849428368,12,2020,0.0842727781985623,0.14568835098335856,0.14596273291925466,0.2517241379310345,0.2517680339462518,0.011235955056179765,0.011235955056179763,0
2020-03-22,Saarland,0,0,385,15.914285714285716,8.957142857142857,0.8999999999999999,982348,2024-05-13T05:09:34Z,2024-05-13T17:17:34Z,12.133333333333333,5.97,-16,14,1.43,225,22.9,0,0,12,2020,0.08160235092341103,0.11651993785603317,0.11648016276703967,0.11666666666666665,0.11702127659574467,0,0,0
2020-03-22,Sachsen,0,0,221,12.7,7.271428571428571,0.6428571428571429,4043002,2024-05-13T05:09:34Z,2024-05-13T17:17:34Z,12.133333333333333,5.86,-17,53,1.31,721,17.8,0,0,12,2020,0.06174010293099347,0.04083262047333905,0.040811620936130964,0.0432300163132137,0.04320580474934036,0,0,0
2020-03-22,Sachsen-Anhalt,0,0,109,13.17142857142857,7.9,0.37142857142857144,2169253,2024-05-13T05:09:34Z,2024-05-13T17:17:34Z,12.133333333333333,6.19,-13,21,0.97,210,9.7,0,0,12,2020,0.0711947082208722,0.059608288390576206,0.05972906403940887,0.06344410876132932,0.063564875491481,0,0,0
2020-03-22,Schleswig-Holstein,0,0,183,8.342857142857143,6.214285714285714,0.6142857142857142,2922005,2024-05-13T05:09:34Z,2024-05-13T17:17:34Z,12.133333333333333,5.73,-19,36,1.23,332,11.4,1,0.03386077128064823,12,2020,0.0734697529587194,0.1416159860990443,0.14213197969543148,0.20930232558139533,0.20882852292020376,0.03125000000000001,0.03125,0.013342262979085522
2020-03-22,Thüringen,0,0,132,11.342857142857142,6.571428571428572,0,2108863,2024-05-13T05:09:34Z,2024-05-13T17:17:34Z,12.133333333333333,6.34,-13,23,1.09,255,12.1,0,0,12,2020,0.0485379454236737,0.04721030042918455,0.04722550177095631,0.05263157894736842,0.0528541226215645,0,0,0
2020-03-29,Baden-Württemberg,0,0,310,10,3.942857142857143,0.7571428571428571,11124642,2024-05-13T04:52:51Z,2024-05-13T17:29:51Z,12.616666666666667,5.36,-28,1196,10.75,7051,63.4,80,0.7092036998802421,13,2020,0.15702647314372375,0.32834255197406065,0.32838196286472143,0.8268824771287826,0.8269381362568519,0.20460358056265987,0.20460358056265984,0.6485882709935805
2020-03-29,Bayern,0,0,185,9.185714285714283,3.8857142857142857,0.1,13176989,2024-05-13T04:52:51Z,2024-05-13T17:29:51Z,12.616666666666667,5.24,-30,1386,10.52,8934,67.8,89,0.6656996319877799,13,2020,0.11506060431711441,0.3176152737752162,0.31751305173232086,0.7538888888888888,0.7540263543191802,0.15892857142857145,0.15892857142857142,0.34686764588207886
2020-03-29,Berlin,0,0,4090,10.414285714285716,5.157142857142857,0.07142857142857144,3677472,2024-05-13T04:52:51Z,2024-05-13T17:29:51Z,12.616666666666667,4.36,-39,159,4.32,1362,37,8,0.21303502748551295,13,2020,0.13880257513522953,0.15593655236762305,0.1557271557271557,0.2146814404432133,0.2144676515537443,0.05673758865248228,0.056737588652482254,0.44549505052041266
2020-03-29,Brandenburg,0,0,85,10.757142857142856,4.257142857142857,0.1714285714285714,2537868,2024-05-13T04:52:51Z,2024-05-13T17:29:51Z,12.616666666666667,5.24,-23,57,2.25,421,16.6,1,0.03886309890464355,13,2020,0.10132437811120484,0.09108738287208541,0.09126106194690266,0.16964285714285715,0.16993957703927492,0.012048192771084347,0.012048192771084347,0.15375152571597298
2020-03-29,Bremen,0,2,1629,10.542857142857144,5.0285714285714285,0.05714285714285714,676463,2024-05-13T04:52:51Z,2024-05-13T17:29:51Z,12.616666666666667,5.05,-32,13,1.92,122,18,2,0.2920287823567891,13,2020,0.12994424431562174,0.07667316439246262,0.07648351648351648,0.18840579710144928,0.18823529411764706,0.1,0.09999999999999999,0.01595625493505277
2020-03-29,Hamburg,0,0,2438,10.114285714285714,4.6000000000000005,0.5571428571428572,1853935,2024-05-13T04:52:51Z,2024-05-13T17:29:51Z,12.616666666666667,4.44,-37,121,6.53,1106,59.7,5,0.2642535735010744,13,2020,0.08156661603366404,0.3548282566429034,0.354954954954955,0.7317073170731708,0.7322033898305084,0.0847457627118644,0.08474576271186436,0.0753827756380903
2020-03-29,Hessen,0,0,297,NA,NA,NA,NA,2024-05-13T04:52:51Z,2024-05-13T17:29:51Z,12.616666666666667,5.5,-27,269,4.27,1613,25.6,7,0.1095228558554048,13,2020,0.14484990772735384,0.13487819370172313,0.13468733297701765,0.2236394557823129,0.22323340471092074,0.02422145328719723,0.02422145328719721,0.4241707111354343
2020-03-29,Mecklenburg-Vorpommern,0,0,69,9.714285714285714,4.5285714285714285,0.22857142857142856,1611160,2024-05-13T04:52:51Z,2024-05-13T17:29:51Z,12.616666666666667,5.97,-20,22,1.37,162,10.1,1,0.061410802651472814,13,2020,0.14918321974260823,0.11579699785561115,0.11635944700460829,0.14193548387096774,0.14241164241164245,0.045454545454545456,0.04545454545454545,NA
2020-03-29,Niedersachsen,0,0,167,10,4.257142857142857,0.14285714285714288,8027031,2024-05-13T04:52:51Z,2024-05-13T17:29:51Z,12.616666666666667,5.4,-27,197,2.45,2150,26.8,18,0.2211236471839535,13,2020,0.14920319031331336,0.24078288575329995,0.2410958904109589,0.4194260485651214,0.4184397163120568,0.11320754716981131,0.11320754716981131,0.5481366543600881
2020-03-29,Nordrhein-Westfalen,0,0,526,11.842857142857143,6.6,0.15714285714285717,17924591,2024-05-13T04:52:51Z,2024-05-13T17:29:51Z,12.616666666666667,5.1000000000000005,-27,827,4.61,6038,33.7,92,0.5071911993947225,13,2020,0.11120821437443114,0.1804446431993867,0.18041237113402056,0.3343170320404722,0.3340891912320484,0.174573055028463,0.17457305502846301,0
2020-03-29,Rheinland-Pfalz,0,0,206,11.371428571428572,6.128571428571428,0,4106485,2024-05-13T04:52:51Z,2024-05-13T17:29:51Z,12.616666666666667,5.8500000000000005,-24,151,3.68,1359,33.1,10,0.24043374247141847,13,2020,0.1299268053900561,0.20408472012102877,0.20434782608695654,0.5172413793103449,0.5176803394625178,0.056179775280898875,0.056179775280898875,0.24383123316942498
2020-03-29,Saarland,0,0,385,11.714285714285714,6.185714285714286,0,982348,2024-05-13T04:52:51Z,2024-05-13T17:29:51Z,12.616666666666667,5.33,-25,52,5.29,384,39.1,2,0.20147763698968232,13,2020,0.17435011428284697,0.19886069394096326,0.19888097660223802,0.43333333333333324,0.4328968903436989,0.04347826086956523,0.04347826086956522,0.5282545494618195
2020-03-29,Sachsen,0,0,221,10.7,3.5714285714285716,0.22857142857142856,4043002,2024-05-13T04:52:51Z,2024-05-13T17:29:51Z,12.616666666666667,5.14,-27,157,3.88,1042,25.8,9,0.2202561236096944,13,2020,0.1491746188472024,0.059138865126889095,0.05925755130274381,0.12805872756933112,0.12796833773087068,0.022842639593908635,0.022842639593908635,0.4868698027122317
2020-03-29,Sachsen-Anhalt,0,0,109,10.742857142857142,4.757142857142857,0.1,2169253,2024-05-13T04:52:51Z,2024-05-13T17:29:51Z,12.616666666666667,5.65,-21,57,2.63,370,17.1,2,0.09146440456901286,13,2020,0.14753331893860577,0.10502412716434856,0.10529556650246308,0.17220543806646527,0.172346002621232,0.03225806451612903,0.03225806451612902,0.3667816259457304
2020-03-29,Schleswig-Holstein,0,0,183,7.014285714285714,4.671428571428572,NA,2922005,2024-05-13T04:52:51Z,2024-05-13T17:29:51Z,12.616666666666667,5.23,-26,111,3.8,608,20.8,3,0.10158231384194469,13,2020,0.15427470220346012,0.26151172893136404,0.2614213197969543,0.6453488372093024,0.6451612903225807,0.09375,0.09375,0.5246452465257921
2020-03-29,Thüringen,0,0,132,9.042857142857144,3.1,0.2,2108863,2024-05-13T04:52:51Z,2024-05-13T17:29:51Z,12.616666666666667,5.73,-21,74,3.51,445,21.1,5,0.23508989367354288,13,2020,0.14201221926908275,0.08266467624556822,0.08264462809917356,0.18045112781954883,0.18076109936575052,0.05494505494505494,0.05494505494505494,0.40610147677415437
2020-04-05,Baden-Württemberg,0,0,310,11.685714285714283,5.0285714285714285,0,11124642,2024-05-13T04:36:25Z,2024-05-13T17:42:08Z,13.095238095238097,5.78,-22,1353,12.16,7612,68.4,266,2.3581023021018046,14,2020,0.20161584535157978,0.3550925042914362,0.3549071618037135,0.9373680506685433,0.937353171495693,0.680306905370844,0.6803069053708439,0.9951329595508123
2020-04-05,Bayern,0,0,185,11.585714285714284,5.642857142857143,0,13176989,2024-05-13T04:36:25Z,2024-05-13T17:42:08Z,13.095238095238097,5.57,-26,1829,13.88,11030,83.7,281,2.101815692006361,14,2020,0.16255749647578488,0.39311959654178674,0.3929757949691505,1,1,0.5017857142857143,0.5017857142857142,0.6132246291009323
2020-04-05,Berlin,0,0,4090,10.214285714285715,5.285714285714286,0.0857142857142857,3677472,2024-05-13T04:36:25Z,2024-05-13T17:42:08Z,13.095238095238097,4.67,-35,248,6.74,1241,33.7,15,0.39944067653533677,14,2020,0.17071682391638035,0.14182411943083742,0.14157014157014156,0.3379501385041551,0.337748344370861,0.10638297872340426,0.10638297872340424,0.6255976424555446
2020-04-05,Brandenburg,0,0,85,10.571428571428571,4.985714285714286,0.18571428571428572,2537868,2024-05-13T04:36:25Z,2024-05-13T17:42:08Z,13.095238095238097,5.51,-19,160,6.3,612,24.1,16,0.6218095824742969,14,2020,0.13588891374527234,0.13270865112224886,0.13274336283185842,0.4761904761904763,0.47583081570996977,0.19277108433734944,0.19277108433734938,0.3323526325979112
2020-04-05,Bremen,0,7,1629,11.257142857142858,5.7,0.8999999999999999,676463,2024-05-13T04:36:25Z,2024-05-13T17:42:08Z,13.095238095238097,5.28,-29,20,2.96,101,14.9,4,0.5840575647135782,14,2020,0.12623661478449041,0.06302794022092266,0.06285714285714283,0.2898550724637681,0.2901960784313726,0.2,0.19999999999999998,2.1483106634803928e-4
2020-04-05,Hamburg,0,0,2438,10.771428571428572,5.414285714285715,0.7714285714285714,1853935,2024-05-13T04:36:25Z,2024-05-13T17:42:08Z,13.095238095238097,4.76,-32,118,6.36,916,49.4,17,0.8984621499036531,14,2020,0.08286378126084233,0.2932598833441348,0.2930930930930931,0.7134146341463414,0.7129943502824858,0.288135593220339,0.2881355932203389,0.08019994753402215
2020-04-05,Hessen,0,0,297,12.628571428571428,7.014285714285714,0,6295017,2024-05-13T04:36:25Z,2024-05-13T17:42:08Z,13.095238095238097,5.8100000000000005,-23,390,6.2,1646,26.1,47,0.735367746457718,14,2020,0.1726674209218087,0.1376793141499024,0.13735970069481562,0.32653061224489793,0.32655246252676656,0.1626297577854671,0.16262975778546715,0.5511121796316433
2020-04-05,Mecklenburg-Vorpommern,0,0,69,10.185714285714283,5.357142857142857,0.2142857142857143,1611160,2024-05-13T04:36:25Z,2024-05-13T17:42:08Z,13.095238095238097,6.25,-16,38,2.36,172,10.7,4,0.24564321060589125,14,2020,0.1597202749429067,0.12294496068620443,0.12327188940092165,0.24516129032258066,0.24532224532224528,0.18181818181818182,0.1818181818181818,NA
2020-04-05,Niedersachsen,0,7,167,10.028571428571428,5.214285714285714,0.4714285714285714,8027031,2024-05-13T04:36:25Z,2024-05-13T17:42:08Z,13.095238095238097,5.69,-23,285,3.55,2159,26.9,69,0.8476406475384883,14,2020,0.19116948454593505,0.24180700955848886,0.24200913242009128,0.6136865342163356,0.6134751773049645,0.4339622641509434,0.43396226415094336,0.8029107542630731
2020-04-05,Nordrhein-Westfalen,0,0,526,12.5,6.285714285714286,0.05714285714285714,17924591,2024-05-13T04:36:25Z,2024-05-13T17:42:08Z,13.095238095238097,5.34,-24,1016,5.67,6572,36.7,135,0.74424795563356,14,2020,0.13149291469862498,0.19750207627930746,0.19759450171821302,0.4139966273187184,0.4142101284958428,0.2561669829222011,0.2561669829222011,0.07535191650377313
2020-04-05,Rheinland-Pfalz,0,0,206,12.385714285714286,7.0285714285714285,0,4106485,2024-05-13T04:36:25Z,2024-05-13T17:42:08Z,13.095238095238097,6.2,-20,195,4.75,1276,31.1,20,0.48086748494283693,14,2020,0.14410058868175735,0.19152798789712558,0.19192546583850933,0.6689655172413793,0.669024045261669,0.11235955056179776,0.11235955056179775,0.3195312594605475
2020-04-05,Saarland,0,0,385,14.028571428571428,6.228571428571429,0,982348,2024-05-13T04:36:25Z,2024-05-13T17:42:08Z,13.095238095238097,5.55,-22,117,11.91,760,77.4,12,1.208865821938094,14,2020,0.2195565219598455,0.3935784567581564,0.3936927772126145,0.9750000000000001,0.9746317512274958,0.2608695652173913,0.2608695652173913,0.7857323543729032
2020-04-05,Sachsen,0,0,221,10.7,4.757142857142857,0,4043002,2024-05-13T04:36:25Z,2024-05-13T17:42:08Z,13.095238095238097,5.36,-24,222,5.49,1199,29.7,23,0.5628767603358857,14,2020,0.19552237869041122,0.06809238665526092,0.06824994235646759,0.18107667210440453,0.18106860158311344,0.05837563451776649,0.058375634517766506,0.7449523740464402
2020-04-05,Sachsen-Anhalt,0,0,109,10.514285714285714,5.3999999999999995,0.04285714285714286,2169253,2024-05-13T04:36:25Z,2024-05-13T17:42:08Z,13.095238095238097,5.95,-17,46,2.12,307,14.2,10,0.45732202284506435,14,2020,0.1809729302305644,0.0871416406471757,0.0874384236453202,0.13897280966767372,0.13892529488859767,0.16129032258064513,0.16129032258064513,0.5274478325395138
2020-04-05,Schleswig-Holstein,0,7,183,9.2,6.1,0.27142857142857146,2922005,2024-05-13T04:36:25Z,2024-05-13T17:42:08Z,13.095238095238097,5.51,-22,115,3.94,616,21.1,11,0.3724684840871305,14,2020,0.17594437067328658,0.26498696785403997,0.2652284263959391,0.6686046511627907,0.66893039049236,0.34375,0.34374999999999994,0.6617626662463596
2020-04-05,Thüringen,0,0,132,9.7,3.7285714285714286,0.01428571428571428,2108863,2024-05-13T04:36:25Z,2024-05-13T17:42:08Z,13.095238095238097,6.1000000000000005,-16,72,3.41,394,18.7,5,0.23508989367354288,14,2020,0.18699791997770884,0.07314797536853891,0.07319952774498228,0.17543859649122806,0.1754756871035941,0.05494505494505494,0.05494505494505494,0.6015430537978675
2020-04-12,Baden-Württemberg,1,7,310,21.88571428571429,13.257142857142856,0.37142857142857144,11124642,2024-05-13T04:20:17Z,2024-05-13T17:54:25Z,13.56904761904762,5.82,-22,889,7.99,5317,47.8,281,2.4910779958293503,15,2020,0.20224192755921436,0.2456608811748999,0.24562334217506626,0.6108374384236454,0.610806577916993,0.7186700767263429,0.7186700767263425,0.9999988155365068
2020-04-12,Bayern,1,7,185,21.8,14.4,0,13176989,2024-05-13T04:20:17Z,2024-05-13T17:54:25Z,13.56904761904762,5.61,-25,1312,9.96,7883,59.8,394,2.947029831496464,15,2020,0.1625747894577592,0.2797550432276657,0.2795443758898909,0.7127777777777777,0.7130307467057102,0.7035714285714286,0.7035714285714284,0.6133216061093258
2020-04-12,Berlin,1,7,4090,19.97142857142857,12.371428571428572,0.22857142857142856,3677472,2024-05-13T04:20:17Z,2024-05-13T17:54:25Z,13.56904761904762,4.9,-32,220,5.98,948,25.8,27,0.7189932177636063,15,2020,0.17096469947453247,0.10765103802192676,0.10767910767910766,0.2991689750692521,0.2990320937340806,0.19148936170212766,0.19148936170212763,0.6269964856746565
2020-04-12,Brandenburg,2,7,85,20.38571428571429,12.6,0.3857142857142858,2537868,2024-05-13T04:20:17Z,2024-05-13T17:54:25Z,13.56904761904762,5.49,-20,129,5.08,572,22.5,23,0.8938512748068018,15,2020,0.13602172659492665,0.12399215515362823,0.1238938053097345,0.38392857142857145,0.3836858006042296,0.2771084337349398,0.27710843373493976,0.33303890022804894
2020-04-12,Bremen,1,7,1629,19.37142857142857,11.971428571428572,0.02857142857142857,676463,2024-05-13T04:20:17Z,2024-05-13T17:54:25Z,13.56904761904762,5.54,-26,19,2.81,90,13.3,9,1.3141295206055508,15,2020,0.12618614278719734,0.05588044184535411,0.05582417582417582,0.2753623188405797,0.2754901960784314,0.44999999999999996,0.45,5.429083162339262e-7
2020-04-12,Hamburg,1,0,2438,18.62857142857143,11.2,0,1853935,2024-05-13T04:20:17Z,2024-05-13T17:54:25Z,13.56904761904762,4.91,-30,112,6.04,814,43.9,41,2.1668793027088107,15,2020,0.08286605415091672,0.2602073882047958,0.26006006006006005,0.676829268292683,0.6768361581920904,0.6949152542372881,0.6949152542372881,0.0802083881720839
2020-04-12,Hessen,1,7,297,22.428571428571427,15.657142857142857,0,6295017,2024-05-13T04:20:17Z,2024-05-13T17:54:25Z,13.56904761904762,5.82,-22,366,5.81,1387,22,74,1.1578130476142792,15,2020,0.17280293492841795,0.1156947627535863,0.11544628540887228,0.3061224489795918,0.3056745182012847,0.25605536332179923,0.2560553633217993,0.5517305795180936
2020-04-12,Mecklenburg-Vorpommern,1,7,69,17.885714285714286,11.428571428571429,0,1611160,2024-05-13T04:20:17Z,2024-05-13T17:54:25Z,13.56904761904762,6.28,-15,16,0.99,89,5.5,6,0.3684648159088369,15,2020,0.15985512898912854,0.0636168691922802,0.06336405529953917,0.1032258064516129,0.10291060291060292,0.2727272727272727,0.2727272727272727,NA
2020-04-12,Niedersachsen,1,7,167,19.65714285714286,12.385714285714286,0,8027031,2024-05-13T04:20:17Z,2024-05-13T17:54:25Z,13.56904761904762,5.76,-22,242,3.01,1782,22.2,96,1.1793261183144186,15,2020,0.19170630639468916,0.19890760127446516,0.19908675799086759,0.5187637969094923,0.5177304964539006,0.6037735849056604,0.6037735849056602,0.8061697578473894
2020-04-12,Nordrhein-Westfalen,1,7,526,22.52857142857143,15.028571428571428,0,17924591,2024-05-13T04:20:17Z,2024-05-13T17:54:25Z,13.56904761904762,5.42,-23,948,5.29,5536,30.9,248,1.3672110592379474,15,2020,0.13171512589143547,0.1644093783939181,0.1643757159221076,0.3853288364249578,0.38548752834467126,0.47058823529411753,0.4705882352941176,0.0761773681485721
2020-04-12,Rheinland-Pfalz,1,4,206,22.5,16.271428571428572,0,4106485,2024-05-13T04:20:17Z,2024-05-13T17:54:25Z,13.56904761904762,6.19,-20,147,3.58,956,23.3,30,0.7213012274142553,15,2020,0.14416804845668166,0.14311649016641453,0.14347826086956522,0.503448275862069,0.5035360678925035,0.16853932584269665,0.1685393258426966,0.3198915518842615
2020-04-12,Saarland,1,0,385,24.642857142857142,14.7,0.02857142857142857,982348,2024-05-13T04:20:17Z,2024-05-13T17:54:25Z,13.56904761904762,5.51,-23,94,9.57,634,64.5,27,2.7199480993607112,15,2020,0.22046966303372553,0.3283272915587779,0.3280773143438453,0.7833333333333333,0.7831423895253683,0.5869565217391305,0.5869565217391305,0.7909332444979641
2020-04-12,Sachsen,1,3,221,20.9,13.028571428571428,0,4043002,2024-05-13T04:20:17Z,2024-05-13T17:54:25Z,13.56904761904762,5.51,-22,120,2.97,767,19,33,0.8076057865688795,15,2020,0.19595937323742268,0.04345594525235245,0.04357851049112288,0.09787928221859706,0.0979551451187335,0.08375634517766498,0.08375634517766499,0.7473857317045723
2020-04-12,Sachsen-Anhalt,1,6,109,20.228571428571428,12.557142857142855,0.02857142857142857,2169253,2024-05-13T04:20:17Z,2024-05-13T17:54:25Z,13.56904761904762,6.01,-16,30,1.38,250,11.5,9,0.4115898205605579,15,2020,0.18128152788494611,0.0709622480840193,0.0708128078817734,0.0906344410876133,0.09043250327654,0.14516129032258063,0.1451612903225806,0.52893054159556
2020-04-12,Schleswig-Holstein,1,7,183,15.214285714285714,10.442857142857145,0,2922005,2024-05-13T04:20:17Z,2024-05-13T17:54:25Z,13.56904761904762,5.6000000000000005,-21,83,2.84,464,15.9,22,0.744936968174261,15,2020,0.17618621460895006,0.1989574283231972,0.19923857868020306,0.4825581395348837,0.4821731748726656,0.6875,0.6874999999999999,0.6632929626825703
2020-04-12,Thüringen,1,7,132,19.371428571428577,11.942857142857145,0,2108863,2024-05-13T04:20:17Z,2024-05-13T17:54:25Z,13.56904761904762,6.13,-16,72,3.41,324,15.4,15,0.7052696810206287,15,2020,0.18736245241313698,0.06008583690987126,0.060212514757969314,0.17543859649122806,0.1754756871035941,0.16483516483516483,0.16483516483516483,0.603126774689931
2020-04-19,Baden-Württemberg,1,6,310,19.214285714285715,11.585714285714284,0,11124642,2024-05-13T04:04:25Z,2024-05-13T18:06:34Z,14.035714285714286,5.7,-24,643,5.78,3319,29.8,318,2.8190847070239626,16,2020,0.2022420796915473,0.15039099752050356,0.15013262599469496,0.43771991555242795,0.437744714173845,0.8132992327365729,0.8132992327365729,0.9999999978956505
2020-04-19,Bayern,1,6,185,20.228571428571428,13.057142857142855,0.3428571428571428,13176989,2024-05-13T04:04:25Z,2024-05-13T18:06:34Z,14.035714285714286,5.46,-27,951,7.22,4766,36.2,463,3.4631340405656417,16,2020,0.16257479683059253,0.16747118155619595,0.1675367821547224,0.5122222222222222,0.5124450951683749,0.8267857142857143,0.8267857142857143,0.6133216474553078
2020-04-19,Berlin,1,5,4090,15.085714285714284,9.485714285714286,0,3677472,2024-05-13T04:04:25Z,2024-05-13T18:06:34Z,14.035714285714286,4.76,-34,149,4.05,592,16.1,40,1.0651751374275649,16,2020,0.17096484701280737,0.06613016095171448,0.06606606606606605,0.20083102493074792,0.20071319409067756,0.28368794326241137,0.2836879432624113,0.6269973182816184
2020-04-19,Brandenburg,1,5,85,15.742857142857144,9.22857142857143,0.04285714285714285,2537868,2024-05-13T04:04:25Z,2024-05-13T18:06:34Z,14.035714285714286,5.45,-20,103,4.06,422,16.6,28,1.0881667693300197,16,2020,0.1360221800379388,0.09130529527130093,0.09126106194690266,0.30654761904761907,0.30664652567975825,0.33734939759036153,0.33734939759036153,0.33304124324878953
2020-04-19,Bremen,1,2,1629,14.785714285714285,8.700000000000001,0.02857142857142857,676463,2024-05-13T04:04:25Z,2024-05-13T18:06:34Z,14.035714285714286,5.38,-28,16,2.37,106,15.7,9,1.3141295206055508,16,2020,0.12618601592051162,0.06627680311890836,0.06637362637362636,0.2318840579710145,0.23235294117647062,0.44999999999999996,0.45,4.272441792446984e-9
2020-04-19,Hamburg,1,0,2438,13.785714285714286,8.014285714285714,0,1853935,2024-05-13T04:04:25Z,2024-05-13T18:06:34Z,14.035714285714286,4.8,-32,69,3.72,466,25.1,37,1.955476443907951,16,2020,0.08286605900009213,0.14744005184705117,0.14714714714714716,0.4146341463414634,0.41468926553672314,0.6271186440677966,0.6271186440677965,0.08020840618005312
2020-04-19,Hessen,1,6,297,18.414285714285715,12,0.2,6295017,2024-05-13T04:04:25Z,2024-05-13T18:06:34Z,14.035714285714286,5.62,-25,262,4.16,1093,17.4,100,1.564612226505783,16,2020,0.17280906897407905,0.0907393260334437,0.09086050240513095,0.21768707482993196,0.21734475374732334,0.3460207612456747,0.34602076124567477,0.5517585714079005
2020-04-19,Mecklenburg-Vorpommern,1,3,69,13.657142857142857,8.128571428571428,0.01428571428571428,1611160,2024-05-13T04:04:25Z,2024-05-13T18:06:34Z,14.035714285714286,6.25,-16,5,0.31,39,2.4,4,0.24564321060589125,16,2020,0.15985520310456894,0.027877055039313793,0.02764976958525346,0.03225806451612904,0.032224532224532226,0.18181818181818182,0.1818181818181818,NA
2020-04-19,Niedersachsen,1,2,167,15.7,8.642857142857142,0,8027031,2024-05-13T04:04:25Z,2024-05-13T18:06:34Z,14.035714285714286,5.68,-23,231,2.88,1204,15,100,1.2284647065775194,16,2020,0.19170738590042896,0.1331360946745562,0.13333333333333333,0.49448123620309054,0.4946808510638297,0.6289308176100629,0.6289308176100629,0.8061763114425597
2020-04-19,Nordrhein-Westfalen,1,6,526,17.642857142857142,11.357142857142858,0.08571428571428572,17924591,2024-05-13T04:04:25Z,2024-05-13T18:06:34Z,14.035714285714286,5.17,-26,700,3.91,3689,20.6,322,1.7751691978815285,16,2020,0.13171527591992524,0.10541110330288123,0.10538373424971359,0.2807757166947723,0.2811791383219955,0.6110056925996203,0.6110056925996205,0.07617792546191927
2020-04-19,Rheinland-Pfalz,1,5,206,19.185714285714287,12.842857142857143,0.11428571428571428,4106485,2024-05-13T04:04:25Z,2024-05-13T18:06:34Z,14.035714285714286,6.04,-22,108,2.63,687,16.7,41,0.9857783441328156,16,2020,0.1441680497239318,0.10242057488653555,0.10248447204968943,0.3689655172413793,0.36916548797736914,0.2303370786516854,0.23033707865168537,0.3198915586524522
2020-04-19,Saarland,1,6,385,21.228571428571428,12.542857142857144,0.04285714285714285,982348,2024-05-13T04:04:25Z,2024-05-13T18:06:34Z,14.035714285714286,5.39,-25,49,4.99,230,23.4,46,4.6339856507626935,16,2020,0.22047778180209798,0.11910926980838946,0.1190233977619532,0.4083333333333333,0.4083469721767594,1,1,0.7909794857891115
2020-04-19,Sachsen,1,6,221,16.957142857142856,10.285714285714286,0.2,4043002,2024-05-13T04:04:25Z,2024-05-13T18:06:34Z,14.035714285714286,5.37,-24,84,2.08,454,11.2,41,1.0033890075552745,16,2020,0.19596007192904488,0.025605930995152557,0.025593728383675324,0.06851549755301793,0.06860158311345646,0.10406091370558376,0.10406091370558376,0.7473896222945606
2020-04-19,Sachsen-Anhalt,1,0,109,16.271428571428572,9.857142857142858,0,2169253,2024-05-13T04:04:25Z,2024-05-13T18:06:34Z,14.035714285714286,5.93,-17,28,1.29,178,8.2,8,0.36585761827605146,16,2020,0.18128153044437334,0.05052512063582173,0.050492610837438424,0.08459214501510574,0.08453473132372218,0.12903225806451613,0.12903225806451613,0.5289305538927561
2020-04-19,Schleswig-Holstein,1,5,183,10.428571428571429,7.5285714285714285,0,2922005,2024-05-13T04:04:25Z,2024-05-13T18:06:34Z,14.035714285714286,5.47,-23,36,1.23,291,10,21,0.7110761968936129,16,2020,0.1761862113765904,0.12380538662033014,0.12436548223350255,0.20930232558139533,0.20882852292020376,0.65625,0.6562499999999999,0.6632929422294278
2020-04-19,Thüringen,1,6,132,15.914285714285716,9.3,0.8285714285714286,2108863,2024-05-13T04:04:25Z,2024-05-13T18:06:34Z,14.035714285714286,6,-18,68,3.22,302,14.3,29,1.3635213833065487,16,2020,0.1873624580210728,0.05598059339428999,0.05588351042896498,0.16541353383458646,0.16543340380549684,0.31868131868131866,0.31868131868131866,0.6031267990537579
2020-04-26,Baden-Württemberg,0,0,310,20.47142857142857,13.642857142857142,0.01428571428571428,11124642,2024-05-13T03:49:17Z,2024-05-13T18:18:51Z,14.492857142857144,6.24,-16,388,3.49,2582,23.2,270,2.3935624870958168,17,2020,0.20224207996182264,0.11524890329963762,0.11511936339522545,0.2582688247712879,0.25841816758026626,0.690537084398977,0.6905370843989769,0.9999999999962067
2020-04-26,Bayern,0,0,185,20.34285714285714,13.642857142857142,0.04285714285714285,13176989,2024-05-13T03:49:17Z,2024-05-13T18:18:51Z,14.492857142857144,6.07,-19,552,4.19,3265,24.8,347,2.5954805876377485,17,2020,0.1625747968337817,0.11340057636887607,0.11343141907925963,0.29055555555555557,0.29062957540263545,0.6196428571428572,0.619642857142857,0.6133216474731923
2020-04-26,Berlin,0,0,4090,18.47142857142857,12.3,0,3677472,2024-05-13T03:49:17Z,2024-05-13T18:18:51Z,14.492857142857144,5.3,-26,133,3.62,447,12.2,28,0.7456225961992954,17,2020,0.17096484720296173,0.049218567763004435,0.0493350493350493,0.1786703601108033,0.1788079470198676,0.19858156028368795,0.19858156028368792,0.626997319354722
2020-04-26,Brandenburg,0,0,85,19.3,12.385714285714286,0,2537868,2024-05-13T03:49:17Z,2024-05-13T18:18:51Z,14.492857142857144,6.03,-12,106,4.18,351,13.8,34,1.3213453627578808,17,2020,0.13602218208524594,0.07583351492699933,0.07577433628318585,0.3154761904761905,0.31570996978851956,0.4096385542168675,0.40963855421686746,0.33304125382758987
2020-04-26,Bremen,0,0,1629,18.085714285714285,11.614285714285714,0,676463,2024-05-13T03:49:17Z,2024-05-13T18:18:51Z,14.492857142857144,5.84,-22,33,4.88,192,28.4,3,0.4380431735351836,17,2020,0.12618601492201523,0.1221572449642625,0.12219780219780217,0.47826086956521746,0.4784313725490196,0.15,0.15,3.314148441321032e-11
2020-04-26,Hamburg,0,0,2438,16.9,10.5,0,1853935,2024-05-13T03:49:17Z,2024-05-13T18:18:51Z,14.492857142857144,5.26,-25,46,2.48,296,16,50,2.642535735010745,17,2020,0.08286605908433207,0.09235255994815293,0.09249249249249249,0.27439024390243905,0.2745762711864406,0.847457627118644,0.8474576271186438,0.08020840649288784
2020-04-26,Hessen,0,0,297,21.15714285714286,14.585714285714284,0,6295017,2024-05-13T03:49:17Z,2024-05-13T18:18:51Z,14.492857142857144,6.22,-17,175,2.78,817,13,83,1.2986281479997996,17,2020,0.1728092003761333,0.06731177319412614,0.06734366648850883,0.14370748299319727,0.14346895074946464,0.28719723183391,0.28719723183391005,0.5517591710434472
2020-04-26,Mecklenburg-Vorpommern,0,0,69,16.97142857142857,10.7,0,1611160,2024-05-13T03:49:17Z,2024-05-13T18:18:51Z,14.492857142857144,6.78,-9,4,0.25,21,1.3,1,0.061410802651472814,17,2020,0.15985520348360746,0.015010721944245882,0.014976958525345618,0.02580645161290323,0.025987525987525985,0.045454545454545456,0.04545454545454545,NA
2020-04-26,Niedersachsen,0,0,167,17.7,11.285714285714286,0,8027031,2024-05-13T03:49:17Z,2024-05-13T18:18:51Z,14.492857142857144,6.17,-17,146,1.82,873,10.9,100,1.2284647065775194,17,2020,0.1917073878755213,0.09547109695038687,0.09589041095890412,0.3068432671081678,0.30673758865248224,0.6289308176100629,0.6289308176100629,0.8061763234331913
2020-04-26,Nordrhein-Westfalen,0,0,526,20.5,13.157142857142857,0,17924591,2024-05-13T03:49:17Z,2024-05-13T18:18:51Z,14.492857142857144,5.75,-18,507,2.83,2754,15.4,290,1.5987548676572771,17,2020,0.13171527638788305,0.07554462403373155,0.07560137457044667,0.19940978077571667,0.199546485260771,0.5502846299810246,0.5502846299810247,0.07617792720025
2020-04-26,Rheinland-Pfalz,0,0,206,20.742857142857144,14.357142857142858,0,4106485,2024-05-13T03:49:17Z,2024-05-13T18:18:51Z,14.492857142857144,6.66,-14,50,1.22,355,8.6,40,0.9617349698856739,17,2020,0.14416804972957611,0.05219364599092284,0.05217391304347825,0.16896551724137934,0.1697312588401697,0.22471910112359553,0.2247191011235955,0.31989155868259767
2020-04-26,Saarland,0,5,385,22.585714285714285,14.542857142857144,0,982348,2024-05-13T03:49:17Z,2024-05-13T18:18:51Z,14.492857142857144,5.98,-16,46,4.68,155,15.8,15,1.5110822774226174,17,2020,0.22047785298960523,0.08026929052304507,0.08036622583926756,0.3833333333333333,0.38297872340425526,0.32608695652173914,0.32608695652173914,0.7909798912449759
2020-04-26,Sachsen,0,0,221,18.38571428571429,11.514285714285714,0,4043002,2024-05-13T03:49:17Z,2024-05-13T18:18:51Z,14.492857142857144,6.08,-14,47,1.16,257,6.4,41,1.0033890075552745,17,2020,0.19596007409276373,0.014371257485029949,0.014526170163707617,0.03833605220228384,0.03825857519788918,0.10406091370558376,0.10406091370558376,0.7473896343429989
2020-04-26,Sachsen-Anhalt,0,0,109,18.9,12.285714285714285,0,2169253,2024-05-13T03:49:17Z,2024-05-13T18:18:51Z,14.492857142857144,6.47,-9,17,0.78,144,6.6,6,0.2743932137070386,17,2020,0.18128153044453646,0.0408742548963951,0.04064039408866996,0.0513595166163142,0.05111402359108782,0.09677419354838708,0.0967741935483871,0.5289305538935399
2020-04-26,Schleswig-Holstein,0,0,183,12.514285714285714,9.914285714285716,0,2922005,2024-05-13T03:49:17Z,2024-05-13T18:18:51Z,14.492857142857144,5.95,-16,46,1.57,206,7,32,1.0835446809807434,17,2020,0.17618621135468043,0.08688097306689835,0.08629441624365483,0.26744186046511625,0.2665534804753821,1,1,0.6632929420907899
2020-04-26,Thüringen,0,0,132,17,10.442857142857145,0,2108863,2024-05-13T03:49:17Z,2024-05-13T18:18:51Z,14.492857142857144,6.6000000000000005,-9,84,3.98,318,15.1,20,0.9403595746941715,17,2020,0.18736245802122858,0.05896622504198545,0.0590318772136954,0.20551378446115287,0.20560253699788583,0.21978021978021975,0.21978021978021975,0.6031267990544348
2020-05-03,Baden-Württemberg,1,0,310,17.085714285714285,11.928571428571429,1.9285714285714288,11124642,2024-05-13T03:35:00Z,2024-05-13T18:30:51Z,14.930952380952382,6.0200000000000005,-19,227,2.04,1301,11.7,173,1.5336530009910234,18,2020,0.20224207996230983,0.05416746137707422,0.054111405835543774,0.1449683321604504,0.14487079091620989,0.442455242966752,0.44245524296675187,0.9999999999999931
2020-05-03,Bayern,1,0,185,16.685714285714287,11.685714285714283,6.357142857142857,13176989,2024-05-13T03:35:00Z,2024-05-13T18:30:51Z,14.930952380952382,5.89,-21,311,2.36,1839,14,304,2.2738504283627536,18,2020,0.16257479683378312,0.06203170028818443,0.06217370669197914,0.15666666666666668,0.15666178623718888,0.5428571428571429,0.5428571428571428,0.6133216474732003
2020-05-03,Berlin,1,0,4090,18.8,12.942857142857145,2.0285714285714285,3677472,2024-05-13T03:35:00Z,2024-05-13T18:30:51Z,14.930952380952382,5.58,-23,100,2.72,333,9.1,29,0.7722519746349844,18,2020,0.17096484720320373,0.035922556566363444,0.03603603603603601,0.1329639889196676,0.1329597554763118,0.20567375886524822,0.20567375886524816,0.6269973193560877
2020-05-03,Brandenburg,1,0,85,18.82857142857143,12.457142857142856,3.4571428571428573,2537868,2024-05-13T03:35:00Z,2024-05-13T18:30:51Z,14.930952380952382,6.07,-11,41,1.62,233,9.2,22,0.8549881759021583,18,2020,0.13602218209651498,0.050119851819568524,0.05033185840707964,0.12202380952380953,0.12235649546827794,0.2650602409638555,0.26506024096385544,0.33304125388581896
2020-05-03,Bremen,1,0,1629,15.871428571428572,11.014285714285714,2.3285714285714283,676463,2024-05-13T03:35:00Z,2024-05-13T18:30:51Z,14.930952380952382,5.96,-20,24,3.55,143,21.1,3,0.4380431735351836,18,2020,0.12618601491426953,0.09031838856400258,0.09010989010989011,0.34782608695652173,0.3480392156862745,0.15,0.15,2.557196480176583e-13
2020-05-03,Hamburg,1,0,2438,15.542857142857144,10.742857142857142,1.9428571428571424,1853935,2024-05-13T03:35:00Z,2024-05-13T18:30:51Z,14.930952380952382,5.44,-23,27,1.46,153,8.3,30,1.5855214410064467,18,2020,0.0828660590847434,0.046014257939079706,0.046246246246246236,0.1585365853658537,0.15932203389830507,0.5084745762711864,0.5084745762711863,0.08020840649441532
2020-05-03,Hessen,1,0,297,16.614285714285714,11.885714285714286,3.4857142857142858,6295017,2024-05-13T03:35:00Z,2024-05-13T18:30:51Z,14.930952380952382,5.98,-20,118,1.87,574,9.1,54,0.8448906023131227,18,2020,0.17280920122453194,0.046685340802987856,0.04649919828968467,0.09523809523809522,0.09475374732334046,0.18685121107266434,0.18685121107266436,0.5517591749149999
2020-05-03,Mecklenburg-Vorpommern,1,0,69,15.128571428571428,10.685714285714283,3.371428571428571,1611160,2024-05-13T03:35:00Z,2024-05-13T18:30:51Z,14.930952380952382,6.76,-9,3,0.19,28,1.7,2,0.12282160530294563,18,2020,0.15985520348552076,0.020014295925661195,0.019585253456221193,0.01935483870967743,0.019750519750519745,0.09090909090909091,0.0909090909090909,NA
2020-05-03,Niedersachsen,1,0,167,16.67142857142857,11.471428571428572,2.2142857142857144,8027031,2024-05-13T03:35:00Z,2024-05-13T18:30:51Z,14.930952380952382,6.2,-16,83,1.03,469,5.8,69,0.8476406475384883,18,2020,0.1917073878791362,0.04949931725079652,0.04931506849315071,0.1677704194260486,0.16666666666666666,0.4339622641509434,0.43396226415094336,0.806176323455137
2020-05-03,Nordrhein-Westfalen,1,0,526,17.67142857142857,12,2.5142857142857142,17924591,2024-05-13T03:35:00Z,2024-05-13T18:30:51Z,14.930952380952382,5.59,-20,263,1.47,1650,9.2,187,1.0309212422479683,18,2020,0.13171527638931307,0.04027981856513126,0.04009163802978234,0.09654300168634064,0.09674981103552534,0.35483870967741926,0.35483870967741926,0.07617792720556213
2020-05-03,Rheinland-Pfalz,1,0,206,17.071428571428573,12.285714285714286,2.3000000000000003,4106485,2024-05-13T03:35:00Z,2024-05-13T18:30:51Z,14.930952380952382,6.390000000000001,-17,51,1.24,271,6.6,28,0.6732144789199715,18,2020,0.14416804972958522,0.03948562783661119,0.03975155279503105,0.1724137931034483,0.17256011315417252,0.15730337078651688,0.15730337078651682,0.3198915586826463
2020-05-03,Saarland,1,0,385,17.5,11.8,4.457142857142857,982348,2024-05-13T03:35:00Z,2024-05-13T18:30:51Z,14.930952380952382,5.74,-20,16,1.63,96,9.8,32,3.223642191834917,18,2020,0.22047785361371908,0.04971517348524082,0.04984740590030519,0.13333333333333333,0.13338788870703763,0.6956521739130436,0.6956521739130435,0.7909798947996813
2020-05-03,Sachsen,1,0,221,19.514285714285716,13.857142857142858,1.342857142857143,4043002,2024-05-13T03:35:00Z,2024-05-13T18:30:51Z,14.930952380952382,6.1000000000000005,-13,32,0.79,194,4.8,19,0.4649851498426882,18,2020,0.19596007410133892,0.010778443113772462,0.010836984090385034,0.026101141924959215,0.026055408970976243,0.048223350253807105,0.048223350253807105,0.7473896343907489
2020-05-03,Sachsen-Anhalt,1,0,109,18.37142857142857,12.6,1.6714285714285717,2169253,2024-05-13T03:35:00Z,2024-05-13T18:30:51Z,14.930952380952382,6.44,-10,18,0.83,68,3.1,8,0.36585761827605146,18,2020,0.1812815304445343,0.019301731478853237,0.01908866995073894,0.054380664652567974,0.054390563564875496,0.12903225806451613,0.12903225806451613,0.5289305538935296
2020-05-03,Schleswig-Holstein,1,0,183,12.371428571428572,9.785714285714285,4,2922005,2024-05-13T03:35:00Z,2024-05-13T18:30:51Z,14.930952380952382,6.04,-15,22,0.75,101,3.5,15,0.5079115692097235,18,2020,0.17618621135455423,0.04126846220677671,0.0418781725888325,0.12790697674418602,0.12733446519524622,0.46875,0.46874999999999994,0.6632929420899913
2020-05-03,Thüringen,1,0,132,16.814285714285713,11.285714285714285,1.7142857142857142,2108863,2024-05-13T03:35:00Z,2024-05-13T18:30:51Z,14.930952380952382,6.5,-11,76,3.6,264,12.5,19,0.8933415959594629,18,2020,0.18736245802122745,0.04888971823101325,0.04879968516332153,0.18546365914786966,0.18551797040169132,0.20879120879120877,0.20879120879120874,0.6031267990544298
2020-05-10,Baden-Württemberg,0,0,310,20.542857142857144,13.957142857142856,0.8857142857142857,11124642,2024-05-13T03:22:00Z,2024-05-13T18:43:00Z,15.35,6.59,-12,150,1.35,900,8.1,131,1.1613210585538964,19,2020,0.20224207996231072,0.03504672897196262,0.03501326259946951,0.0907811400422238,0.09083790133124513,0.3350383631713555,0.3350383631713555,1
2020-05-10,Bayern,0,0,185,19.857142857142858,13.942857142857145,0.9857142857142857,13176989,2024-05-13T03:22:00Z,2024-05-13T18:43:00Z,15.35,6.54,-12,219,1.66,1292,9.8,226,1.690428278980205,19,2020,0.16257479683378312,0.0423270893371758,0.04224015187470339,0.10555555555555557,0.1054172767203514,0.4035714285714286,0.4035714285714285,0.6133216474732003
2020-05-10,Berlin,1,1,4090,18.014285714285712,12.314285714285717,0.9428571428571428,3677472,2024-05-13T03:22:00Z,2024-05-13T18:43:00Z,15.35,5.9,-18,73,1.99,272,7.4,11,0.2929231627925803,19,2020,0.17096484720320404,0.02880802425938885,0.028743028743028712,0.09556786703601108,0.09577177789098323,0.07801418439716312,0.0780141843971631,0.6269973193560895
2020-05-10,Brandenburg,0,0,85,18.45714285714286,12.142857142857142,0.6142857142857143,2537868,2024-05-13T03:22:00Z,2024-05-13T18:43:00Z,15.35,6.53,-5,20,0.79,127,5,13,0.5052202857603663,19,2020,0.13602218209658168,0.027021137502723887,0.02710176991150443,0.059523809523809534,0.059667673716012073,0.15662650602409642,0.1566265060240964,0.33304125388616357
2020-05-10,Bremen,0,0,1629,18.7,11.4,0.1,676463,2024-05-13T03:22:00Z,2024-05-13T18:43:00Z,15.35,6.63,-11,25,3.7,170,25.1,2,0.2920287823567891,19,2020,0.12618601491420978,0.10786224821312539,0.10769230769230768,0.36231884057971014,0.36274509803921573,0.1,0.09999999999999999,2.0062865667865277e-15
2020-05-10,Hamburg,0,0,2438,17.728571428571428,11.085714285714284,0.14285714285714288,1853935,2024-05-13T03:22:00Z,2024-05-13T18:43:00Z,15.35,6.11,-13,13,0.7,93,5,35,1.8497750145075214,19,2020,0.08286605908474522,0.026571613739468553,0.02642642642642642,0.0731707317073171,0.07344632768361582,0.5932203389830507,0.5932203389830508,0.08020840649442208
2020-05-10,Hessen,0,0,297,19.185714285714287,13.77142857142857,1.0571428571428572,6295017,2024-05-13T03:22:00Z,2024-05-13T18:43:00Z,15.35,6.48,-14,75,1.19,465,7.4,42,0.6571371351324288,19,2020,0.1728092012300025,0.037433155080213894,0.03741314804917157,0.058673469387755084,0.0583511777301927,0.14532871972318337,0.1453287197231834,0.5517591749399642
2020-05-10,Mecklenburg-Vorpommern,0,0,69,17.442857142857143,11.685714285714283,0.5571428571428572,1611160,2024-05-13T03:22:00Z,2024-05-13T18:43:00Z,15.35,7.37,-1,3,0.19,24,1.5,1,0.061410802651472814,19,2020,0.15985520348553042,0.017155110793423866,0.017281105990783405,0.01935483870967743,0.019750519750519745,0.045454545454545456,0.04545454545454545,NA
2020-05-10,Niedersachsen,0,0,167,18.985714285714288,11.628571428571428,0.27142857142857146,8027031,2024-05-13T03:22:00Z,2024-05-13T18:43:00Z,15.35,6.76,-9,74,0.92,473,5.9,44,0.5405244708941085,19,2020,0.1917073878791428,0.04995448338643602,0.050228310502283095,0.1479028697571744,0.14716312056737588,0.27672955974842767,0.2767295597484276,0.8061763234551772
2020-05-10,Nordrhein-Westfalen,0,0,526,19.957142857142856,13.314285714285717,0.3857142857142858,17924591,2024-05-13T03:22:00Z,2024-05-13T18:43:00Z,15.35,6.04,-14,270,1.51,1575,8.8,134,0.7387350078140522,19,2020,0.1317152763893174,0.037884111671883984,0.03780068728522331,0.09949409780775716,0.0997732426303855,0.25426944971536997,0.25426944971537,0.07617792720557821
2020-05-10,Rheinland-Pfalz,0,0,206,19.585714285714285,13.842857142857143,0.7571428571428572,4106485,2024-05-13T03:22:00Z,2024-05-13T18:43:00Z,15.35,6.95,-10,16,0.39,177,4.3,19,0.456824110695695,19,2020,0.14416804972958525,0.02526475037821482,0.025465838509316763,0.05172413793103448,0.05233380480905232,0.10674157303370788,0.10674157303370783,0.3198915586826464
2020-05-10,Saarland,0,0,385,21.7,14.571428571428571,3,982348,2024-05-13T03:22:00Z,2024-05-13T18:43:00Z,15.35,6.390000000000001,-11,10,1.02,44,4.5,8,0.8059105479587293,19,2020,0.22047785361919078,0.022786121180735384,0.022889114954221773,0.08333333333333333,0.08346972176759411,0.17391304347826086,0.1739130434782609,0.790979894830846
2020-05-10,Sachsen,0,0,221,19.3,12.314285714285711,1.2,4043002,2024-05-13T03:22:00Z,2024-05-13T18:43:00Z,15.35,6.66,-5,47,1.16,218,5.4,22,0.5384038577125864,19,2020,0.19596007410137695,0.012147134302822929,0.01222042886788101,0.03833605220228384,0.03825857519788918,0.05583756345177665,0.055837563451776664,0.7473896343909607
2020-05-10,Sachsen-Anhalt,0,0,109,19,12.285714285714286,0.5571428571428572,2169253,2024-05-13T03:22:00Z,2024-05-13T18:43:00Z,15.35,7.05,-1,14,0.65,62,2.9,4,0.18292880913802573,19,2020,0.18128153044453427,0.01759863752483678,0.017857142857142853,0.04229607250755287,0.042595019659239855,0.06451612903225806,0.06451612903225805,0.5289305538935294
2020-05-10,Schleswig-Holstein,0,0,183,14.728571428571428,10.914285714285716,0,2922005,2024-05-13T03:22:00Z,2024-05-13T18:43:00Z,15.35,6.62,-7,21,0.72,208,7.1,10,0.33860771280648233,19,2020,0.1761862113545535,0.08774978279756733,0.08756345177664976,0.12209302325581393,0.12224108658743636,0.3125,0.3125,0.6632929420899868
2020-05-10,Thüringen,0,0,132,17.585714285714285,11.471428571428572,0.01428571428571428,2108863,2024-05-13T03:22:00Z,2024-05-13T18:43:00Z,15.35,7.08,-3,60,2.85,223,10.6,24,1.1284314896330059,19,2020,0.18736245802122745,0.04123903713379362,0.04132231404958678,0.14536340852130325,0.14587737843551798,0.26373626373626374,0.2637362637362637,0.6031267990544298
2020-05-17,Baden-Württemberg,0,0,310,15.357142857142858,9.914285714285716,5.228571428571429,11124642,2024-05-13T03:10:17Z,2024-05-13T18:54:08Z,15.73095238095238,6.61,-11,104,0.93,641,5.8,100,0.8865046248503026,20,2020,0.20224207996231072,0.022696929238985315,0.022811671087533143,0.058409570724841674,0.05794831636648399,0.2557544757033248,0.25575447570332477,1
2020-05-17,Bayern,0,0,185,14.742857142857142,9.657142857142858,4.271428571428571,13176989,2024-05-13T03:10:17Z,2024-05-13T18:54:08Z,15.73095238095238,6.6000000000000005,-12,162,1.23,1110,8.4,136,1.017248875846495,20,2020,0.16257479683378312,0.03577089337175792,0.03559563360227815,0.07388888888888889,0.07393850658857981,0.24285714285714288,0.24285714285714283,0.6133216474732003
2020-05-17,Berlin,0,0,4090,15.32857142857143,9.7,1.1857142857142855,3677472,2024-05-13T03:10:17Z,2024-05-13T18:54:08Z,15.73095238095238,5.7700000000000005,-20,30,0.82,198,5.4,16,0.4260700549710259,20,2020,0.17096484720320404,0.020177280149288553,0.02016302016302014,0.03601108033240996,0.0361691288843607,0.11347517730496454,0.11347517730496451,0.6269973193560895
2020-05-17,Brandenburg,0,0,85,15.257142857142858,9.385714285714286,1.3714285714285714,2537868,2024-05-13T03:10:17Z,2024-05-13T18:54:08Z,15.73095238095238,6.47,-5,9,0.35,65,2.6,13,0.5052202857603663,20,2020,0.13602218209658207,0.013510568751361944,0.013827433628318592,0.02678571428571428,0.026435045317220542,0.15662650602409642,0.1566265060240964,0.3330412538861656
2020-05-17,Bremen,0,0,1629,13.957142857142856,8.585714285714285,0.22857142857142856,676463,2024-05-13T03:10:17Z,2024-05-13T18:54:08Z,15.73095238095238,6.2700000000000005,-16,19,2.81,127,18.8,4,0.5840575647135782,20,2020,0.1261860149142093,0.07992202729044832,0.08,0.2753623188405797,0.2754901960784314,0.2,0.19999999999999998,0
2020-05-17,Hamburg,0,0,2438,13.1,8.32857142857143,1.042857142857143,1853935,2024-05-13T03:10:17Z,2024-05-13T18:54:08Z,15.73095238095238,5.74,-18,2,0.11,47,2.5,16,0.8456114352034383,20,2020,0.08286605908474523,0.01166558651976666,0.01141141141141139,0.006097560975609752,0.006779661016949143,0.2711864406779661,0.27118644067796605,0.08020840649442214
2020-05-17,Hessen,0,0,297,16.97142857142857,11.2,1.8428571428571427,6295017,2024-05-13T03:10:17Z,2024-05-13T18:54:08Z,15.73095238095238,6.58,-12,78,1.24,349,5.5,25,0.3911530566264457,20,2020,0.1728092012300378,0.027586792292674654,0.027258150721539292,0.06122448979591837,0.061027837259100624,0.08650519031141868,0.08650519031141869,0.5517591749401252
2020-05-17,Mecklenburg-Vorpommern,0,0,69,12.7,8.585714285714285,0.4,1611160,2024-05-13T03:10:17Z,2024-05-13T18:54:08Z,15.73095238095238,7.08,-5,7,0.43,22,1.4,1,0.061410802651472814,20,2020,0.15985520348553045,0.015725518227305228,0.016129032258064512,0.04516129032258065,0.0446985446985447,0.045454545454545456,0.04545454545454545,NA
2020-05-17,Niedersachsen,0,0,167,14.242857142857142,8.728571428571428,0.1,8027031,2024-05-13T03:10:17Z,2024-05-13T18:54:08Z,15.73095238095238,6.58,-11,46,0.57,290,3.6,42,0.5159551767625582,20,2020,0.1917073878791428,0.029130632680928515,0.02922374429223748,0.0860927152317881,0.08510638297872337,0.2641509433962264,0.2641509433962264,0.8061763234551772
2020-05-17,Nordrhein-Westfalen,0,0,526,15.785714285714286,9.6,0,17924591,2024-05-13T03:10:17Z,2024-05-13T18:54:08Z,15.73095238095238,6.11,-13,176,0.98,1335,7.4,79,0.4355228777411204,20,2020,0.1317152763893174,0.030217849613492626,0.02978235967926686,0.059865092748735235,0.05971277399848828,0.1499051233396584,0.14990512333965847,0.07617792720557821
2020-05-17,Rheinland-Pfalz,0,0,206,16.62857142857143,10.585714285714284,1.5142857142857142,4106485,2024-05-13T03:10:17Z,2024-05-13T18:54:08Z,15.73095238095238,7.04,-9,19,0.46,168,4.1,21,0.5049108591899787,20,2020,0.14416804972958525,0.02390317700453859,0.024223602484472025,0.0620689655172414,0.062234794908062226,0.11797752808988764,0.11797752808988761,0.3198915586826464
2020-05-17,Saarland,0,0,385,17.457142857142856,10.771428571428572,2.0285714285714285,982348,2024-05-13T03:10:17Z,2024-05-13T18:54:08Z,15.73095238095238,6.45,-10,7,0.71,32,3.3,7,0.7051717294638882,20,2020,0.22047785361923877,0.016571724495080296,0.016785350966429295,0.058333333333333355,0.05810147299509,0.15217391304347827,0.15217391304347827,0.7909798948311193
2020-05-17,Sachsen,0,0,221,15.985714285714286,10.228571428571428,1.8714285714285712,4043002,2024-05-13T03:10:17Z,2024-05-13T18:54:08Z,15.73095238095238,6.5200000000000005,-7,29,0.72,165,4.1,9,0.2202561236096944,20,2020,0.1959600741013771,0.009124607927003139,0.009222965183306423,0.023654159869494276,0.023746701846965673,0.022842639593908635,0.022842639593908635,0.7473896343909615
2020-05-17,Sachsen-Anhalt,0,0,109,14.971428571428572,9.6,1.2428571428571429,2169253,2024-05-13T03:10:17Z,2024-05-13T18:54:08Z,15.73095238095238,6.83,-4,11,0.51,34,1.6,6,0.2743932137070386,20,2020,0.18128153044453427,0.009650865739426612,0.009852216748768496,0.03323262839879154,0.03342070773263434,0.09677419354838708,0.0967741935483871,0.5289305538935294
2020-05-17,Schleswig-Holstein,0,0,183,11.4,8.728571428571428,0.6428571428571428,2922005,2024-05-13T03:10:17Z,2024-05-13T18:54:08Z,15.73095238095238,6.33,-11,8,0.27,68,2.3,3,0.10158231384194469,20,2020,0.1761862113545535,0.0269331016507385,0.026649746192893415,0.046511627906976716,0.045840407470288655,0.09375,0.09375,0.6632929420899868
2020-05-17,Thüringen,0,0,132,13.714285714285714,7.857142857142857,2.2714285714285714,2108863,2024-05-13T03:10:17Z,2024-05-13T18:54:08Z,15.73095238095238,6.95,-5,48,2.28,154,7.3,21,0.9873775534288801,20,2020,0.18736245802122745,0.02836350065310693,0.0283353010625738,0.11528822055137844,0.1157505285412262,0.23076923076923075,0.23076923076923075,0.6031267990544298
2020-05-24,Baden-Württemberg,1,0,310,22.285714285714285,16.042857142857144,1.142857142857143,11124642,2024-05-13T03:00:17Z,2024-05-13T19:04:42Z,16.073809523809523,6.57,-12,80,0.72,419,3.8,48,0.4255222199281452,21,2020,0.20224207996231072,0.012111386610719074,0.012201591511936338,0.04152005629838144,0.04150352388410339,0.1227621483375959,0.12276214833759587,1
2020-05-24,Bayern,1,0,185,22.6,16.5,1.4142857142857144,13176989,2024-05-13T03:00:17Z,2024-05-13T19:04:42Z,16.073809523809523,6.5600000000000005,-12,104,0.79,736,5.6,91,0.6806591742796401,21,2020,0.16257479683378312,0.022298270893371733,0.022306597057427636,0.04166666666666668,0.04172767203513909,0.1625,0.16249999999999998,0.6133216474732003
2020-05-24,Berlin,1,1,4090,20.742857142857144,15.1,0.9857142857142857,3677472,2024-05-13T03:00:17Z,2024-05-13T19:04:42Z,16.073809523809523,5.8500000000000005,-19,34,0.92,185,5,10,0.2662937843568912,21,2020,0.17096484720320404,0.018661068346162817,0.018447018447018418,0.04155124653739613,0.04126337238920021,0.07092198581560284,0.07092198581560283,0.6269973193560895
2020-05-24,Brandenburg,1,0,85,20.67142857142857,14.971428571428572,1.6142857142857143,2537868,2024-05-13T03:00:17Z,2024-05-13T19:04:42Z,16.073809523809523,6.47,-5,8,0.32,40,1.6,5,0.19431549452321778,21,2020,0.13602218209658207,0.008062758770974052,0.008296460176991167,0.02380952380952381,0.024169184290030194,0.06024096385542169,0.060240963855421686,0.3330412538861656
2020-05-24,Bremen,1,1,1629,20.07142857142857,15.22857142857143,1.1857142857142855,676463,2024-05-13T03:00:17Z,2024-05-13T19:04:42Z,16.073809523809523,6.29,-16,11,1.63,81,12,4,0.5840575647135782,21,2020,0.1261860149142093,0.05003248862897984,0.050109890109890094,0.15942028985507245,0.15980392156862744,0.2,0.19999999999999998,0
2020-05-24,Hamburg,1,5,2438,19.02857142857143,14.128571428571428,1.8000000000000005,1853935,2024-05-13T03:00:17Z,2024-05-13T19:04:42Z,16.073809523809523,5.83,-17,5,0.27,26,1.4,9,0.475656432301934,21,2020,0.08286605908474523,0.00486066104990278,0.0048048048048047855,0.024390243902439043,0.02485875706214689,0.15254237288135591,0.1525423728813559,0.08020840649442214
2020-05-24,Hessen,1,0,297,23.37142857142857,17.542857142857144,1.0714285714285714,6295017,2024-05-13T03:00:17Z,2024-05-13T19:04:42Z,16.073809523809523,6.57,-12,59,0.94,441,7,24,0.3755069343613879,21,2020,0.172809201230038,0.03539597657244718,0.0352752538749332,0.045068027210884355,0.04496788008565309,0.08304498269896193,0.08304498269896193,0.5517591749401262
2020-05-24,Mecklenburg-Vorpommern,1,1,69,18.38571428571429,13.942857142857145,1.0142857142857145,1611160,2024-05-13T03:00:17Z,2024-05-13T19:04:42Z,16.073809523809523,7.21,-3,2,0.12,11,0.7,0,0,21,2020,0.15985520348553045,0.007862759113652614,0.008064516129032256,0.01290322580645162,0.012474012474012483,0,0,NA
2020-05-24,Niedersachsen,1,1,167,20.485714285714284,15.185714285714289,1.8,8027031,2024-05-13T03:00:17Z,2024-05-13T19:04:42Z,16.073809523809523,6.51,-12,48,0.6,417,5.2,26,0.31940082371015505,21,2020,0.1917073878791428,0.04358215748748293,0.043835616438356165,0.09050772626931568,0.0904255319148936,0.16352201257861634,0.16352201257861634,0.8061763234551772
2020-05-24,Nordrhein-Westfalen,1,0,526,23.15714285714286,16.7,0.07142857142857142,17924591,2024-05-13T03:00:17Z,2024-05-13T19:04:42Z,16.073809523809523,6.0600000000000005,-14,91,0.51,898,5,61,0.336289816989979,21,2020,0.1317152763893174,0.016258864115505017,0.016036655211912894,0.024030354131534575,0.024187452758881355,0.11574952561669827,0.1157495256166983,0.07617792720557821
2020-05-24,Rheinland-Pfalz,1,0,206,23.057142857142857,17.442857142857143,0.35714285714285715,4106485,2024-05-13T03:00:17Z,2024-05-13T19:04:42Z,16.073809523809523,6.95,-10,10,0.24,113,2.8,10,0.24043374247141847,21,2020,0.14416804972958525,0.015582450832072605,0.016149068322981363,0.031034482758620717,0.031117397454031095,0.056179775280898875,0.056179775280898875,0.3198915586826464
2020-05-24,Saarland,1,0,385,24.02857142857143,17.085714285714285,1.0857142857142856,982348,2024-05-13T03:00:17Z,2024-05-13T19:04:42Z,16.073809523809523,6.3100000000000005,-12,9,0.92,19,1.9,8,0.8059105479587293,21,2020,0.2204778536192392,0.009839461418953921,0.00966429298067143,0.07500000000000001,0.07528641571194762,0.17391304347826086,0.1739130434782609,0.7909798948311217
2020-05-24,Sachsen,1,1,221,20.728571428571428,14.985714285714286,2.442857142857143,4043002,2024-05-13T03:00:17Z,2024-05-13T19:04:42Z,16.073809523809523,6.55,-7,13,0.32,105,2.6,8,0.19578322098639503,21,2020,0.1959600741013771,0.00570287995437697,0.005764353239566515,0.010603588907014678,0.010554089709762527,0.020304568527918777,0.020304568527918777,0.7473896343909615
2020-05-24,Sachsen-Anhalt,1,7,109,21.314285714285713,15.657142857142857,1.542857142857143,2169253,2024-05-13T03:00:17Z,2024-05-13T19:04:42Z,16.073809523809523,6.62,-7,11,0.51,17,0.8,0,0,21,2020,0.18128153044453427,0.004825432869713306,0.004926108374384248,0.03323262839879154,0.03342070773263434,0,0,0.5289305538935294
2020-05-24,Schleswig-Holstein,1,1,183,15.657142857142857,13.142857142857142,2.9714285714285715,2922005,2024-05-13T03:00:17Z,2024-05-13T19:04:42Z,16.073809523809523,6.44,-9,10,0.34,65,2.2,11,0.3724684840871305,21,2020,0.1761862113545535,0.025629887054735005,0.025380710659898477,0.058139534883720916,0.05772495755517829,0.34375,0.34374999999999994,0.6632929420899868
2020-05-24,Thüringen,1,1,132,19.62857142857143,14.442857142857145,1.5,2108863,2024-05-13T03:00:17Z,2024-05-13T19:04:42Z,16.073809523809523,6.88,-6,23,1.09,127,6,14,0.6582517022859201,21,2020,0.18736245802122745,0.02332524724762083,0.023219205037386857,0.05263157894736842,0.0528541226215645,0.15384615384615383,0.15384615384615383,0.6031267990544298
2020-05-31,Baden-Württemberg,0,0,310,20.04285714285714,14.371428571428572,0,11124642,2024-05-13T02:52:00Z,2024-05-13T19:14:34Z,16.376190476190477,7.09,-5,61,0.55,321,2.9,51,0.4521173586736543,22,2020,0.20224207996231072,0.0074384894144573985,0.007427055702917766,0.02814919071076706,0.028191072826938175,0.13043478260869565,0.13043478260869562,1
2020-05-31,Bayern,0,0,185,17.985714285714284,13,0.5285714285714286,13176989,2024-05-13T02:52:00Z,2024-05-13T19:14:34Z,16.376190476190477,7,-6,85,0.65,671,5.1,76,0.5684626070906884,22,2020,0.16257479683378312,0.019956772334293934,0.019933554817275788,0.031111111111111096,0.0314787701317716,0.13571428571428573,0.1357142857142857,0.6133216474732003
2020-05-31,Berlin,0,0,4090,20.02857142857143,14.614285714285714,0.07142857142857144,3677472,2024-05-13T02:52:00Z,2024-05-13T19:14:34Z,16.376190476190477,6.44,-11,22,0.6,165,4.5,7,0.18640564904982385,22,2020,0.17096484720320404,0.016328434802892467,0.016302016302016283,0.024930747922437657,0.024961793173713723,0.04964539007092199,0.04964539007092197,0.6269973193560895
2020-05-31,Brandenburg,1,0,85,20.814285714285713,14.4,0,2537868,2024-05-13T02:52:00Z,2024-05-13T19:14:34Z,16.376190476190477,6.9,1,12,0.47,33,1.3,2,0.0777261978092871,22,2020,0.13602218209658207,0.0065373719764654425,0.0066371681415929385,0.03571428571428572,0.0354984894259819,0.02409638554216867,0.02409638554216867,0.3330412538861656
2020-05-31,Bremen,0,0,1629,20.5,14.614285714285714,0,676463,2024-05-13T02:52:00Z,2024-05-13T19:14:34Z,16.376190476190477,6.96,-7,17,2.51,130,19.2,2,0.2920287823567891,22,2020,0.1261860149142093,0.08187134502923975,0.08175824175824174,0.2463768115942029,0.246078431372549,0.1,0.09999999999999999,0
2020-05-31,Hamburg,0,0,2438,19.785714285714285,13.928571428571429,0,1853935,2024-05-13T02:52:00Z,2024-05-13T19:14:34Z,16.376190476190477,6.45,-8,1,0.05,11,0.6,11,0.5813578617023638,22,2020,0.08286605908474523,0,0,0,0,0.18644067796610167,0.18644067796610164,0.08020840649442214
2020-05-31,Hessen,0,0,297,21.65714285714286,16.942857142857143,0,6295017,2024-05-13T02:52:00Z,2024-05-13T19:14:34Z,16.376190476190477,7.07,-6,31,0.49,295,4.7,17,0.2659840785059831,22,2020,0.172809201230038,0.023003140650199483,0.02298236237306255,0.021258503401360533,0.020877944325481797,0.0588235294117647,0.05882352941176471,0.5517591749401262
2020-05-31,Mecklenburg-Vorpommern,0,0,69,19.65714285714286,13.757142857142856,0,1611160,2024-05-13T02:52:00Z,2024-05-13T19:14:34Z,16.376190476190477,7.98,7,1,0.06,3,0.2,0,0,22,2020,0.15985520348553045,0.0021443888491779832,0.002304147465437787,0.00645161290322581,0.006237006237006242,0,0,NA
2020-05-31,Niedersachsen,0,0,167,20.357142857142858,14,0,8027031,2024-05-13T02:52:00Z,2024-05-13T19:14:34Z,16.376190476190477,7.0600000000000005,-4,42,0.52,438,5.5,22,0.27026223544705424,22,2020,0.1917073878791428,0.04597177969959032,0.046575342465753455,0.0772626931567329,0.07624113475177305,0.13836477987421383,0.13836477987421378,0.8061763234551772
2020-05-31,Nordrhein-Westfalen,0,0,526,22.628571428571423,16.357142857142858,0,17924591,2024-05-13T02:52:00Z,2024-05-13T19:14:34Z,16.376190476190477,6.59,-6,96,0.54,776,4.3,33,0.18192727804375913,22,2020,0.1317152763893174,0.01236184756915605,0.01202749140893467,0.026138279932546363,0.026455026455026474,0.06261859582542693,0.06261859582542693,0.07617792720557821
2020-05-31,Rheinland-Pfalz,0,0,206,22.17142857142857,16.5,0,4106485,2024-05-13T02:52:00Z,2024-05-13T19:14:34Z,16.376190476190477,7.47,-3,4,0.1,110,2.7,3,0.07213012274142554,22,2020,0.14416804972958525,0.015128593040847195,0.015527950310558992,0.010344827586206917,0.011315417256011326,0.01685393258426966,0.016853932584269656,0.3198915586826464
2020-05-31,Saarland,0,0,385,22.428571428571427,16.242857142857144,0,982348,2024-05-13T02:52:00Z,2024-05-13T19:14:34Z,16.376190476190477,6.87,-4,8,0.81,22,2.2,6,0.604432910969047,22,2020,0.2204778536192392,0.01139306059036771,0.01119023397761954,0.06666666666666668,0.0662847790507365,0.13043478260869565,0.13043478260869565,0.7909798948311217
2020-05-31,Sachsen,0,0,221,18.785714285714285,13.857142857142858,1.4285714285714286,4043002,2024-05-13T02:52:00Z,2024-05-13T19:14:34Z,16.376190476190477,6.99,-1,14,0.35,75,1.9,9,0.2202561236096944,22,2020,0.1959600741013771,0.003992015968063879,0.004150334332487877,0.011419249592169637,0.011543535620052751,0.022842639593908635,0.022842639593908635,0.7473896343909615
2020-05-31,Sachsen-Anhalt,0,6,109,20.785714285714285,14.82857142857143,0.15714285714285717,2169253,2024-05-13T02:52:00Z,2024-05-13T19:14:34Z,16.376190476190477,7.140000000000001,0,6,0.28,13,0.6,1,0.04573220228450643,22,2020,0.18128153044453427,0.003690036900368983,0.003694581280788199,0.018126888217522653,0.01834862385321102,0.01612903225806451,0.0161290322580645,0.5289305538935294
2020-05-31,Schleswig-Holstein,0,0,183,16.62857142857143,13.414285714285716,0,2922005,2024-05-13T02:52:00Z,2024-05-13T19:14:34Z,16.376190476190477,6.98,-2,6,0.21,32,1.1,8,0.27088617024518585,22,2020,0.1761862113545535,0.011294526498696793,0.011421319796954328,0.034883720930232544,0.03565365025466895,0.25,0.25,0.6632929420899868
2020-05-31,Thüringen,0,0,132,18.257142857142856,12.885714285714286,0.2571428571428572,2108863,2024-05-13T02:52:00Z,2024-05-13T19:14:34Z,16.376190476190477,7.37,1,29,1.38,153,7.3,9,0.4231618086123772,22,2020,0.18736245802122745,0.028176898675125964,0.0283353010625738,0.06766917293233082,0.06818181818181818,0.0989010989010989,0.09890109890109888,0.6031267990544298
2020-06-07,Baden-Württemberg,1,6,310,20.414285714285715,15.32857142857143,3.8285714285714287,11124642,2024-05-13T02:46:17Z,2024-05-13T19:22:00Z,16.595238095238095,6.71,-10,35,0.31,178,1.6,40,0.35460184994012106,23,2020,0.20224207996231072,6.198741178714767e-4,5.30503978779845e-4,0.00985221674876848,0.00939702427564607,0.10230179028132992,0.10230179028132991,1
2020-06-07,Bayern,1,6,185,20.38571428571429,15.771428571428572,4.685714285714286,13176989,2024-05-13T02:46:17Z,2024-05-13T19:22:00Z,16.595238095238095,6.74,-10,57,0.43,310,2.4,49,0.3665087861505754,23,2020,0.16257479683378312,0.0069524495677233305,0.007119126720455651,0.015555555555555566,0.015373352855051257,0.08750000000000001,0.08749999999999998,0.6133216474732003
2020-06-07,Berlin,1,0,4090,23.042857142857144,16.942857142857143,2.0714285714285716,3677472,2024-05-13T02:46:17Z,2024-05-13T19:22:00Z,16.595238095238095,6.28,-13,28,0.76,209,5.7,7,0.18640564904982385,23,2020,0.17096484720320404,0.02146022859808726,0.021450021450021447,0.033240997229916906,0.03311258278145695,0.04964539007092199,0.04964539007092197,0.6269973193560895
2020-06-07,Brandenburg,1,0,85,23.142857142857142,16.099999999999998,2.357142857142857,2537868,2024-05-13T02:46:17Z,2024-05-13T19:22:00Z,16.595238095238095,6.8,-1,5,0.2,17,0.7,3,0.11658929671393067,23,2020,0.13602218209658207,0.0030507735890171915,0.0033185840707964554,0.014880952380952375,0.015105740181268902,0.03614457831325302,0.036144578313253004,0.3330412538861656
2020-06-07,Bremen,1,0,1629,21.4,15.4,1.9285714285714288,676463,2024-05-13T02:46:17Z,2024-05-13T19:22:00Z,16.595238095238095,6.53,-12,8,1.18,92,13.6,3,0.4380431735351836,23,2020,0.1261860149142093,0.05717998700454839,0.05714285714285714,0.11594202898550723,0.11568627450980393,0.15,0.15,0
2020-06-07,Hamburg,1,0,2438,21.228571428571428,14.971428571428572,2.8,1853935,2024-05-13T02:46:17Z,2024-05-13T19:22:00Z,16.595238095238095,6.1000000000000005,-13,2,0.11,32,1.7,2,0.10570142940042979,23,2020,0.08286605908474523,0.0068049254698638794,0.006606606606606605,0.006097560975609752,0.006779661016949143,0.03389830508474576,0.03389830508474575,0.08020840649442214
2020-06-07,Hessen,1,0,297,21.257142857142856,16.4,2.357142857142857,6295017,2024-05-13T02:46:17Z,2024-05-13T19:22:00Z,16.595238095238095,6.75,-10,15,0.24,146,2.3,7,0.1095228558554048,23,2020,0.172809201230038,0.010355657414480947,0.010154997327632283,0.007653061224489804,0.007494646680942157,0.02422145328719723,0.02422145328719721,0.5517591749401262
2020-06-07,Mecklenburg-Vorpommern,1,0,69,21.47142857142857,15.471428571428572,2.242857142857143,1611160,2024-05-13T02:46:17Z,2024-05-13T19:22:00Z,16.595238095238095,7.82,5,2,0.12,13,0.8,0,0,23,2020,0.15985520348553045,0.009292351679771278,0.009216589861751149,0.01290322580645162,0.012474012474012483,0,0,NA
2020-06-07,Niedersachsen,1,0,167,20.985714285714284,15.357142857142858,2.1571428571428575,8027031,2024-05-13T02:46:17Z,2024-05-13T19:22:00Z,16.595238095238095,6.72,-9,39,0.49,495,6.2,13,0.15970041185507752,23,2020,0.1917073878791428,0.052457897132453336,0.052968036529680386,0.07064017660044151,0.07092198581560281,0.08176100628930817,0.08176100628930819,0.8061763234551772
2020-06-07,Nordrhein-Westfalen,1,1,526,21.228571428571428,16,3.0428571428571427,17924591,2024-05-13T02:46:17Z,2024-05-13T19:22:00Z,16.595238095238095,6.21,-11,74,0.41,638,3.6,29,0.15987548676572771,23,2020,0.1317152763893174,0.007953746885581045,0.008018327605956447,0.01686340640809445,0.01662887377173092,0.055028462998102455,0.055028462998102455,0.07617792720557821
2020-06-07,Rheinland-Pfalz,1,0,206,21.92857142857143,16.414285714285715,2.1142857142857143,4106485,2024-05-13T02:46:17Z,2024-05-13T19:22:00Z,16.595238095238095,7.17,-7,10,0.24,83,2,0,0,23,2020,0.14416804972958525,0.011043872919818442,0.011180124223602476,0.031034482758620717,0.031117397454031095,0,0,0.3198915586826464
2020-06-07,Saarland,1,0,385,22.02857142857143,16.114285714285714,3.7,982348,2024-05-13T02:46:17Z,2024-05-13T19:22:00Z,16.595238095238095,6.54,-8,8,0.81,23,2.3,3,0.3022164554845235,23,2020,0.2204778536192392,0.011910926980838961,0.011698880976602233,0.06666666666666668,0.0662847790507365,0.06521739130434782,0.06521739130434784,0.7909798948311217
2020-06-07,Sachsen,1,0,221,21.857142857142858,15.771428571428572,3.0428571428571427,4043002,2024-05-13T02:46:17Z,2024-05-13T19:22:00Z,16.595238095238095,6.8100000000000005,-3,6,0.15,30,0.7,3,0.07341870786989814,23,2020,0.1959600741013771,0.0014257199885942492,0.0013834447774959634,0.004893964110929845,0.0049472295514512,0.0076142131979695365,0.007614213197969549,0.7473896343909615
2020-06-07,Sachsen-Anhalt,1,0,109,22.714285714285715,16.142857142857142,0.7428571428571429,2169253,2024-05-13T02:46:17Z,2024-05-13T19:22:00Z,16.595238095238095,6.98,-2,3,0.14,12,0.6,1,0.04573220228450643,23,2020,0.18128153044453427,0.0034061879080329155,0.003694581280788199,0.009063444108761327,0.00917431192660551,0.01612903225806451,0.0161290322580645,0.5289305538935294
2020-06-07,Schleswig-Holstein,1,0,183,16.857142857142858,14.157142857142857,5.142857142857142,2922005,2024-05-13T02:46:17Z,2024-05-13T19:22:00Z,16.595238095238095,6.73,-5,1,0.03,12,0.4,2,0.06772154256129646,23,2020,0.1761862113545535,0.0026064291920069606,0.0025380710659898757,0.005813953488372071,0.005093378607809867,0.06250000000000001,0.0625,0.6632929420899868
2020-06-07,Thüringen,1,0,132,19.585714285714285,14.314285714285717,4.714285714285714,2108863,2024-05-13T02:46:17Z,2024-05-13T19:22:00Z,16.595238095238095,7.0600000000000005,-3,14,0.66,75,3.6,9,0.4231618086123772,23,2020,0.18736245802122745,0.013621944392610573,0.013774104683195601,0.030075187969924807,0.030126849894291777,0.0989010989010989,0.09890109890109888,0.6031267990544298
2020-06-14,Baden-Württemberg,1,6,310,19.12857142857143,15.014285714285714,3.3571428571428568,11124642,2024-05-13T02:43:00Z,2024-05-13T19:28:17Z,16.754761904761903,6.84,-8,33,0.3,165,1.5,13,0.11524560123053934,24,2020,0.20224207996231072,0,0,0.008444757213230136,0.0086139389193422,0.033248081841432235,0.03324808184143217,1
2020-06-14,Bayern,1,6,185,19.557142857142857,15.32857142857143,10.17142857142857,13176989,2024-05-13T02:43:00Z,2024-05-13T19:28:17Z,16.754761904761903,6.9,-8,29,0.22,288,2.2,40,0.2991908458372044,24,2020,0.16257479683378312,0.006159942363112382,0.006169909824394897,0,0,0.07142857142857144,0.07142857142857141,0.6133216474732003
2020-06-14,Berlin,0,0,4090,24.542857142857144,18.757142857142856,2.685714285714286,3677472,2024-05-13T02:43:00Z,2024-05-13T19:28:17Z,16.754761904761903,6.92,-4,43,1.17,333,9.1,3,0.07988813530706736,24,2020,0.17096484720320404,0.035922556566363444,0.03603603603603601,0.054016620498614956,0.053998981151299044,0.02127659574468086,0.02127659574468083,0.6269973193560895
2020-06-14,Brandenburg,0,0,85,24.271428571428572,18.3,3.414285714285714,2537868,2024-05-13T02:43:00Z,2024-05-13T19:28:17Z,16.754761904761903,7.07,3,8,0.32,32,1.3,3,0.11658929671393067,24,2020,0.13602218209658207,0.006319459577249927,0.0066371681415929385,0.02380952380952381,0.024169184290030194,0.03614457831325302,0.036144578313253004,0.3330412538861656
2020-06-14,Bremen,0,0,1629,21.257142857142856,16.914285714285715,1.2428571428571429,676463,2024-05-13T02:43:00Z,2024-05-13T19:28:17Z,16.754761904761903,7.11,-5,14,2.07,72,10.6,2,0.2920287823567891,24,2020,0.1261860149142093,0.044184535412605586,0.04395604395604395,0.2028985507246377,0.20294117647058824,0.1,0.09999999999999999,0
2020-06-14,Hamburg,0,0,2438,20.95714285714286,16.15714285714286,3.5142857142857142,1853935,2024-05-13T02:43:00Z,2024-05-13T19:28:17Z,16.754761904761903,6.59,-6,1,0.05,24,1.3,1,0.05285071470021489,24,2020,0.08286605908474523,0.004212572909915747,0.004204204204204179,0,0,0.01694915254237288,0.016949152542372843,0.08020840649442214
2020-06-14,Hessen,1,0,297,22.38571428571429,17.92857142857143,3.1142857142857143,6295017,2024-05-13T02:43:00Z,2024-05-13T19:28:17Z,16.754761904761903,6.87,-8,25,0.4,151,2.4,7,0.1095228558554048,24,2020,0.172809201230038,0.010780069603599042,0.010689470871191894,0.016156462585034018,0.01605995717344753,0.02422145328719723,0.02422145328719721,0.5517591749401262
2020-06-14,Mecklenburg-Vorpommern,0,0,69,21.38571428571429,16.32857142857143,2.6857142857142855,1611160,2024-05-13T02:43:00Z,2024-05-13T19:28:17Z,16.754761904761903,8.1,9,1,0.06,8,0.5,0,0,24,2020,0.15985520348553045,0.00571837026447463,0.0057603686635944685,0.00645161290322581,0.006237006237006242,0,0,NA
2020-06-14,Niedersachsen,0,0,167,22.357142857142858,17.2,2.085714285714286,8027031,2024-05-13T02:43:00Z,2024-05-13T19:28:17Z,16.754761904761903,7.12,-4,22,0.27,382,4.8,8,0.09827717652620156,24,2020,0.1917073878791428,0.03959945380063723,0.0401826484018265,0.03311258278145695,0.03191489361702129,0.05031446540880504,0.050314465408805034,0.8061763234551772
2020-06-14,Nordrhein-Westfalen,1,0,526,22.12857142857143,17.62857142857143,0.22857142857142856,17924591,2024-05-13T02:43:00Z,2024-05-13T19:28:17Z,16.754761904761903,6.67,-5,70,0.39,657,3.7,20,0.11025895639015704,24,2020,0.1317152763893174,0.008560659298537025,0.008591065292096188,0.015177065767284984,0.015117157974300839,0.037950664136622396,0.037950664136622396,0.07617792720557821
2020-06-14,Rheinland-Pfalz,1,0,206,22.785714285714285,17.37142857142857,0.3714285714285715,4106485,2024-05-13T02:43:00Z,2024-05-13T19:28:17Z,16.754761904761903,7.24,-6,4,0.1,52,1.3,0,0,24,2020,0.14416804972958525,0.006354009077155834,0.006832298136645959,0.010344827586206917,0.011315417256011326,0,0,0.3198915586826464
2020-06-14,Saarland,1,0,385,21.942857142857143,16.814285714285713,0.6428571428571429,982348,2024-05-13T02:43:00Z,2024-05-13T19:28:17Z,16.754761904761903,6.57,-8,4,0.41,24,2.4,2,0.20147763698968232,24,2020,0.2204778536192392,0.012428793371310214,0.01220752797558496,0.03333333333333334,0.03355155482815058,0.04347826086956523,0.04347826086956522,0.7909798948311217
2020-06-14,Sachsen,0,0,221,24.057142857142857,18.728571428571428,2.4857142857142853,4043002,2024-05-13T02:43:00Z,2024-05-13T19:28:17Z,16.754761904761903,7.19,2,3,0.07,18,0.4,5,0.12236451311649689,24,2020,0.1959600741013771,7.413743940690021e-4,6.917223887479684e-4,0.0024469820554649077,0.0023087071240105385,0.01269035532994924,0.01269035532994924,0.7473896343909615
2020-06-14,Sachsen-Anhalt,0,0,109,23.914285714285715,18.4,6.614285714285715,2169253,2024-05-13T02:43:00Z,2024-05-13T19:28:17Z,16.754761904761903,7.36,3,5,0.23,39,1.8,1,0.04573220228450643,24,2020,0.18128153044453427,0.011070110701107002,0.011083743842364545,0.015105740181268878,0.015072083879423324,0.01612903225806451,0.0161290322580645,0.5289305538935294
2020-06-14,Schleswig-Holstein,0,0,183,16.8,14.7,2.728571428571428,2922005,2024-05-13T02:43:00Z,2024-05-13T19:28:17Z,16.754761904761903,7.04,-1,2,0.07,11,0.4,4,0.13544308512259293,24,2020,0.1761862113545535,0.002172024326672472,0.0025380710659898757,0.011627906976744172,0.011884550084889669,0.125,0.125,0.6632929420899868
2020-06-14,Thüringen,0,0,132,20.8,16.2,10.071428571428571,2108863,2024-05-13T02:43:00Z,2024-05-13T19:28:17Z,16.754761904761903,7.44,2,13,0.62,84,4,4,0.18807191493883432,24,2020,0.18736245802122745,0.015301362194439273,0.015348288075560811,0.027568922305764403,0.02801268498942919,0.043956043956043946,0.04395604395604395,0.6031267990544298
2020-06-21,Baden-Württemberg,0,0,310,21.085714285714285,16.242857142857144,5.242857142857143,11124642,2024-05-13T02:42:08Z,2024-05-13T19:32:08Z,16.833333333333332,7.38,-1,21,0.19,199,1.8,19,0.1684358787215575,25,2020,0.20224207996231072,0.0016212092313561055,0.0015915119363395028,0,0,0.04859335038363171,0.04859335038363171,1
2020-06-21,Bayern,0,0,185,19.7,15.442857142857145,10.285714285714285,13176989,2024-05-13T02:42:08Z,2024-05-13T19:32:08Z,16.833333333333332,7.22,-3,31,0.24,258,2,31,0.23187290552383344,25,2020,0.16257479683378312,0.005079250720461086,0.005220692928334144,0.0011111111111111194,0.0014641288433382032,0.055357142857142876,0.05535714285714287,0.6133216474732003
2020-06-21,Berlin,0,0,4090,24.6,19.871428571428577,0.9428571428571428,3677472,2024-05-13T02:42:08Z,2024-05-13T19:32:08Z,16.833333333333332,7.26,1,45,1.22,503,13.7,3,0.07988813530706736,25,2020,0.17096484720320404,0.05574994168416141,0.05577005577005573,0.05678670360110804,0.056546102903718816,0.02127659574468086,0.02127659574468083,0.6269973193560895
2020-06-21,Brandenburg,0,0,85,24.38571428571429,19.4,1.414285714285714,2537868,2024-05-13T02:42:08Z,2024-05-13T19:32:08Z,16.833333333333332,7.09,4,7,0.28,76,3,0,0,25,2020,0.13602218209658207,0.015907605142732616,0.01603982300884956,0.020833333333333343,0.021148036253776422,0,0,0.3330412538861656
2020-06-21,Bremen,0,0,1629,24.3,19.15714285714286,0.8999999999999999,676463,2024-05-13T02:42:08Z,2024-05-13T19:32:08Z,16.833333333333332,7.51,1,8,1.18,55,8.1,3,0.4380431735351836,25,2020,0.1261860149142093,0.033138401559454175,0.032967032967032975,0.11594202898550723,0.11568627450980393,0.15,0.15,0
2020-06-21,Hamburg,0,0,2438,24.457142857142856,18.82857142857143,0.01428571428571428,1853935,2024-05-13T02:42:08Z,2024-05-13T19:32:08Z,16.833333333333332,7.140000000000001,2,2,0.11,28,1.5,4,0.21140285880085957,25,2020,0.08286605908474523,0.005508749189889813,0.005405405405405393,0.006097560975609752,0.006779661016949143,0.06779661016949153,0.06779661016949151,0.08020840649442214
2020-06-21,Hessen,0,0,297,23.142857142857142,18.5,6.171428571428571,6295017,2024-05-13T02:42:08Z,2024-05-13T19:32:08Z,16.833333333333332,7.26,-3,23,0.37,238,3.8,9,0.14081510038552045,25,2020,0.172809201230038,0.01816484169425347,0.018172100481026195,0.014455782312925169,0.014453961456102796,0.031141868512110718,0.03114186851211072,0.5517591749401262
2020-06-21,Mecklenburg-Vorpommern,0,0,69,22.9,18.37142857142857,0.9,1611160,2024-05-13T02:42:08Z,2024-05-13T19:32:08Z,16.833333333333332,8.11,9,1,0.06,11,0.7,0,0,25,2020,0.15985520348553045,0.007862759113652614,0.008064516129032256,0.00645161290322581,0.006237006237006242,0,0,NA
2020-06-21,Niedersachsen,0,0,167,23.914285714285715,18.485714285714288,0.6,8027031,2024-05-13T02:42:08Z,2024-05-13T19:32:08Z,16.833333333333332,7.27,-2,36,0.45,370,4.6,4,0.04913858826310078,25,2020,0.1917073878791428,0.038233955393718703,0.03835616438356166,0.06401766004415012,0.06382978723404253,0.025157232704402503,0.02515723270440253,0.8061763234551772
2020-06-21,Nordrhein-Westfalen,0,0,526,24.17142857142857,19.142857142857142,1.585714285714286,17924591,2024-05-13T02:42:08Z,2024-05-13T19:32:08Z,16.833333333333332,7.08,1,125,0.7,2098,11.7,16,0.08820716511212565,25,2020,0.1317152763893174,0.05459017440746183,0.05441008018327602,0.038364249578414826,0.03854875283446712,0.030360531309297913,0.030360531309297913,0.07617792720557821
2020-06-21,Rheinland-Pfalz,0,0,206,23.67142857142857,18.557142857142857,0.7285714285714285,4106485,2024-05-13T02:42:08Z,2024-05-13T19:32:08Z,16.833333333333332,7.71,0,6,0.15,75,1.8,3,0.07213012274142554,25,2020,0.14416804972958525,0.009833585476550695,0.009937888198757737,0.017241379310344827,0.01838755304101838,0.01685393258426966,0.016853932584269656,0.3198915586826464
2020-06-21,Saarland,0,0,385,23.857142857142858,17.52857142857143,5,982348,2024-05-13T02:42:08Z,2024-05-13T19:32:08Z,16.833333333333332,7.01,-2,6,0.61,7,0.7,0,0,25,2020,0.2204778536192392,0.00362506473329883,0.003560528992878982,0.049999999999999996,0.04991816693944352,0,0,0.7909798948311217
2020-06-21,Sachsen,0,0,221,24.042857142857144,19.4,0.5285714285714286,4043002,2024-05-13T02:42:08Z,2024-05-13T19:32:08Z,16.833333333333332,7.3,4,1,0.02,75,1.9,1,0.02447290262329938,25,2020,0.1959600741013771,0.003992015968063879,0.004150334332487877,8.156606851549595e-4,6.59630606860129e-4,0.0025380710659898453,0.0025380710659898453,0.7473896343909615
2020-06-21,Sachsen-Anhalt,0,0,109,25.02857142857143,19.957142857142856,0.41428571428571426,2169253,2024-05-13T02:42:08Z,2024-05-13T19:32:08Z,16.833333333333332,7.41,4,7,0.32,84,3.9,0,0,25,2020,0.18128153044453427,0.023843315356230473,0.02401477832512315,0.021148036253776443,0.02096985583224116,0,0,0.5289305538935294
2020-06-21,Schleswig-Holstein,0,0,183,20.428571428571427,17.5,4.314285714285714,2922005,2024-05-13T02:42:08Z,2024-05-13T19:32:08Z,16.833333333333332,7.42,5,1,0.03,17,0.6,1,0.03386077128064823,25,2020,0.1761862113545535,0.004778453518679404,0.005076142131979695,0.005813953488372071,0.005093378607809867,0.03125000000000001,0.03125,0.6632929420899868
2020-06-21,Thüringen,0,0,132,21.02857142857143,17.142857142857142,2.642857142857143,2108863,2024-05-13T02:42:08Z,2024-05-13T19:32:08Z,16.833333333333332,7.51,3,12,0.57,47,2.2,4,0.18807191493883432,25,2020,0.18736245802122745,0.008397089009143498,0.008264462809917363,0.025062656641603995,0.025369978858350968,0.043956043956043946,0.04395604395604395,0.6031267990544298
2020-06-28,Baden-Württemberg,0,0,310,26.34285714285714,20.07142857142857,4.285714285714286,11124642,2024-05-13T02:44:08Z,2024-05-13T19:33:00Z,16.814285714285713,7.62,2,60,0.54,275,2.5,8,0.070920369988024215,26,2020,0.20224207996231072,0.0052450886896815005,0.005305039787798418,0.02744546094299789,0.027407987470634304,0.020460358056265972,0.020460358056265972,1
2020-06-28,Bayern,0,0,185,26.02857142857143,20.214285714285715,2.928571428571429,13176989,2024-05-13T02:44:08Z,2024-05-13T19:33:00Z,16.814285714285713,7.68,3,45,0.34,360,2.7,29,0.21691336323197322,26,2020,0.16257479683378312,0.00875360230547548,0.00854295206454678,0.008888888888888885,0.008784773060029255,0.05178571428571429,0.05178571428571428,0.6133216474732003
2020-06-28,Berlin,0,4,4090,27.685714285714287,21.82857142857143,1.0142857142857142,3677472,2024-05-13T02:44:08Z,2024-05-13T19:33:00Z,16.814285714285713,7.33,2,17,0.46,333,9.1,2,0.05325875687137824,26,2020,0.17096484720320404,0.035922556566363444,0.03603603603603601,0.018005540166204995,0.017829852266938378,0.014184397163120584,0.014184397163120553,0.6269973193560895
2020-06-28,Brandenburg,0,4,85,27.457142857142856,21.042857142857144,1.7999999999999998,2537868,2024-05-13T02:44:08Z,2024-05-13T19:33:00Z,16.814285714285713,7.3,7,3,0.12,39,1.5,2,0.0777261978092871,26,2020,0.13602218209658207,0.007844846371758536,0.0077433628318584235,0.008928571428571437,0.009063444108761323,0.02409638554216867,0.02409638554216867,0.3330412538861656
2020-06-28,Bremen,0,0,1629,27.257142857142856,21.071428571428573,0.2142857142857143,676463,2024-05-13T02:44:08Z,2024-05-13T19:33:00Z,16.814285714285713,7.56,2,3,0.44,17,2.5,1,0.14601439117839454,26,2020,0.1261860149142093,0.008447043534762819,0.008351648351648339,0.0434782608695652,0.04313725490196078,0.05,0.049999999999999975,0
2020-06-28,Hamburg,0,4,2438,26.757142857142856,20.88571428571429,1.1714285714285717,1853935,2024-05-13T02:44:08Z,2024-05-13T19:33:00Z,16.814285714285713,7.11,1,10,0.54,45,2.4,0,0,26,2020,0.08286605908474523,0.011017498379779627,0.010810810810810785,0.0548780487804878,0.055367231638418106,0,0,0.08020840649442214
2020-06-28,Hessen,0,0,297,27.014285714285712,21.942857142857143,0.6857142857142856,6295017,2024-05-13T02:44:08Z,2024-05-13T19:33:00Z,16.814285714285713,7.5,0,21,0.33,180,2.9,4,0.06258448906023131,26,2020,0.172809201230038,0.013241660300483852,0.013361838588989839,0.01275510204081632,0.012312633832976452,0.013840830449826997,0.013840830449826973,0.5517591749401262
2020-06-28,Mecklenburg-Vorpommern,0,7,69,26.37142857142857,20.34285714285714,0.7428571428571429,1611160,2024-05-13T02:44:08Z,2024-05-13T19:33:00Z,16.814285714285713,8.21,11,0,0,9,0.6,0,0,26,2020,0.15985520348553045,0.006433166547533949,0.006912442396313362,0,0,0,0,NA
2020-06-28,Niedersachsen,0,0,167,27.228571428571428,20.942857142857143,0.1,8027031,2024-05-13T02:44:08Z,2024-05-13T19:33:00Z,16.814285714285713,7.44,1,20,0.25,242,3,10,0.12284647065775194,26,2020,0.1917073878791428,0.023668639053254427,0.023744292237442937,0.028697571743929368,0.028368794326241148,0.06289308176100629,0.06289308176100629,0.8061763234551772
2020-06-28,Nordrhein-Westfalen,0,0,526,28.357142857142858,21.957142857142856,0.3,17924591,2024-05-13T02:44:08Z,2024-05-13T19:33:00Z,16.814285714285713,7.25,3,94,0.52,1524,8.5,9,0.04961653037557067,26,2020,0.1317152763893174,0.03625503098447582,0.036082474226804086,0.02529510961214166,0.024943310657596394,0.017077798861480063,0.017077798861480094,0.07617792720557821
2020-06-28,Rheinland-Pfalz,0,0,206,27.514285714285716,21.542857142857144,0.2,4106485,2024-05-13T02:44:08Z,2024-05-13T19:33:00Z,16.814285714285713,7.85,1,10,0.24,68,1.7,1,0.02404337424714184,26,2020,0.14416804972958525,0.008774583963691362,0.009316770186335368,0.031034482758620717,0.031117397454031095,0.00561797752808987,0.005617977528089869,0.3198915586826464
2020-06-28,Saarland,0,0,385,27.52857142857143,20.642857142857142,0.8142857142857143,982348,2024-05-13T02:44:08Z,2024-05-13T19:33:00Z,16.814285714285713,7.140000000000001,0,6,0.61,6,0.6,4,0.40295527397936465,26,2020,0.2204778536192392,0.0031071983428275778,0.0030518819938962563,0.049999999999999996,0.04991816693944352,0.08695652173913045,0.08695652173913045,0.7909798948311217
2020-06-28,Sachsen,0,0,221,26.942857142857143,20.185714285714287,3.7285714285714286,4043002,2024-05-13T02:44:08Z,2024-05-13T19:33:00Z,16.814285714285713,7.48,6,5,0.12,27,0.7,1,0.02447290262329938,26,2020,0.1959600741013771,0.0012546335899629307,0.0013834447774959634,0.004078303425774856,0.003957783641160948,0.0025380710659898453,0.0025380710659898453,0.7473896343909615
2020-06-28,Sachsen-Anhalt,0,0,109,27.457142857142856,21.257142857142856,0.0857142857142857,2169253,2024-05-13T02:44:08Z,2024-05-13T19:33:00Z,16.814285714285713,7.56,6,3,0.14,28,1.3,1,0.04573220228450643,26,2020,0.18128153044453427,0.007947771785410153,0.00800492610837441,0.009063444108761327,0.00917431192660551,0.01612903225806451,0.0161290322580645,0.5289305538935294
2020-06-28,Schleswig-Holstein,0,0,183,21.742857142857144,19.15714285714286,0.47142857142857136,2922005,2024-05-13T02:44:08Z,2024-05-13T19:33:00Z,16.814285714285713,7.49,6,3,0.1,17,0.6,0,0,26,2020,0.1761862113545535,0.004778453518679404,0.005076142131979695,0.017441860465116272,0.016977928692699536,0,0,0.6632929420899868
2020-06-28,Thüringen,0,0,132,24.67142857142857,19.214285714285715,0.2571428571428572,2108863,2024-05-13T02:44:08Z,2024-05-13T19:33:00Z,16.814285714285713,7.73,6,9,0.43,19,0.9,3,0.14105393620412573,26,2020,0.18736245802122745,0.0031722336256764477,0.0031483667847304183,0.0175438596491228,0.01797040169133194,0.03296703296703296,0.032967032967032975,0.6031267990544298
2020-07-05,Baden-Württemberg,0,0,310,24.82857142857143,19.5,2.7857142857142856,11124642,2024-05-13T02:48:25Z,2024-05-13T19:31:34Z,16.71904761904762,7.65,3,33,0.3,220,2,8,0.070920369988024215,27,2020,0.20224207996231072,0.0026225443448407663,0.002652519893899225,0.008444757213230136,0.0086139389193422,0.020460358056265972,0.020460358056265972,1
2020-07-05,Bayern,0,0,185,25.61428571428571,19.785714285714285,3.414285714285714,13176989,2024-05-13T02:48:25Z,2024-05-13T19:31:34Z,16.71904761904762,7.65,2,35,0.27,464,3.5,7,0.05235839802151078,27,2020,0.16257479683378312,0.012500000000000004,0.01233981964878976,0.003333333333333323,0.003660322108345526,0.01249999999999999,0.012500000000000022,0.6133216474732003
2020-07-05,Berlin,0,7,4090,25.17142857142857,20.085714285714285,0.3714285714285714,3677472,2024-05-13T02:48:25Z,2024-05-13T19:31:34Z,16.71904761904762,6.8500000000000005,-5,35,0.95,264,7.2,2,0.05325875687137824,27,2020,0.17096484720320404,0.027874970842080724,0.02788502788502785,0.04293628808864265,0.0427916454406521,0.014184397163120584,0.014184397163120553,0.6269973193560895
2020-07-05,Brandenburg,0,7,85,24.4,19.357142857142858,1.4857142857142855,2537868,2024-05-13T02:48:25Z,2024-05-13T19:31:34Z,16.71904761904762,7.16,5,7,0.28,44,1.7,1,0.03886309890464355,27,2020,0.13602218209658207,0.008934408367836115,0.00884955752212391,0.020833333333333343,0.021148036253776422,0.012048192771084347,0.012048192771084347,0.3330412538861656
2020-07-05,Bremen,0,0,1629,22.257142857142856,17.17142857142857,2.142857142857143,676463,2024-05-13T02:48:25Z,2024-05-13T19:31:34Z,16.71904761904762,7.09,-5,3,0.44,17,2.5,3,0.4380431735351836,27,2020,0.1261860149142093,0.008447043534762819,0.008351648351648339,0.0434782608695652,0.04313725490196078,0.15,0.15,0
2020-07-05,Hamburg,0,7,2438,20.757142857142856,16.742857142857144,4.557142857142857,1853935,2024-05-13T02:48:25Z,2024-05-13T19:31:34Z,16.71904761904762,6.63,-6,1,0.05,27,1.5,1,0.05285071470021489,27,2020,0.08286605908474523,0.005184705119896297,0.005405405405405393,0,0,0.01694915254237288,0.016949152542372843,0.08020840649442214
2020-07-05,Hessen,0,0,297,25.42857142857143,19.914285714285715,0.45714285714285713,6295017,2024-05-13T02:48:25Z,2024-05-13T19:31:34Z,16.71904761904762,7.43,-1,18,0.29,180,2.9,6,0.09387673359034697,27,2020,0.172809201230038,0.013241660300483852,0.013361838588989839,0.010204081632653062,0.01017130620985011,0.02076124567474047,0.020761245674740473,0.5517591749401262
2020-07-05,Mecklenburg-Vorpommern,0,7,69,20.785714285714285,17.12857142857143,1.3285714285714283,1611160,2024-05-13T02:48:25Z,2024-05-13T19:31:34Z,16.71904761904762,7.99,8,1,0.06,3,0.2,0,0,27,2020,0.15985520348553045,0.0021443888491779832,0.002304147465437787,0.00645161290322581,0.006237006237006242,0,0,NA
2020-07-05,Niedersachsen,0,0,167,22.142857142857142,17.84285714285714,2.628571428571429,8027031,2024-05-13T02:48:25Z,2024-05-13T19:31:34Z,16.71904761904762,7.25,-2,18,0.22,177,2.2,8,0.09827717652620156,27,2020,0.1917073878791428,0.016272189349112412,0.01643835616438356,0.024282560706401786,0.02304964539007092,0.05031446540880504,0.050314465408805034,0.8061763234551772
2020-07-05,Nordrhein-Westfalen,0,7,526,22.814285714285713,18.17142857142857,3.542857142857143,17924591,2024-05-13T02:48:25Z,2024-05-13T19:31:34Z,16.71904761904762,7.0600000000000005,1,99,0.55,1163,6.5,14,0.07718126947310994,27,2020,0.1317152763893174,0.024723695138312133,0.024627720504009118,0.027403035413153448,0.027210884353741516,0.026565464895635674,0.026565464895635705,0.07617792720557821
2020-07-05,Rheinland-Pfalz,0,0,206,25.6,19.82857142857143,0.7285714285714285,4106485,2024-05-13T02:48:25Z,2024-05-13T19:31:34Z,16.71904761904762,7.8,1,1,0.02,101,2.5,0,0,27,2020,0.14416804972958525,0.013767019667170966,0.014285714285714254,0,0,0,0,0.3198915586826464
2020-07-05,Saarland,0,0,385,25.84285714285714,19.514285714285716,0.3142857142857143,982348,2024-05-13T02:48:25Z,2024-05-13T19:31:34Z,16.71904761904762,7.18,0,0,0,4,0.4,1,0.10073881849484116,27,2020,0.2204778536192392,0.002071465561885041,0.0020345879959308374,0,0,0.021739130434782615,0.02173913043478261,0.7909798948311217
2020-07-05,Sachsen,0,0,221,26.8,21.4,0.2571428571428571,4043002,2024-05-13T02:48:25Z,2024-05-13T19:31:34Z,16.71904761904762,7.41,5,1,0.02,16,0.4,2,0.04894580524659876,27,2020,0.1959600741013771,6.273167949814654e-4,6.917223887479684e-4,8.156606851549595e-4,6.59630606860129e-4,0.005076142131979691,0.005076142131979691,0.7473896343909615
2020-07-05,Sachsen-Anhalt,0,0,109,25.1,19.514285714285716,0.5142857142857143,2169253,2024-05-13T02:48:25Z,2024-05-13T19:31:34Z,16.71904761904762,7.49,5,2,0.09,14,0.6,1,0.04573220228450643,27,2020,0.18128153044453427,0.0039738858927050764,0.003694581280788199,0.006042296072507551,0.005897771952817836,0.01612903225806451,0.0161290322580645,0.5289305538935294
2020-07-05,Schleswig-Holstein,0,7,183,18.814285714285713,16.47142857142857,4.828571428571428,2922005,2024-05-13T02:48:25Z,2024-05-13T19:31:34Z,16.71904761904762,7.0600000000000005,0,1,0.03,34,1.2,0,0,27,2020,0.1761862113545535,0.01216333622936577,0.012690355329949238,0.005813953488372071,0.005093378607809867,0,0,0.6632929420899868
2020-07-05,Thüringen,0,0,132,23.54285714285714,18.257142857142856,0.4714285714285714,2108863,2024-05-13T02:48:25Z,2024-05-13T19:31:34Z,16.71904761904762,7.66,5,6,0.28,20,0.9,0,0,27,2020,0.18736245802122745,0.0033588356036573994,0.0031483667847304183,0.010025062656641603,0.01004228329809725,0,0,0.6031267990544298
2020-07-12,Baden-Württemberg,0,0,310,24.357142857142858,18.5,0.2571428571428572,11124642,2024-05-13T02:55:00Z,2024-05-13T19:27:25Z,16.54047619047619,7.67,3,29,0.26,241,2.2,1,0.008865046248503027,28,2020,0.20224207996231072,0.003623879458325395,0.003713527851458915,0.005629838142153412,0.005481597494126888,0.0025575447570332344,0.0025575447570332344,1
2020-07-12,Bayern,0,0,185,24.9,19.15714285714286,6.314285714285714,13176989,2024-05-13T02:55:00Z,2024-05-13T19:27:25Z,16.54047619047619,7.63,2,35,0.27,513,3.9,12,0.08975725375116134,28,2020,0.16257479683378312,0.014265129682997105,0.014238253440911267,0.003333333333333323,0.003660322108345526,0.021428571428571425,0.021428571428571422,0.6133216474732003
2020-07-12,Berlin,0,7,4090,21.2,16.34285714285714,2.1428571428571432,3677472,2024-05-13T02:55:00Z,2024-05-13T19:27:25Z,16.54047619047619,6.71,-7,14,0.38,190,5.2,2,0.05325875687137824,28,2020,0.17096484720320404,0.019244226731980393,0.019305019305019277,0.013850415512465386,0.013754457463066748,0.014184397163120584,0.014184397163120553,0.6269973193560895
2020-07-12,Brandenburg,0,7,85,21.014285714285716,15.785714285714286,2.2285714285714286,2537868,2024-05-13T02:55:00Z,2024-05-13T19:27:25Z,16.54047619047619,7.04,3,3,0.12,19,0.7,0,0,28,2020,0.13602218209658207,0.003486598387448223,0.0033185840707964554,0.008928571428571437,0.009063444108761323,0,0,0.3330412538861656
2020-07-12,Bremen,0,0,1629,18.47142857142857,14.057142857142855,3.3142857142857145,676463,2024-05-13T02:55:00Z,2024-05-13T19:27:25Z,16.54047619047619,7.16,-4,1,0.15,11,1.6,2,0.2920287823567891,28,2020,0.1261860149142093,0.004548408057179973,0.004395604395604404,0.01449275362318838,0.014705882352941176,0.1,0.09999999999999999,0
2020-07-12,Hamburg,0,7,2438,17.57142857142857,13.4,5.5,1853935,2024-05-13T02:55:00Z,2024-05-13T19:27:25Z,16.54047619047619,6.59,-6,2,0.11,17,0.9,0,0,28,2020,0.08286605908474523,0.001944264419961099,0.0018018018018017864,0.006097560975609752,0.006779661016949143,0,0,0.08020840649442214
2020-07-12,Hessen,0,7,297,22.942857142857143,18.514285714285716,1.3571428571428572,6295017,2024-05-13T02:55:00Z,2024-05-13T19:27:25Z,16.54047619047619,7.31,-3,39,0.62,229,3.6,2,0.03129224453011566,28,2020,0.172809201230038,0.01740089975384093,0.017103153393907007,0.028061224489795897,0.027837259100642404,0.0069204152249134985,0.0069204152249135,0.5517591749401262
2020-07-12,Mecklenburg-Vorpommern,0,7,69,17.685714285714287,13.657142857142857,4.242857142857143,1611160,2024-05-13T02:55:00Z,2024-05-13T19:27:25Z,16.54047619047619,7.84,6,0,0,0,0,0,0,28,2020,0.15985520348553045,0,0,0,0,0,0,NA
2020-07-12,Niedersachsen,0,0,167,19.485714285714284,14.785714285714285,2.557142857142857,8027031,2024-05-13T02:55:00Z,2024-05-13T19:27:25Z,16.54047619047619,7.23,-2,8,0.1,107,1.3,7,0.08599252946042636,28,2020,0.1917073878791428,0.00830678197542101,0.008219178082191797,0.0022075055187638077,0.0017730496453900863,0.0440251572327044,0.04402515723270439,0.8061763234551772
2020-07-12,Nordrhein-Westfalen,0,7,526,20.6,15.985714285714286,1.385714285714286,17924591,2024-05-13T02:55:00Z,2024-05-13T19:27:25Z,16.54047619047619,7.05,0,101,0.56,924,5.2,18,0.09923306075114134,28,2020,0.1317152763893174,0.017089375838497414,0.017182130584192414,0.028246205733558183,0.027966742252456555,0.03415559772296015,0.03415559772296015,0.07617792720557821
2020-07-12,Rheinland-Pfalz,0,7,206,23.485714285714284,18.37142857142857,0.4571428571428572,4106485,2024-05-13T02:55:00Z,2024-05-13T19:27:25Z,16.54047619047619,7.75,0,11,0.27,85,2.1,1,0.02404337424714184,28,2020,0.14416804972958525,0.011346444780635404,0.011801242236024845,0.034482758620689655,0.03536067892503537,0.00561797752808987,0.005617977528089869,0.3198915586826464
2020-07-12,Saarland,0,7,385,25.257142857142856,18.514285714285712,0,982348,2024-05-13T02:55:00Z,2024-05-13T19:27:25Z,16.54047619047619,7.13,0,4,0.41,12,1.2,0,0,28,2020,0.2204778536192392,0.006214396685655123,0.00610376398779248,0.03333333333333334,0.03355155482815058,0,0,0.7909798948311217
2020-07-12,Sachsen,0,0,221,23.314285714285713,17.67142857142857,0.3857142857142858,4043002,2024-05-13T02:55:00Z,2024-05-13T19:27:25Z,16.54047619047619,7.26,3,0,0,17,0.4,1,0.02447290262329938,28,2020,0.1959600741013771,6.843455945252471e-4,6.917223887479684e-4,0,0,0.0025380710659898453,0.0025380710659898453,0.7473896343909615
2020-07-12,Sachsen-Anhalt,0,0,109,21.742857142857144,16.085714285714285,0.6571428571428571,2169253,2024-05-13T02:55:00Z,2024-05-13T19:27:25Z,16.54047619047619,7.36,3,4,0.18,33,1.5,2,0.09146440456901286,28,2020,0.18128153044453427,0.009367016747090545,0.009236453201970458,0.012084592145015102,0.01179554390563565,0.03225806451612903,0.03225806451612902,0.5289305538935294
2020-07-12,Schleswig-Holstein,0,7,183,16.3,13.928571428571429,3.9571428571428577,2922005,2024-05-13T02:55:00Z,2024-05-13T19:27:25Z,16.54047619047619,7.01,-1,1,0.03,21,0.7,2,0.06772154256129646,28,2020,0.1761862113545535,0.006516072980017388,0.006345177664974633,0.005813953488372071,0.005093378607809867,0.06250000000000001,0.0625,0.6632929420899868
2020-07-12,Thüringen,0,0,132,20.88571428571429,15.428571428571429,1.0714285714285714,2108863,2024-05-13T02:55:00Z,2024-05-13T19:27:25Z,16.54047619047619,7.63,5,5,0.24,23,1.1,1,0.04701797873470858,28,2020,0.18736245802122745,0.003918641537600303,0.003935458480913029,0.007518796992481196,0.00792811839323469,0.01098901098901097,0.010989010989010995,0.6031267990544298
2020-07-19,Baden-Württemberg,0,0,310,23.057142857142857,17.84285714285714,1.7285714285714284,11124642,2024-05-13T03:03:08Z,2024-05-13T19:20:51Z,16.295238095238094,7.67,3,32,0.29,384,3.5,2,0.017730092497006054,29,2020,0.20224207996231072,0.010442494754911318,0.010610079575596836,0.007741027445460929,0.007830853563038398,0.005115089514066501,0.005115089514066501,1
2020-07-19,Bayern,0,0,185,22.17142857142857,17.42857142857143,3.3857142857142852,13176989,2024-05-13T03:03:08Z,2024-05-13T19:20:51Z,16.295238095238094,7.69,3,39,0.3,501,3.8,5,0.03739885572965055,29,2020,0.16257479683378312,0.0138328530259366,0.01376364499288089,0.005555555555555562,0.005856515373352848,0.008928571428571435,0.008928571428571435,0.6133216474732003
2020-07-19,Berlin,0,7,4090,24.414285714285715,18.87142857142857,1.0571428571428572,3677472,2024-05-13T03:03:08Z,2024-05-13T19:20:51Z,16.295238095238094,6.94,-4,15,0.41,132,3.6,4,0.10651751374275648,29,2020,0.17096484720320404,0.012479589456496382,0.012441012441012428,0.015235457063711913,0.015282730514518604,0.02836879432624114,0.02836879432624112,0.6269973193560895
2020-07-19,Brandenburg,0,7,85,24.15714285714286,18.67142857142857,1.142857142857143,2537868,2024-05-13T03:03:08Z,2024-05-13T19:20:51Z,16.295238095238094,7.17,5,4,0.16,28,1.1,0,0,29,2020,0.13602218209658207,0.005447809980387864,0.0055309734513274535,0.011904761904761906,0.012084592145015097,0,0,0.3330412538861656
2020-07-19,Bremen,0,4,1629,23.314285714285713,17.585714285714285,0.7857142857142857,676463,2024-05-13T03:03:08Z,2024-05-13T19:20:51Z,16.295238095238094,7.53,1,12,1.77,29,4.3,0,0,29,2020,0.1261860149142093,0.01624431448992851,0.01626373626373624,0.17391304347826086,0.17352941176470588,0,0,0
2020-07-19,Hamburg,0,7,2438,22.957142857142856,17.3,1,1853935,2024-05-13T03:03:08Z,2024-05-13T19:20:51Z,16.295238095238094,6.94,-1,2,0.11,15,0.8,1,0.05285071470021489,29,2020,0.08286605908474523,0.001296176279974066,0.00120120120120118,0.006097560975609752,0.006779661016949143,0.01694915254237288,0.016949152542372843,0.08020840649442214
2020-07-19,Hessen,0,7,297,24.61428571428571,19.65714285714286,2.414285714285714,6295017,2024-05-13T03:03:08Z,2024-05-13T19:20:51Z,16.295238095238094,7.32,-2,31,0.49,236,3.7,0,0,29,2020,0.172809201230038,0.01799507681860625,0.017637626937466618,0.021258503401360533,0.020877944325481797,0,0,0.5517591749401262
2020-07-19,Mecklenburg-Vorpommern,0,7,69,23.17142857142857,18,0.7142857142857142,1611160,2024-05-13T03:03:08Z,2024-05-13T19:20:51Z,16.295238095238094,8.17,10,1,0.06,5,0.3,0,0,29,2020,0.15985520348553045,0.0035739814152966473,0.003456221198156681,0.00645161290322581,0.006237006237006242,0,0,NA
2020-07-19,Niedersachsen,0,4,167,24.1,17.742857142857144,0.24285714285714283,8027031,2024-05-13T03:03:08Z,2024-05-13T19:20:51Z,16.295238095238094,7.44,1,15,0.19,226,2.8,2,0.02456929413155039,29,2020,0.1917073878791428,0.021847974510696394,0.021917808219178103,0.017660044150110396,0.017730496453900697,0.012578616352201252,0.01257861635220125,0.8061763234551772
2020-07-19,Nordrhein-Westfalen,0,7,526,23.8,18.442857142857143,0.8285714285714285,17924591,2024-05-13T03:03:08Z,2024-05-13T19:20:51Z,16.295238095238094,7.17,2,129,0.72,1139,6.4,7,0.03859063473655497,29,2020,0.1317152763893174,0.02395706893247301,0.024054982817869375,0.040050590219224295,0.04006046863189723,0.013282732447817821,0.013282732447817852,0.07617792720557821
2020-07-19,Rheinland-Pfalz,0,7,206,25.285714285714285,19.757142857142856,0.9714285714285714,4106485,2024-05-13T03:03:08Z,2024-05-13T19:20:51Z,16.295238095238094,7.72,0,9,0.22,143,3.5,2,0.04808674849428368,29,2020,0.14416804972958525,0.020121028744326766,0.020496894409937877,0.027586206896551745,0.02828854314002828,0.011235955056179765,0.011235955056179763,0.3198915586826464
2020-07-19,Saarland,0,7,385,26.314285714285713,19.17142857142857,1.1857142857142855,982348,2024-05-13T03:03:08Z,2024-05-13T19:20:51Z,16.295238095238094,7.11,0,2,0.2,17,1.7,0,0,29,2020,0.2204778536192392,0.008803728638011417,0.00864699898270601,0.016666666666666687,0.016366612111292977,0,0,0.7909798948311217
2020-07-19,Sachsen,0,0,221,24.914285714285715,18.642857142857142,4.442857142857143,4043002,2024-05-13T03:03:08Z,2024-05-13T19:20:51Z,16.295238095238094,7.42,5,1,0.02,17,0.4,0,0,29,2020,0.1959600741013771,6.843455945252471e-4,6.917223887479684e-4,8.156606851549595e-4,6.59630606860129e-4,0,0,0.7473896343909615
2020-07-19,Sachsen-Anhalt,0,4,109,24.8,18.857142857142858,3.5142857142857147,2169253,2024-05-13T03:03:08Z,2024-05-13T19:20:51Z,16.295238095238094,7.55,6,6,0.28,38,1.8,1,0.04573220228450643,29,2020,0.18128153044453427,0.010786261708770934,0.011083743842364545,0.018126888217522653,0.01834862385321102,0.01612903225806451,0.0161290322580645,0.5289305538935294
2020-07-19,Schleswig-Holstein,0,7,183,20.457142857142856,17.2,0.8,2922005,2024-05-13T03:03:08Z,2024-05-13T19:20:51Z,16.295238095238094,7.3,3,10,0.34,54,1.8,0,0,29,2020,0.1761862113545535,0.020851433536055602,0.020304568527918808,0.058139534883720916,0.05772495755517829,0,0,0.6632929420899868
2020-07-19,Thüringen,0,0,132,22.8,17.34285714285714,0.8142857142857143,2108863,2024-05-13T03:03:08Z,2024-05-13T19:20:51Z,16.295238095238094,7.73,6,5,0.24,29,1.4,0,0,29,2020,0.18736245802122745,0.005038253405486111,0.005116096025186945,0.007518796992481196,0.00792811839323469,0,0,0.6031267990544298
2020-07-26,Baden-Württemberg,0,0,310,27.37142857142857,20.8,0.35714285714285715,11124642,2024-05-13T03:12:42Z,2024-05-13T19:11:51Z,15.985714285714286,7.72,4,46,0.41,500,4.5,3,0.026595138745509075,30,2020,0.20224207996231072,0.015973679191302697,0.015915119363395222,0.017593244194229408,0.017227877838684433,0.007672634271099735,0.007672634271099735,1
2020-07-26,Bayern,0,0,185,26.857142857142858,20.814285714285713,1.657142857142857,13176989,2024-05-13T03:12:42Z,2024-05-13T19:11:51Z,15.985714285714286,7.74,4,32,0.24,675,5.1,4,0.029919084583720442,30,2020,0.16257479683378312,0.020100864553314092,0.019933554817275788,0.0016666666666666616,0.0014641288433382032,0.007142857142857142,0.007142857142857141,0.6133216474732003
2020-07-26,Berlin,0,7,4090,24.485714285714284,18.771428571428572,2.757142857142857,3677472,2024-05-13T03:12:42Z,2024-05-13T19:11:51Z,15.985714285714286,6.88,-4,16,0.44,215,5.8,2,0.05325875687137824,30,2020,0.17096484720320404,0.022160018661068353,0.021879021879021826,0.01662049861495844,0.016811003565970463,0.014184397163120584,0.014184397163120553,0.6269973193560895
2020-07-26,Brandenburg,0,7,85,24.62857142857143,18.485714285714284,1.4714285714285715,2537868,2024-05-13T03:12:42Z,2024-05-13T19:11:51Z,15.985714285714286,7.15,4,8,0.32,61,2.4,1,0.03886309890464355,30,2020,0.13602218209658207,0.012638919154499882,0.012721238938053107,0.02380952380952381,0.024169184290030194,0.012048192771084347,0.012048192771084347,0.3330412538861656
2020-07-26,Bremen,0,7,1629,22.728571428571428,17.400000000000002,1.3142857142857145,676463,2024-05-13T03:12:42Z,2024-05-13T19:11:51Z,15.985714285714286,7.28,-2,7,1.03,29,4.3,0,0,30,2020,0.1261860149142093,0.01624431448992851,0.01626373626373624,0.10144927536231885,0.10098039215686276,0,0,0
2020-07-26,Hamburg,0,7,2438,21.642857142857142,16.65714285714286,1.7,1853935,2024-05-13T03:12:42Z,2024-05-13T19:11:51Z,15.985714285714286,6.73,-4,12,0.65,90,4.9,0,0,30,2020,0.08286605908474523,0.025599481529488002,0.025825825825825814,0.06707317073170734,0.06779661016949154,0,0,0.08020840649442214
2020-07-26,Hessen,0,7,297,26.88571428571429,21.442857142857143,0.6428571428571429,6295017,2024-05-13T03:12:42Z,2024-05-13T19:11:51Z,15.985714285714286,7.32,-3,41,0.65,294,4.7,4,0.06258448906023131,30,2020,0.172809201230038,0.02291825821237587,0.02298236237306255,0.029761904761904746,0.02944325481798714,0.013840830449826997,0.013840830449826973,0.5517591749401262
2020-07-26,Mecklenburg-Vorpommern,0,7,69,21.542857142857144,17.057142857142857,1.0142857142857142,1611160,2024-05-13T03:12:42Z,2024-05-13T19:11:51Z,15.985714285714286,8.16,10,1,0.06,37,2.3,0,0,30,2020,0.15985520348553045,0.026447462473195144,0.026497695852534565,0.00645161290322581,0.006237006237006242,0,0,NA
2020-07-26,Niedersachsen,0,7,167,23.61428571428571,17.757142857142856,1.585714285714286,8027031,2024-05-13T03:12:42Z,2024-05-13T19:11:51Z,15.985714285714286,7.3,-1,14,0.17,238,3,3,0.03685394119732558,30,2020,0.1917073878791428,0.023213472917614927,0.023744292237442937,0.015452538631346588,0.014184397163120557,0.018867924528301893,0.01886792452830189,0.8061763234551772
2020-07-26,Nordrhein-Westfalen,0,7,526,24.271428571428572,18.6,0.8571428571428572,17924591,2024-05-13T03:12:42Z,2024-05-13T19:11:51Z,15.985714285714286,7.13,2,131,0.73,1463,8.2,16,0.08820716511212565,30,2020,0.1317152763893174,0.034306522711301336,0.03436426116838486,0.040893760539628995,0.04081632653061224,0.030360531309297913,0.030360531309297913,0.07617792720557821
2020-07-26,Rheinland-Pfalz,0,7,206,27.057142857142857,21.17142857142857,0.37142857142857144,4106485,2024-05-13T03:12:42Z,2024-05-13T19:11:51Z,15.985714285714286,7.74,0,12,0.29,117,2.8,0,0,30,2020,0.14416804972958525,0.016187594553706493,0.016149068322981363,0.03793103448275863,0.03818953323903818,0,0,0.3198915586826464
2020-07-26,Saarland,0,7,385,29.1,20.65714285714286,0.7571428571428571,982348,2024-05-13T03:12:42Z,2024-05-13T19:11:51Z,15.985714285714286,7.07,-1,0,0,24,2.4,0,0,30,2020,0.2204778536192392,0.012428793371310214,0.01220752797558496,0,0,0,0,0.7909798948311217
2020-07-26,Sachsen,0,7,221,26.442857142857143,19.928571428571427,0.4428571428571429,4043002,2024-05-13T03:12:42Z,2024-05-13T19:11:51Z,15.985714285714286,7.31,4,5,0.12,31,0.8,0,0,30,2020,0.1959600741013771,0.0014827487881380042,0.0016140189070786106,0.004078303425774856,0.003957783641160948,0,0,0.7473896343909615
2020-07-26,Sachsen-Anhalt,0,7,109,24.857142857142858,18.87142857142857,2.2857142857142856,2169253,2024-05-13T03:12:42Z,2024-05-13T19:11:51Z,15.985714285714286,7.390000000000001,3,11,0.51,33,1.5,1,0.04573220228450643,30,2020,0.18128153044453427,0.009367016747090545,0.009236453201970458,0.03323262839879154,0.03342070773263434,0.01612903225806451,0.0161290322580645,0.5289305538935294
2020-07-26,Schleswig-Holstein,0,7,183,19.5,16.642857142857142,2.9,2922005,2024-05-13T03:12:42Z,2024-05-13T19:11:51Z,15.985714285714286,7.140000000000001,1,9,0.31,66,2.3,1,0.03386077128064823,30,2020,0.1761862113545535,0.026064291920069496,0.026649746192893415,0.05232558139534882,0.05263157894736845,0.03125000000000001,0.03125,0.6632929420899868
2020-07-26,Thüringen,0,7,132,24.514285714285712,18.514285714285716,1.4428571428571426,2108863,2024-05-13T03:12:42Z,2024-05-13T19:11:51Z,15.985714285714286,7.59,4,2,0.09,25,1.2,0,0,30,2020,0.18736245802122745,0.004291845493562231,0.004329004329004334,0,0,0,0,0.6031267990544298
2020-08-02,Baden-Württemberg,0,4,310,30.242857142857144,23.014285714285712,0.3857142857142858,11124642,2024-05-13T03:23:17Z,2024-05-13T19:01:08Z,15.63095238095238,7.75,4,35,0.31,517,4.6,6,0.05319027749101815,31,2020,0.20224207996231072,0.01678428380698075,0.016445623342175066,0.00985221674876848,0.00939702427564607,0.01534526854219947,0.01534526854219947,1
2020-08-02,Bayern,0,7,185,29.8,23.17142857142857,4.057142857142858,13176989,2024-05-13T03:23:17Z,2024-05-13T19:01:08Z,15.63095238095238,7.72,3,46,0.35,699,5.3,3,0.022439313437790334,31,2020,0.16257479683378312,0.020965417867435134,0.020882771713336506,0.009444444444444427,0.009516837481698409,0.0053571428571428485,0.00535714285714288,0.6133216474732003
2020-08-02,Berlin,0,7,4090,25.88571428571429,20.285714285714285,0.4000000000000001,3677472,2024-05-13T03:23:17Z,2024-05-13T19:01:08Z,15.63095238095238,6.97,-3,19,0.52,334,9.1,0,0,31,2020,0.17096484720320404,0.03603918824352696,0.03603603603603601,0.02077562326869805,0.02088639836984209,0,0,0.6269973193560895
2020-08-02,Brandenburg,0,7,85,25.9,19.87142857142857,0.3857142857142857,2537868,2024-05-13T03:23:17Z,2024-05-13T19:01:08Z,15.63095238095238,7.21,5,3,0.12,32,1.3,0,0,31,2020,0.13602218209658207,0.006319459577249927,0.0066371681415929385,0.008928571428571437,0.009063444108761323,0,0,0.3330412538861656
2020-08-02,Bremen,0,7,1629,24.4,18.771428571428572,0.2,676463,2024-05-13T03:23:17Z,2024-05-13T19:01:08Z,15.63095238095238,7.33,-2,3,0.44,35,5.2,1,0.14601439117839454,31,2020,0.1261860149142093,0.020142949967511356,0.020219780219780232,0.0434782608695652,0.04313725490196078,0.05,0.049999999999999975,0
2020-08-02,Hamburg,0,7,2438,23.057142857142857,18,0.5571428571428572,1853935,2024-05-13T03:23:17Z,2024-05-13T19:01:08Z,15.63095238095238,6.96,-1,8,0.43,112,6,0,0,31,2020,0.08286605908474523,0.03272845106934543,0.03243243243243242,0.042682926829268296,0.04293785310734464,0,0,0.08020840649442214
2020-08-02,Hessen,0,7,297,29.642857142857142,23.52857142857143,0.8714285714285714,6295017,2024-05-13T03:23:17Z,2024-05-13T19:01:08Z,15.63095238095238,7.35,-2,42,0.67,428,6.8,2,0.03129224453011566,31,2020,0.172809201230038,0.03429250488074019,0.034206306787814014,0.030612244897959186,0.030513918629550326,0.0069204152249134985,0.0069204152249135,0.5517591749401262
2020-08-02,Mecklenburg-Vorpommern,0,6,69,22.957142857142856,18.214285714285715,0.7714285714285715,1611160,2024-05-13T03:23:17Z,2024-05-13T19:01:08Z,15.63095238095238,8.2,11,4,0.25,36,2.2,0,0,31,2020,0.15985520348553045,0.02573266619013581,0.02534562211981566,0.02580645161290323,0.025987525987525985,0,0,NA
2020-08-02,Niedersachsen,0,7,167,24.957142857142856,19.2,0.4571428571428571,8027031,2024-05-13T03:23:17Z,2024-05-13T19:01:08Z,15.63095238095238,7.31,-1,19,0.24,345,4.3,2,0.02456929413155039,31,2020,0.1917073878791428,0.03538916704597178,0.035616438356164404,0.02649006622516556,0.02659574468085106,0.012578616352201252,0.01257861635220125,0.8061763234551772
2020-08-02,Nordrhein-Westfalen,0,7,526,28.014285714285712,21.61428571428571,0.07142857142857142,17924591,2024-05-13T03:23:17Z,2024-05-13T19:01:08Z,15.63095238095238,7.18,2,151,0.84,1807,10.1,6,0.03307768691704712,31,2020,0.1317152763893174,0.04529483166166228,0.04524627720504005,0.049325463743676204,0.049130763416477714,0.011385199240986717,0.011385199240986748,0.07617792720557821
2020-08-02,Rheinland-Pfalz,0,7,206,30.17142857142857,23.585714285714285,0.02857142857142857,4106485,2024-05-13T03:23:17Z,2024-05-13T19:01:08Z,15.63095238095238,7.73,0,6,0.15,116,2.8,1,0.02404337424714184,31,2020,0.14416804972958525,0.016036308623298048,0.016149068322981363,0.017241379310344827,0.01838755304101838,0.00561797752808987,0.005617977528089869,0.3198915586826464
2020-08-02,Saarland,0,7,385,31.757142857142856,22.514285714285716,0.24285714285714283,982348,2024-05-13T03:23:17Z,2024-05-13T19:01:08Z,15.63095238095238,7.13,0,0,0,31,3.2,0,0,31,2020,0.2204778536192392,0.01605385810460901,0.016276703967446602,0,0,0,0,0.7909798948311217
2020-08-02,Sachsen,0,7,221,29.57142857142857,22.1,1.585714285714286,4043002,2024-05-13T03:23:17Z,2024-05-13T19:01:08Z,15.63095238095238,7.35,4,2,0.05,31,0.8,0,0,31,2020,0.1959600741013771,0.0014827487881380042,0.0016140189070786106,0.001631321370309948,0.0016490765171503804,0,0,0.7473896343909615
2020-08-02,Sachsen-Anhalt,0,7,109,26.357142857142858,20.1,1.7571428571428571,2169253,2024-05-13T03:23:17Z,2024-05-13T19:01:08Z,15.63095238095238,7.43,4,5,0.23,42,1.9,1,0.04573220228450643,31,2020,0.18128153044453427,0.011921657678115231,0.011699507389162556,0.015105740181268878,0.015072083879423324,0.01612903225806451,0.0161290322580645,0.5289305538935294
2020-08-02,Schleswig-Holstein,0,7,183,20.1,17.185714285714287,1.2142857142857142,2922005,2024-05-13T03:23:17Z,2024-05-13T19:01:08Z,15.63095238095238,7.28,3,16,0.55,154,5.3,1,0.03386077128064823,31,2020,0.1761862113545535,0.06429192006950478,0.06472081218274114,0.09302325581395347,0.09337860780984723,0.03125000000000001,0.03125,0.6632929420899868
2020-08-02,Thüringen,0,7,132,26.88571428571429,20.542857142857144,0.4285714285714286,2108863,2024-05-13T03:23:17Z,2024-05-13T19:01:08Z,15.63095238095238,7.56,4,7,0.33,30,1.4,0,0,31,2020,0.18736245802122745,0.005224855383467062,0.005116096025186945,0.01253132832080201,0.012684989429175496,0,0,0.6031267990544298
2020-08-09,Baden-Württemberg,0,7,310,27.285714285714285,20.4,1.0714285714285714,11124642,2024-05-13T03:34:25Z,2024-05-13T18:48:51Z,15.24047619047619,7.71,3,33,0.3,445,4,9,0.07978541623652724,32,2020,0.20224207996231072,0.013351134846461964,0.013262599469496029,0.008444757213230136,0.0086139389193422,0.023017902813299237,0.023017902813299206,1
2020-08-09,Bayern,1,7,185,24.37142857142857,19.042857142857144,7.2857142857142865,13176989,2024-05-13T03:34:25Z,2024-05-13T18:48:51Z,15.24047619047619,7.72,3,31,0.24,743,5.6,5,0.03739885572965055,32,2020,0.16257479683378312,0.022550432276657033,0.022306597057427636,0.0011111111111111194,0.0014641288433382032,0.008928571428571435,0.008928571428571435,0.6133216474732003
2020-08-09,Berlin,0,5,4090,30.214285714285715,23.15714285714286,0.07142857142857144,3677472,2024-05-13T03:34:25Z,2024-05-13T18:48:51Z,15.24047619047619,7.15,-1,17,0.46,377,10.3,1,0.02662937843568912,32,2020,0.17096484720320404,0.0410543503615582,0.041184041184041176,0.018005540166204995,0.017829852266938378,0.007092198581560278,0.007092198581560277,0.6269973193560895
2020-08-09,Brandenburg,0,6,85,30.17142857142857,22.857142857142858,0,2537868,2024-05-13T03:34:25Z,2024-05-13T18:48:51Z,15.24047619047619,7.32,7,18,0.71,70,2.8,1,0.03886309890464355,32,2020,0.13602218209658207,0.014600130747439523,0.014933628318584077,0.053571428571428596,0.05362537764350451,0.012048192771084347,0.012048192771084347,0.3330412538861656
2020-08-09,Bremen,0,7,1629,29.142857142857142,22.11428571428571,0,676463,2024-05-13T03:34:25Z,2024-05-13T18:48:51Z,15.24047619047619,7.47,0,0,0,21,3.1,0,0,32,2020,0.1261860149142093,0.011046133853151383,0.010989010989010981,0,0,0,0,0
2020-08-09,Hamburg,0,3,2438,28.38571428571429,21.571428571428573,0,1853935,2024-05-13T03:34:25Z,2024-05-13T18:48:51Z,15.24047619047619,7.24,3,11,0.59,271,14.6,1,0.05285071470021489,32,2020,0.08286605908474523,0.08425145819831495,0.08408408408408408,0.06097560975609755,0.061016949152542355,0.01694915254237288,0.016949152542372843,0.08020840649442214
2020-08-09,Hessen,0,7,297,30.485714285714284,23.47142857142857,0.3857142857142858,6295017,2024-05-13T03:34:25Z,2024-05-13T18:48:51Z,15.24047619047619,7.38,-2,41,0.65,599,9.5,5,0.07823061132528913,32,2020,0.172809201230038,0.04880740174857822,0.04863709246392304,0.029761904761904746,0.02944325481798714,0.01730103806228373,0.017301038062283735,0.5517591749401262
2020-08-09,Mecklenburg-Vorpommern,0,0,69,27.771428571428572,21.47142857142857,0,1611160,2024-05-13T03:34:25Z,2024-05-13T18:48:51Z,15.24047619047619,8.48,14,3,0.19,60,3.7,0,0,32,2020,0.15985520348553045,0.04288777698355969,0.04262672811059907,0.01935483870967743,0.019750519750519745,0,0,NA
2020-08-09,Niedersachsen,0,7,167,29.97142857142857,22.414285714285715,0.7000000000000001,8027031,2024-05-13T03:34:25Z,2024-05-13T18:48:51Z,15.24047619047619,7.38,0,14,0.17,433,5.4,1,0.012284647065775195,32,2020,0.1917073878791428,0.045402822030040965,0.045662100456621,0.015452538631346588,0.014184397163120557,0.006289308176100611,0.0062893081761006405,0.8061763234551772
2020-08-09,Nordrhein-Westfalen,0,7,526,31.085714285714285,23.6,0.01428571428571428,17924591,2024-05-13T03:34:25Z,2024-05-13T18:48:51Z,15.24047619047619,7.29,4,199,1.11,2396,13.4,20,0.11025895639015704,32,2020,0.1317152763893174,0.06410911646329777,0.06414662084765173,0.06956155143338953,0.06953892668178384,0.037950664136622396,0.037950664136622396,0.07617792720557821
2020-08-09,Rheinland-Pfalz,0,7,206,30.514285714285712,23.985714285714284,0,4106485,2024-05-13T03:34:25Z,2024-05-13T18:48:51Z,15.24047619047619,7.73,0,15,0.37,278,6.8,0,0,32,2020,0.14416804972958525,0.04054462934947049,0.040993788819875754,0.048275862068965544,0.04950495049504947,0,0,0.3198915586826464
2020-08-09,Saarland,0,7,385,30.742857142857144,22.47142857142857,0,982348,2024-05-13T03:34:25Z,2024-05-13T18:48:51Z,15.24047619047619,7.13,0,2,0.2,39,4,0,0,32,2020,0.2204778536192392,0.020196789228379093,0.020345879959308245,0.016666666666666687,0.016366612111292977,0,0,0.7909798948311217
2020-08-09,Sachsen,0,7,221,28.728571428571428,21.9,0.01428571428571428,4043002,2024-05-13T03:34:25Z,2024-05-13T18:48:51Z,15.24047619047619,7.34,4,9,0.22,107,2.6,0,0,32,2020,0.1959600741013771,0.005816937553464507,0.005764353239566515,0.007340946166394781,0.007255936675461709,0,0,0.7473896343909615
2020-08-09,Sachsen-Anhalt,0,7,109,29.95714285714286,22.52857142857143,1.5714285714285714,2169253,2024-05-13T03:34:25Z,2024-05-13T18:48:51Z,15.24047619047619,7.47,5,10,0.46,36,1.7,0,0,32,2020,0.18128153044453427,0.010218563724098772,0.010467980295566507,0.03021148036253777,0.03014416775884666,0,0,0.5289305538935294
2020-08-09,Schleswig-Holstein,0,6,183,24.9,20.742857142857144,0,2922005,2024-05-13T03:34:25Z,2024-05-13T18:48:51Z,15.24047619047619,7.5,6,7,0.24,120,4.1,2,0.06772154256129646,32,2020,0.1761862113545535,0.049522154648132054,0.04949238578680204,0.04069767441860465,0.04074702886247879,0.06250000000000001,0.0625,0.6632929420899868
2020-08-09,Thüringen,0,7,132,28.585714285714285,21.728571428571428,0.0857142857142857,2108863,2024-05-13T03:34:25Z,2024-05-13T18:48:51Z,15.24047619047619,7.55,3,8,0.38,51,2.4,1,0.04701797873470858,32,2020,0.18736245802122745,0.009143496921067366,0.009051554506099962,0.015037593984962391,0.015327695560253717,0.01098901098901097,0.010989010989010995,0.6031267990544298
2020-08-16,Baden-Württemberg,0,7,310,30.185714285714287,23.414285714285715,1.3571428571428572,11124642,2024-05-13T03:46:00Z,2024-05-13T18:35:00Z,14.816666666666666,7.51,1,37,0.33,771,6.9,1,0.008865046248503027,33,2020,0.20224207996231072,0.028895670417699793,0.028647214854111404,0.011259676284306824,0.010963194988253742,0.0025575447570332344,0.0025575447570332344,1
2020-08-16,Bayern,1,7,185,28.685714285714287,22.785714285714285,0.18571428571428572,13176989,2024-05-13T03:46:00Z,2024-05-13T18:35:00Z,14.816666666666666,7.54,1,38,0.29,1144,8.7,5,0.03739885572965055,33,2020,0.16257479683378312,0.03699567723342938,0.03701945894636928,0.0049999999999999845,0.005124450951683729,0.008928571428571435,0.008928571428571435,0.6133216474732003
2020-08-16,Berlin,0,0,4090,31.27142857142857,25.142857142857142,0.3,3677472,2024-05-13T03:46:00Z,2024-05-13T18:35:00Z,14.816666666666666,7.22,0,22,0.6,544,14.8,0,0,33,2020,0.17096484720320404,0.06053184044786562,0.060489060489060484,0.024930747922437657,0.024961793173713723,0,0,0.6269973193560895
2020-08-16,Brandenburg,0,0,85,31.742857142857144,24.62857142857143,0.05714285714285715,2537868,2024-05-13T03:46:00Z,2024-05-13T18:35:00Z,14.816666666666666,7.390000000000001,8,3,0.12,59,2.3,0,0,33,2020,0.13602218209658207,0.012203094356068851,0.012168141592920364,0.008928571428571437,0.009063444108761323,0,0,0.3330412538861656
2020-08-16,Bremen,0,7,1629,31.485714285714288,24.771428571428572,2.371428571428571,676463,2024-05-13T03:46:00Z,2024-05-13T18:35:00Z,14.816666666666666,7.34,-1,1,0.15,38,5.6,0,0,33,2020,0.1261860149142093,0.022092267706302793,0.021978021978021962,0.01449275362318838,0.014705882352941176,0,0,0
2020-08-16,Hamburg,0,0,2438,31.757142857142856,24.042857142857144,0,1853935,2024-05-13T03:46:00Z,2024-05-13T18:35:00Z,14.816666666666666,7.18,2,5,0.27,195,10.5,2,0.10570142940042979,33,2020,0.08286605908474523,0.0596241088788075,0.05945945945945945,0.024390243902439043,0.02485875706214689,0.03389830508474576,0.03389830508474575,0.08020840649442214
2020-08-16,Hessen,0,5,297,30.814285714285713,24.8,3.9,6295017,2024-05-13T03:46:00Z,2024-05-13T18:35:00Z,14.816666666666666,7.28,-3,37,0.59,772,12.3,1,0.01564612226505783,33,2020,0.172809201230038,0.0634920634920635,0.06360235168359167,0.02636054421768708,0.026231263383297638,0.0034602076124567362,0.0034602076124567367,0.5517591749401262
2020-08-16,Mecklenburg-Vorpommern,0,0,69,30.87142857142857,23.65714285714286,1.2,1611160,2024-05-13T03:46:00Z,2024-05-13T18:35:00Z,14.816666666666666,8.31,12,5,0.31,31,1.9,0,0,33,2020,0.15985520348553045,0.022158684774839177,0.021889400921658978,0.03225806451612904,0.032224532224532226,0,0,NA
2020-08-16,Niedersachsen,0,7,167,30.728571428571428,24.414285714285715,0.18571428571428572,8027031,2024-05-13T03:46:00Z,2024-05-13T18:35:00Z,14.816666666666666,7.29,-1,23,0.29,508,6.3,2,0.02456929413155039,33,2020,0.1917073878791428,0.053937187073281725,0.053881278538812805,0.03532008830022076,0.03546099290780143,0.012578616352201252,0.01257861635220125,0.8061763234551772
2020-08-16,Nordrhein-Westfalen,0,2,526,32.42857142857143,25,3.885714285714286,17924591,2024-05-13T03:46:00Z,2024-05-13T18:35:00Z,14.816666666666666,7.29,4,205,1.14,2893,16.1,16,0.08820716511212565,33,2020,0.1317152763893174,0.0799846674758832,0.07961053837342492,0.0720910623946037,0.07180650037792896,0.030360531309297913,0.030360531309297913,0.07617792720557821
2020-08-16,Rheinland-Pfalz,0,5,206,31.314285714285713,24.314285714285713,1.8142857142857145,4106485,2024-05-13T03:46:00Z,2024-05-13T18:35:00Z,14.816666666666666,7.65,-1,19,0.46,340,8.3,3,0.07213012274142554,33,2020,0.14416804972958525,0.049924357034795766,0.050310559006211175,0.0620689655172414,0.062234794908062226,0.01685393258426966,0.016853932584269656,0.3198915586826464
2020-08-16,Saarland,1,5,385,33.1,24.6,3.757142857142857,982348,2024-05-13T03:46:00Z,2024-05-13T18:35:00Z,14.816666666666666,7.0600000000000005,-1,1,0.1,72,7.3,0,0,33,2020,0.2204778536192392,0.03728638011393061,0.037131230925737536,0.00833333333333336,0.008183306055646471,0,0,0.7909798948311217
2020-08-16,Sachsen,0,7,221,30.32857142857143,23.97142857142857,1.7428571428571429,4043002,2024-05-13T03:46:00Z,2024-05-13T18:35:00Z,14.816666666666666,7.27,3,6,0.15,90,2.2,0,0,33,2020,0.1959600741013771,0.004847447961220418,0.004842056721235872,0.004893964110929845,0.0049472295514512,0,0,0.7473896343909615
2020-08-16,Sachsen-Anhalt,0,7,109,30.11428571428571,24.357142857142858,4.628571428571429,2169253,2024-05-13T03:46:00Z,2024-05-13T18:35:00Z,14.816666666666666,7.35,3,13,0.6,60,2.8,0,0,33,2020,0.18128153044453427,0.01703093954016463,0.01724137931034484,0.03927492447129909,0.03931847968545216,0,0,0.5289305538935294
2020-08-16,Schleswig-Holstein,0,0,183,22.942857142857143,20.685714285714287,0,2922005,2024-05-13T03:46:00Z,2024-05-13T18:35:00Z,14.816666666666666,7.55,6,14,0.48,207,7.1,0,0,33,2020,0.1761862113545535,0.08731537793223285,0.08756345177664976,0.0813953488372093,0.08149405772495757,0,0,0.6632929420899868
2020-08-16,Thüringen,0,7,132,26.857142857142858,21.82857142857143,7.1000000000000005,2108863,2024-05-13T03:46:00Z,2024-05-13T18:35:00Z,14.816666666666666,7.41,2,7,0.33,70,3.3,3,0.14105393620412573,33,2020,0.18736245802122745,0.012688934502705728,0.012593467138921698,0.01253132832080201,0.012684989429175496,0.03296703296703296,0.032967032967032975,0.6031267990544298
2020-08-23,Baden-Württemberg,0,7,310,27.38571428571429,21.228571428571428,4.071428571428571,11124642,2024-05-13T03:57:42Z,2024-05-13T18:20:34Z,14.38095238095238,7.46,0,59,0.53,1570,14.1,2,0.017730092497006054,34,2020,0.20224207996231072,0.06699408735456801,0.06684350132625995,0.026741731175228715,0.026624902114330468,0.005115089514066501,0.005115089514066501,1
2020-08-23,Bayern,0,7,185,26.271428571428572,21.11428571428571,2.1714285714285717,13176989,2024-05-13T03:57:42Z,2024-05-13T18:20:34Z,14.38095238095238,7.53,1,51,0.39,2141,16.2,2,0.014959542291860221,34,2020,0.16257479683378312,0.0729106628242075,0.0726150925486474,0.012222222222222207,0.012445095168374816,0.003571428571428587,0.0035714285714285865,0.6133216474732003
2020-08-23,Berlin,0,0,4090,29.085714285714285,23.12857142857143,1.0714285714285716,3677472,2024-05-13T03:57:42Z,2024-05-13T18:20:34Z,14.38095238095238,7.15,-1,25,0.68,467,12.7,1,0.02662937843568912,34,2020,0.17096484720320404,0.05155120130627478,0.05148005148005143,0.0290858725761773,0.029037187977585352,0.007092198581560278,0.007092198581560277,0.6269973193560895
2020-08-23,Brandenburg,0,0,85,29.4,22.757142857142856,0.9,2537868,2024-05-13T03:57:42Z,2024-05-13T18:20:34Z,14.38095238095238,7.4,8,4,0.16,103,4.1,0,0,34,2020,0.13602218209658207,0.021791239921551513,0.02212389380530973,0.011904761904761906,0.012084592145015097,0,0,0.3330412538861656
2020-08-23,Bremen,0,7,1629,25.428571428571427,20.057142857142857,7.257142857142857,676463,2024-05-13T03:57:42Z,2024-05-13T18:20:34Z,14.38095238095238,7.25,-3,2,0.3,58,8.6,0,0,34,2020,0.1261860149142093,0.03508771929824561,0.03516483516483518,0.02898550724637679,0.029411764705882353,0,0,0
2020-08-23,Hamburg,0,0,2438,26.37142857142857,20.742857142857144,1.3857142857142857,1853935,2024-05-13T03:57:42Z,2024-05-13T18:20:34Z,14.38095238095238,7.0200000000000005,0,11,0.59,171,9.2,1,0.05285071470021489,34,2020,0.08286605908474523,0.05184705119896304,0.05165165165165163,0.06097560975609755,0.061016949152542355,0.01694915254237288,0.016949152542372843,0.08020840649442214
2020-08-23,Hessen,0,0,297,28.17142857142857,22.757142857142856,2.9714285714285715,6295017,2024-05-13T03:57:42Z,2024-05-13T18:20:34Z,14.38095238095238,7.54,1,58,0.92,1140,18.1,2,0.03129224453011566,34,2020,0.172809201230038,0.09472880061115356,0.09460181721004812,0.04421768707482991,0.043897216274089934,0.0069204152249134985,0.0069204152249135,0.5517591749401262
2020-08-23,Mecklenburg-Vorpommern,0,0,69,26.442857142857143,21.085714285714285,1.042857142857143,1611160,2024-05-13T03:57:42Z,2024-05-13T18:20:34Z,14.38095238095238,8.3,12,0,0,23,1.4,0,0,34,2020,0.15985520348553045,0.016440314510364547,0.016129032258064512,0,0,0,0,NA
2020-08-23,Niedersachsen,0,7,167,26.242857142857144,21.257142857142856,2.471428571428571,8027031,2024-05-13T03:57:42Z,2024-05-13T18:20:34Z,14.38095238095238,7.27,-2,26,0.32,664,8.3,4,0.04913858826310078,34,2020,0.1917073878791428,0.07168866636322256,0.07214611872146119,0.04194260485651215,0.04078014184397165,0.025157232704402503,0.02515723270440253,0.8061763234551772
2020-08-23,Nordrhein-Westfalen,0,0,526,27.34285714285714,21.928571428571427,0.7285714285714285,17924591,2024-05-13T03:57:42Z,2024-05-13T18:20:34Z,14.38095238095238,7.42,6,156,0.87,2291,12.8,22,0.12128485202917276,34,2020,0.1317152763893174,0.06075512681275154,0.06071019473081324,0.05143338954468803,0.05139833711262284,0.04174573055028463,0.04174573055028463,0.07617792720557821
2020-08-23,Rheinland-Pfalz,0,0,206,28.52857142857143,22.585714285714285,1.9571428571428569,4106485,2024-05-13T03:57:42Z,2024-05-13T18:20:34Z,14.38095238095238,7.98,3,32,0.78,489,11.9,1,0.02404337424714184,34,2020,0.14416804972958525,0.0724659606656581,0.07267080745341613,0.10689655172413794,0.10749646393210749,0.00561797752808987,0.005617977528089869,0.3198915586826464
2020-08-23,Saarland,0,0,385,28.5,22.057142857142857,1.5571428571428572,982348,2024-05-13T03:57:42Z,2024-05-13T18:20:34Z,14.38095238095238,7.44,4,1,0.1,74,7.5,0,0,34,2020,0.2204778536192392,0.038322112894873146,0.03814852492370296,0.00833333333333336,0.008183306055646471,0,0,0.7909798948311217
2020-08-23,Sachsen,0,7,221,28.914285714285715,22.257142857142856,2.757142857142857,4043002,2024-05-13T03:57:42Z,2024-05-13T18:20:34Z,14.38095238095238,7.24,3,3,0.07,93,2.3,0,0,34,2020,0.1959600741013771,0.005018534359851737,0.00507263085081852,0.0024469820554649077,0.0023087071240105385,0,0,0.7473896343909615
2020-08-23,Sachsen-Anhalt,0,7,109,28.62857142857143,22.3,0.4571428571428572,2169253,2024-05-13T03:57:42Z,2024-05-13T18:20:34Z,14.38095238095238,7.36,3,8,0.37,60,2.8,1,0.04573220228450643,34,2020,0.18128153044453427,0.01703093954016463,0.01724137931034484,0.02416918429003022,0.024246395806028834,0.01612903225806451,0.0161290322580645,0.5289305538935294
2020-08-23,Schleswig-Holstein,0,0,183,23.02857142857143,20.3,2.0857142857142854,2922005,2024-05-13T03:57:42Z,2024-05-13T18:20:34Z,14.38095238095238,7.43,5,2,0.07,108,3.7,2,0.06772154256129646,34,2020,0.1761862113545535,0.04430929626411816,0.04441624365482234,0.011627906976744172,0.011884550084889669,0.06250000000000001,0.0625,0.6632929420899868
2020-08-23,Thüringen,0,7,132,26.11428571428571,20.985714285714288,1.6,2108863,2024-05-13T03:57:42Z,2024-05-13T18:20:34Z,14.38095238095238,7.52,3,8,0.38,55,2.6,0,0,34,2020,0.18736245802122745,0.009889904832991233,0.009838646202282572,0.015037593984962391,0.015327695560253717,0,0,0.6031267990544298
2020-08-30,Baden-Württemberg,0,7,310,21.685714285714287,17,4.071428571428572,11124642,2024-05-13T04:09:17Z,2024-05-13T18:05:08Z,13.93095238095238,7.390000000000001,-1,59,0.53,1766,15.9,7,0.06205532373952118,35,2020,0.20224207996231072,0.07633988174709139,0.07639257294429706,0.026741731175228715,0.026624902114330468,0.017902813299232736,0.017902813299232705,1
2020-08-30,Bayern,0,7,185,22.585714285714285,18.057142857142857,8.014285714285714,13176989,2024-05-13T04:09:17Z,2024-05-13T18:05:08Z,13.93095238095238,7.43,-1,58,0.44,2180,16.5,4,0.029919084583720442,35,2020,0.16257479683378312,0.07431556195965416,0.07403891789273853,0.016111111111111107,0.01610541727672034,0.007142857142857142,0.007142857142857141,0.6133216474732003
2020-08-30,Berlin,0,0,4090,22.728571428571428,17.65714285714286,3.7285714285714286,3677472,2024-05-13T04:09:17Z,2024-05-13T18:05:08Z,13.93095238095238,7.31,2,19,0.52,478,13,0,0,35,2020,0.17096484720320404,0.05283414975507349,0.05276705276705274,0.02077562326869805,0.02088639836984209,0,0,0.6269973193560895
2020-08-30,Brandenburg,0,0,85,22.8,17.457142857142856,4,2537868,2024-05-13T04:09:17Z,2024-05-13T18:05:08Z,13.93095238095238,7.48,9,3,0.12,71,2.8,0,0,35,2020,0.13602218209658207,0.014818043146655038,0.014933628318584077,0.008928571428571437,0.009063444108761323,0,0,0.3330412538861656
2020-08-30,Bremen,0,3,1629,20.457142857142856,15.942857142857145,2.1,676463,2024-05-13T04:09:17Z,2024-05-13T18:05:08Z,13.93095238095238,7.62,2,3,0.44,90,13.3,0,0,35,2020,0.1261860149142093,0.05588044184535411,0.05582417582417582,0.0434782608695652,0.04313725490196078,0,0,0
2020-08-30,Hamburg,0,0,2438,20.314285714285713,15.857142857142858,3.842857142857143,1853935,2024-05-13T04:09:17Z,2024-05-13T18:05:08Z,13.93095238095238,7.22,3,7,0.38,206,11.1,1,0.05285071470021489,35,2020,0.08286605908474523,0.06318859364873622,0.06306306306306306,0.03658536585365855,0.03728813559322032,0.01694915254237288,0.016949152542372843,0.08020840649442214
2020-08-30,Hessen,0,0,297,22.62857142857143,18.285714285714285,0.3285714285714286,6295017,2024-05-13T04:09:17Z,2024-05-13T18:05:08Z,13.93095238095238,7.66,2,34,0.54,807,12.8,3,0.046938366795173485,35,2020,0.172809201230038,0.06646294881589,0.06627471940138964,0.02380952380952379,0.02355460385438972,0.010380622837370235,0.010380622837370236,0.5517591749401262
2020-08-30,Mecklenburg-Vorpommern,0,0,69,20.02857142857143,16,4.714285714285714,1611160,2024-05-13T04:09:17Z,2024-05-13T18:05:08Z,13.93095238095238,8.32,12,0,0,14,0.9,0,0,35,2020,0.15985520348553045,0.010007147962830597,0.010368663594470043,0,0,0,0,NA
2020-08-30,Niedersachsen,0,3,167,21.285714285714285,16.571428571428573,1.342857142857143,8027031,2024-05-13T04:09:17Z,2024-05-13T18:05:08Z,13.93095238095238,7.48,1,23,0.29,622,7.7,4,0.04913858826310078,35,2020,0.1917073878791428,0.06690942193900772,0.0666666666666667,0.03532008830022076,0.03546099290780143,0.025157232704402503,0.02515723270440253,0.8061763234551772
2020-08-30,Nordrhein-Westfalen,0,0,526,22.128571428571423,17.15714285714286,2,17924591,2024-05-13T04:09:17Z,2024-05-13T18:05:08Z,13.93095238095238,7.54,7,130,0.73,1765,9.8,11,0.06064242601458638,35,2020,0.1317152763893174,0.043953235801443814,0.04352806414662079,0.04047217537942665,0.04081632653061224,0.020872865275142302,0.020872865275142302,0.07617792720557821
2020-08-30,Rheinland-Pfalz,0,0,206,22.65714285714286,18.32857142857143,0.2,4106485,2024-05-13T04:09:17Z,2024-05-13T18:05:08Z,13.93095238095238,8.08,4,25,0.61,408,9.9,1,0.02404337424714184,35,2020,0.14416804972958525,0.060211800302571866,0.06024844720496893,0.0827586206896552,0.08345120226308345,0.00561797752808987,0.005617977528089869,0.3198915586826464
2020-08-30,Saarland,0,0,385,23.985714285714284,17.9,0.9857142857142857,982348,2024-05-13T04:09:17Z,2024-05-13T18:05:08Z,13.93095238095238,7.53,5,3,0.31,74,7.5,0,0,35,2020,0.2204778536192392,0.038322112894873146,0.03814852492370296,0.025000000000000012,0.02536824877250411,0,0,0.7909798948311217
2020-08-30,Sachsen,0,5,221,23.571428571428573,18.714285714285715,8.100000000000001,4043002,2024-05-13T04:09:17Z,2024-05-13T18:05:08Z,13.93095238095238,7.38,5,2,0.05,142,3.5,0,0,35,2020,0.1959600741013771,0.00781294553749644,0.007839520405810447,0.001631321370309948,0.0016490765171503804,0,0,0.7473896343909615
2020-08-30,Sachsen-Anhalt,0,3,109,22.38571428571429,17.5,0.9285714285714286,2169253,2024-05-13T04:09:17Z,2024-05-13T18:05:08Z,13.93095238095238,7.53,5,3,0.14,55,2.5,0,0,35,2020,0.18128153044453427,0.01561169457848424,0.015394088669950755,0.009063444108761327,0.00917431192660551,0,0,0.5289305538935294
2020-08-30,Schleswig-Holstein,0,0,183,19.3,16.728571428571428,8.814285714285715,2922005,2024-05-13T04:09:17Z,2024-05-13T18:05:08Z,13.93095238095238,7.52,6,0,0,118,4,0,0,35,2020,0.1761862113545535,0.04865334491746308,0.04822335025380713,0,0,0,0,0.6632929420899868
2020-08-30,Thüringen,0,6,132,21.12857142857143,16.942857142857143,3.0428571428571427,2108863,2024-05-13T04:09:17Z,2024-05-13T18:05:08Z,13.93095238095238,7.62,4,2,0.09,76,3.6,0,0,35,2020,0.18736245802122745,0.013808546370591536,0.013774104683195601,0,0,0,0,0.6031267990544298
2020-09-06,Baden-Württemberg,0,7,310,21.4,16.34285714285714,2.371428571428571,11124642,2024-05-13T04:21:00Z,2024-05-13T17:49:00Z,13.466666666666669,7.61,2,70,0.63,1755,15.8,1,0.008865046248503027,36,2020,0.20224207996231072,0.07581537287812322,0.07586206896551724,0.03448275862068965,0.03445575567736883,0.0025575447570332344,0.0025575447570332344,1
2020-09-06,Bayern,0,7,185,21.1,16.52857142857143,2.0142857142857147,13176989,2024-05-13T04:21:00Z,2024-05-13T17:49:00Z,13.466666666666669,7.59,1,48,0.36,2153,16.3,4,0.029919084583720442,36,2020,0.16257479683378312,0.073342939481268,0.07308970099667778,0.010555555555555547,0.010248901903367493,0.007142857142857142,0.007142857142857141,0.6133216474732003
2020-09-06,Berlin,0,0,4090,20.542857142857144,16,3.642857142857143,3677472,2024-05-13T04:21:00Z,2024-05-13T17:49:00Z,13.466666666666669,7.23,0,22,0.6,531,14.4,0,0,36,2020,0.17096484720320404,0.05901562864473992,0.05877305877305873,0.024930747922437657,0.024961793173713723,0,0,0.6269973193560895
2020-09-06,Brandenburg,0,0,85,20.57142857142857,15.657142857142857,1.857142857142857,2537868,2024-05-13T04:21:00Z,2024-05-13T17:49:00Z,13.466666666666669,7.45,9,4,0.16,61,2.4,0,0,36,2020,0.13602218209658207,0.012638919154499882,0.012721238938053107,0.011904761904761906,0.012084592145015097,0,0,0.3330412538861656
2020-09-06,Bremen,0,0,1629,19.9,14.814285714285717,2.0285714285714285,676463,2024-05-13T04:21:00Z,2024-05-13T17:49:00Z,13.466666666666669,7.72,4,6,0.89,77,11.4,2,0.2920287823567891,36,2020,0.1261860149142093,0.04743339831059128,0.04747252747252745,0.08695652173913043,0.08725490196078434,0.1,0.09999999999999999,0
2020-09-06,Hamburg,0,0,2438,19.84285714285714,14.614285714285714,3.6,1853935,2024-05-13T04:21:00Z,2024-05-13T17:49:00Z,13.466666666666669,7.16,2,14,0.76,256,13.8,1,0.05285071470021489,36,2020,0.08286605908474523,0.07939079714841217,0.07927927927927927,0.07926829268292684,0.08022598870056497,0.01694915254237288,0.016949152542372843,0.08020840649442214
2020-09-06,Hessen,0,0,297,22.185714285714287,17.042857142857144,1.7285714285714286,6295017,2024-05-13T04:21:00Z,2024-05-13T17:49:00Z,13.466666666666669,7.65,2,49,0.78,685,10.9,4,0.06258448906023131,36,2020,0.172809201230038,0.056107291401409055,0.05611972207375736,0.03656462585034014,0.03640256959314775,0.013840830449826997,0.013840830449826973,0.5517591749401262
2020-09-06,Mecklenburg-Vorpommern,0,0,69,19.742857142857144,15.128571428571428,1.1285714285714288,1611160,2024-05-13T04:21:00Z,2024-05-13T17:49:00Z,13.466666666666669,8.24,11,1,0.06,22,1.4,0,0,36,2020,0.15985520348553045,0.015725518227305228,0.016129032258064512,0.00645161290322581,0.006237006237006242,0,0,NA
2020-09-06,Niedersachsen,0,0,167,20.38571428571429,14.942857142857145,3.257142857142857,8027031,2024-05-13T04:21:00Z,2024-05-13T17:49:00Z,13.466666666666669,7.640000000000001,3,23,0.29,551,6.9,3,0.03685394119732558,36,2020,0.1917073878791428,0.058830223031406455,0.05936073059360731,0.03532008830022076,0.03546099290780143,0.018867924528301893,0.01886792452830189,0.8061763234551772
2020-09-06,Nordrhein-Westfalen,0,0,526,20.62857142857143,15.7,2.085714285714286,17924591,2024-05-13T04:21:00Z,2024-05-13T17:49:00Z,13.466666666666669,7.43,6,120,0.67,1713,9.6,13,0.07166832165360208,36,2020,0.1317152763893174,0.04229221235545902,0.042382588774341305,0.03625632377740304,0.036281179138322,0.02466793168880454,0.02466793168880454,0.07617792720557821
2020-09-06,Rheinland-Pfalz,0,0,206,22.571428571428573,17.014285714285716,1.5428571428571431,4106485,2024-05-13T04:21:00Z,2024-05-13T17:49:00Z,13.466666666666669,8.08,4,18,0.44,306,7.5,0,0,36,2020,0.14416804972958525,0.04478063540090773,0.04534161490683227,0.05862068965517243,0.05940594059405941,0,0,0.3198915586826464
2020-09-06,Saarland,0,0,385,22.95714285714286,16.8,0.27142857142857146,982348,2024-05-13T04:21:00Z,2024-05-13T17:49:00Z,13.466666666666669,7.55,6,1,0.1,44,4.5,1,0.10073881849484116,36,2020,0.2204778536192392,0.022786121180735384,0.022889114954221773,0.00833333333333336,0.008183306055646471,0.021739130434782615,0.02173913043478261,0.7909798948311217
2020-09-06,Sachsen,0,0,221,21.61428571428571,16.542857142857144,0.32857142857142857,4043002,2024-05-13T04:21:00Z,2024-05-13T17:49:00Z,13.466666666666669,7.53,7,7,0.17,200,4.9,0,0,36,2020,0.1959600741013771,0.011120615911035072,0.011067558219967695,0.005709624796084833,0.005606860158311328,0,0,0.7473896343909615
2020-09-06,Sachsen-Anhalt,0,0,109,21.242857142857144,16.15714285714286,0.7428571428571429,2169253,2024-05-13T04:21:00Z,2024-05-13T17:49:00Z,13.466666666666669,7.67,7,3,0.14,45,2.1,1,0.04573220228450643,36,2020,0.18128153044453427,0.012773204655123459,0.012931034482758645,0.009063444108761327,0.00917431192660551,0.01612903225806451,0.0161290322580645,0.5289305538935294
2020-09-06,Schleswig-Holstein,0,0,183,18.2,16.07142857142857,0.9571428571428572,2922005,2024-05-13T04:21:00Z,2024-05-13T17:49:00Z,13.466666666666669,7.51,6,7,0.24,104,3.6,1,0.03386077128064823,36,2020,0.1761862113545535,0.04257167680278018,0.04314720812182741,0.04069767441860465,0.04074702886247879,0.03125000000000001,0.03125,0.6632929420899868
2020-09-06,Thüringen,0,0,132,19.2,14.628571428571428,0.9571428571428572,2108863,2024-05-13T04:21:00Z,2024-05-13T17:49:00Z,13.466666666666669,7.82,7,4,0.19,61,2.9,0,0,36,2020,0.18736245802122745,0.011009516700877029,0.011019283746556476,0.005012531328320789,0.005285412262156467,0,0,0.6031267990544298
2020-09-13,Baden-Württemberg,0,6,310,24.61428571428571,17.571428571428573,0,11124642,2024-05-13T04:32:42Z,2024-05-13T17:32:42Z,13,7.72,4,59,0.53,1613,14.5,3,0.026595138745509075,37,2020,0.20224207996231072,0.06904444020598896,0.06896551724137931,0.026741731175228715,0.026624902114330468,0.007672634271099735,0.007672634271099735,1
2020-09-13,Bayern,0,1,185,23.61428571428571,17.257142857142856,0,13176989,2024-05-13T04:32:42Z,2024-05-13T17:32:42Z,13,7.82,5,79,0.6,2639,20,3,0.022439313437790334,37,2020,0.16257479683378312,0.090850144092219,0.09065021357380164,0.027777777777777773,0.027818448023426073,0.0053571428571428485,0.00535714285714288,0.6133216474732003
2020-09-13,Berlin,0,0,4090,22.87142857142857,16.6,0.24285714285714283,3677472,2024-05-13T04:32:42Z,2024-05-13T17:32:42Z,13,7.73,7,25,0.68,579,15.7,0,0,37,2020,0.17096484720320404,0.06461394914858876,0.06435006435006431,0.0290858725761773,0.029037187977585352,0,0,0.6269973193560895
2020-09-13,Brandenburg,0,0,85,23.47142857142857,16.785714285714285,0.18571428571428572,2537868,2024-05-13T04:32:42Z,2024-05-13T17:32:42Z,13,7.67,12,3,0.12,79,3.1,0,0,37,2020,0.13602218209658207,0.016561342340379162,0.016592920353982306,0.008928571428571437,0.009063444108761323,0,0,0.3330412538861656
2020-09-13,Bremen,0,0,1629,20,15,0.2285714285714286,676463,2024-05-13T04:32:42Z,2024-05-13T17:32:42Z,13,8.01,7,3,0.44,62,9.2,0,0,37,2020,0.1261860149142093,0.037686809616634176,0.03780219780219782,0.0434782608695652,0.04313725490196078,0,0,0
2020-09-13,Hamburg,0,0,2438,19.685714285714287,15.214285714285715,0.31428571428571433,1853935,2024-05-13T04:32:42Z,2024-05-13T17:32:42Z,13,7.54,7,18,0.97,317,17.1,1,0.05285071470021489,37,2020,0.08286605908474523,0.09915748541801683,0.09909909909909911,0.10365853658536585,0.103954802259887,0.01694915254237288,0.016949152542372843,0.08020840649442214
2020-09-13,Hessen,0,0,297,25.557142857142857,18.7,0,6295017,2024-05-13T04:32:42Z,2024-05-13T17:32:42Z,13,7.74,3,35,0.56,710,11.3,4,0.06258448906023131,37,2020,0.172809201230038,0.05822935234699942,0.05825761624799573,0.02465986394557823,0.024625267665952903,0.013840830449826997,0.013840830449826973,0.5517591749401262
2020-09-13,Mecklenburg-Vorpommern,0,0,69,20.485714285714288,15.457142857142856,0.2285714285714286,1611160,2024-05-13T04:32:42Z,2024-05-13T17:32:42Z,13,8.45,14,2,0.12,34,2.1,0,0,37,2020,0.15985520348553045,0.02430307362401716,0.024193548387096767,0.01290322580645162,0.012474012474012483,0,0,NA
2020-09-13,Niedersachsen,0,0,167,21.07142857142857,15.6,0.28571428571428575,8027031,2024-05-13T04:32:42Z,2024-05-13T17:32:42Z,13,7.86,6,20,0.25,635,7.9,2,0.02456929413155039,37,2020,0.1917073878791428,0.06838871187983614,0.06849315068493153,0.028697571743929368,0.028368794326241148,0.012578616352201252,0.01257861635220125,0.8061763234551772
2020-09-13,Nordrhein-Westfalen,0,0,526,22.714285714285715,16,0.04285714285714286,17924591,2024-05-13T04:32:42Z,2024-05-13T17:32:42Z,13,7.52,7,142,0.79,1941,10.8,6,0.03307768691704712,37,2020,0.1317152763893174,0.049575161310930815,0.04925544100801827,0.04553119730185498,0.045351473922902515,0.011385199240986717,0.011385199240986748,0.07617792720557821
2020-09-13,Rheinland-Pfalz,0,0,206,25.957142857142856,19.285714285714285,0,4106485,2024-05-13T04:32:42Z,2024-05-13T17:32:42Z,13,8.13,5,28,0.68,398,9.7,3,0.07213012274142554,37,2020,0.14416804972958525,0.05869894099848714,0.05900621118012421,0.09310344827586209,0.09335219236209336,0.01685393258426966,0.016853932584269656,0.3198915586826464
2020-09-13,Saarland,0,0,385,26.5,17.428571428571427,0.1,982348,2024-05-13T04:32:42Z,2024-05-13T17:32:42Z,13,7.56,6,2,0.2,42,4.3,0,0,37,2020,0.2204778536192392,0.021750388399792882,0.021871820956256356,0.016666666666666687,0.016366612111292977,0,0,0.7909798948311217
2020-09-13,Sachsen,0,0,221,24.82857142857143,17.314285714285713,0.2285714285714286,4043002,2024-05-13T04:32:42Z,2024-05-13T17:32:42Z,13,7.84,11,19,0.47,272,6.7,1,0.02447290262329938,37,2020,0.1959600741013771,0.015226689478186489,0.015217892552455599,0.015497553017944522,0.015501319261213698,0.0025380710659898453,0.0025380710659898453,0.7473896343909615
2020-09-13,Sachsen-Anhalt,0,0,109,23.914285714285715,17.085714285714285,0.05714285714285715,2169253,2024-05-13T04:32:42Z,2024-05-13T17:32:42Z,13,7.92,11,7,0.32,73,3.4,0,0,37,2020,0.18128153044453427,0.020720976440533626,0.020935960591133,0.021148036253776443,0.02096985583224116,0,0,0.5289305538935294
2020-09-13,Schleswig-Holstein,0,0,183,18.314285714285713,15.942857142857145,0.6428571428571429,2922005,2024-05-13T04:32:42Z,2024-05-13T17:32:42Z,13,7.73,9,7,0.24,103,3.5,0,0,37,2020,0.1761862113545535,0.042137271937445694,0.0418781725888325,0.04069767441860465,0.04074702886247879,0,0,0.6632929420899868
2020-09-13,Thüringen,0,0,132,23.5,16.685714285714287,0,2108863,2024-05-13T04:32:42Z,2024-05-13T17:32:42Z,13,8.1,11,9,0.43,105,5,2,0.09403595746941716,37,2020,0.18736245802122745,0.019220003732039564,0.01928374655647384,0.0175438596491228,0.01797040169133194,0.021978021978021966,0.02197802197802199,0.6031267990544298
2020-09-20,Baden-Württemberg,0,0,310,25.642857142857142,17.82857142857143,0,11124642,2024-05-13T04:44:17Z,2024-05-13T17:16:00Z,12.528571428571428,7.890000000000001,6,88,0.79,1923,17.3,4,0.03546018499401211,38,2020,0.20224207996231072,0.0838260537860004,0.08381962864721484,0.04714989444053485,0.046985121378230243,0.010230179028133002,0.010230179028133002,1
2020-09-20,Bayern,0,0,185,24.87142857142857,17.9,0,13176989,2024-05-13T04:44:17Z,2024-05-13T17:16:00Z,12.528571428571428,7.86,5,91,0.69,2979,22.6,3,0.022439313437790334,38,2020,0.16257479683378312,0.10309798270893371,0.1029900332225914,0.03444444444444446,0.034407027818448004,0.0053571428571428485,0.00535714285714288,0.6133216474732003
2020-09-20,Berlin,0,0,4090,24.928571428571427,17.585714285714285,0,3677472,2024-05-13T04:44:17Z,2024-05-13T17:16:00Z,12.528571428571428,7.91,10,39,1.06,820,22.3,1,0.02662937843568912,38,2020,0.17096484720320404,0.0927221833449965,0.09266409266409265,0.04847645429362882,0.04839531329597556,0.007092198581560278,0.007092198581560277,0.6269973193560895
2020-09-20,Brandenburg,0,0,85,25.442857142857143,17.5,0,2537868,2024-05-13T04:44:17Z,2024-05-13T17:16:00Z,12.528571428571428,7.71,13,5,0.2,90,3.5,0,0,38,2020,0.13602218209658207,0.018958378731749836,0.018805309734513276,0.014880952380952375,0.015105740181268902,0,0,0.3330412538861656
2020-09-20,Bremen,0,0,1629,23.15714285714286,15.585714285714284,0,676463,2024-05-13T04:44:17Z,2024-05-13T17:16:00Z,12.528571428571428,8.26,11,4,0.59,82,12.1,0,0,38,2020,0.1261860149142093,0.050682261208576995,0.050549450549450564,0.05797101449275362,0.05784313725490195,0,0,0
2020-09-20,Hamburg,0,0,2438,22.7,15.057142857142855,0,1853935,2024-05-13T04:44:17Z,2024-05-13T17:16:00Z,12.528571428571428,7.85,12,16,0.86,404,21.8,1,0.05285071470021489,38,2020,0.08286605908474523,0.12734931950745298,0.12732732732732735,0.09146341463414635,0.09152542372881353,0.01694915254237288,0.016949152542372843,0.08020840649442214
2020-09-20,Hessen,0,0,297,26.785714285714285,20.12857142857143,0,6295017,2024-05-13T04:44:17Z,2024-05-13T17:16:00Z,12.528571428571428,7.73,3,66,1.05,775,12.3,5,0.07823061132528913,38,2020,0.172809201230038,0.06374671080553435,0.06360235168359167,0.05102040816326531,0.050856531049250545,0.01730103806228373,0.017301038062283735,0.5517591749401262
2020-09-20,Mecklenburg-Vorpommern,0,0,69,23.214285714285715,15.928571428571429,0,1611160,2024-05-13T04:44:17Z,2024-05-13T17:16:00Z,12.528571428571428,8.61,16,8,0.5,51,3.2,0,0,38,2020,0.15985520348553045,0.03645461043602574,0.036866359447004594,0.05161290322580646,0.05197505197505197,0,0,NA
2020-09-20,Niedersachsen,0,0,167,24.7,15.928571428571429,0,8027031,2024-05-13T04:44:17Z,2024-05-13T17:16:00Z,12.528571428571428,7.98,8,30,0.37,1047,13,2,0.02456929413155039,38,2020,0.1917073878791428,0.1152708238507055,0.11506849315068494,0.050772626931567345,0.049645390070922016,0.012578616352201252,0.01257861635220125,0.8061763234551772
2020-09-20,Nordrhein-Westfalen,0,0,526,27.271428571428572,18.75714285714286,0,17924591,2024-05-13T04:44:17Z,2024-05-13T17:16:00Z,12.528571428571428,7.48,7,250,1.39,2941,16.4,15,0.08269421729261779,38,2020,0.1317152763893174,0.08151791988756149,0.08132875143184415,0.09106239460370995,0.090702947845805,0.028462998102466778,0.02846299810246681,0.07617792720557821
2020-09-20,Rheinland-Pfalz,0,0,206,26.814285714285713,20.085714285714285,0,4106485,2024-05-13T04:44:17Z,2024-05-13T17:16:00Z,12.528571428571428,8.13,5,20,0.49,369,9,1,0.02404337424714184,38,2020,0.14416804972958525,0.05431164901664144,0.05465838509316769,0.06551724137931038,0.06647807637906647,0.00561797752808987,0.005617977528089869,0.3198915586826464
2020-09-20,Saarland,0,0,385,28.82857142857143,19.714285714285715,0,982348,2024-05-13T04:44:17Z,2024-05-13T17:16:00Z,12.528571428571428,7.53,5,2,0.2,63,6.4,1,0.10073881849484116,38,2020,0.2204778536192392,0.032625582599689305,0.03255340793489317,0.016666666666666687,0.016366612111292977,0.021739130434782615,0.02173913043478261,0.7909798948311217
2020-09-20,Sachsen,0,0,221,25.771428571428572,17.642857142857142,0,4043002,2024-05-13T04:44:17Z,2024-05-13T17:16:00Z,12.528571428571428,7.94,13,31,0.77,368,9.1,0,0,38,2020,0.1959600741013771,0.02070145423438837,0.020751671662439467,0.025285481239804227,0.025395778364116082,0,0,0.7473896343909615
2020-09-20,Sachsen-Anhalt,0,0,109,26.11428571428571,17.3,0,2169253,2024-05-13T04:44:17Z,2024-05-13T17:16:00Z,12.528571428571428,8.01,12,10,0.46,96,4.4,0,0,38,2020,0.18128153044453427,0.0272495032642634,0.0270935960591133,0.03021148036253777,0.03014416775884666,0,0,0.5289305538935294
2020-09-20,Schleswig-Holstein,0,0,183,19.02857142857143,16.62857142857143,0,2922005,2024-05-13T04:44:17Z,2024-05-13T17:16:00Z,12.528571428571428,7.96,12,11,0.38,195,6.7,0,0,38,2020,0.1761862113545535,0.08210251954821894,0.08248730964467005,0.06395348837209301,0.06451612903225809,0,0,0.6632929420899868
2020-09-20,Thüringen,1,0,132,23.92857142857143,16.857142857142858,0,2108863,2024-05-13T04:44:17Z,2024-05-13T17:16:00Z,12.528571428571428,8.1,11,13,0.62,145,6.9,1,0.04701797873470858,38,2020,0.18736245802122745,0.02668408285127823,0.02676111767020859,0.027568922305764403,0.02801268498942919,0.01098901098901097,0.010989010989010995,0.6031267990544298
2020-09-27,Baden-Württemberg,0,0,310,18.7,13.9,3.371428571428571,11124642,2024-05-13T04:56:08Z,2024-05-13T16:59:08Z,12.05,7.7,3,108,0.97,1779,16,6,0.05319027749101815,39,2020,0.20224207996231072,0.07695975586496283,0.07692307692307691,0.06122448979591836,0.061080657791699335,0.01534526854219947,0.01534526854219947,1
2020-09-27,Bayern,0,0,185,18.34285714285714,13.585714285714284,7.042857142857143,13176989,2024-05-13T04:56:08Z,2024-05-13T16:59:08Z,12.05,7.65,2,102,0.77,2325,17.6,10,0.0747977114593011,39,2020,0.16257479683378312,0.07953890489913544,0.07925961082107265,0.04055555555555556,0.040263543191800887,0.01785714285714287,0.01785714285714287,0.6133216474732003
2020-09-27,Berlin,0,0,4090,20.15714285714286,14.957142857142856,5.957142857142857,3677472,2024-05-13T04:56:08Z,2024-05-13T16:59:08Z,12.05,7.3,1,58,1.58,1088,29.6,1,0.02662937843568912,39,2020,0.17096484720320404,0.1239794728248192,0.12398112398112394,0.07479224376731303,0.07488537952114113,0.007092198581560278,0.007092198581560277,0.6269973193560895
2020-09-27,Brandenburg,0,0,85,20.014285714285716,14.77142857142857,5.5,2537868,2024-05-13T04:56:08Z,2024-05-13T16:59:08Z,12.05,7.43,9,10,0.39,132,5.2,0,0,39,2020,0.13602218209658207,0.02811069949880147,0.028207964601769914,0.02976190476190478,0.029456193353474314,0,0,0.3330412538861656
2020-09-27,Bremen,0,0,1629,19.52857142857143,13.657142857142857,1.2857142857142856,676463,2024-05-13T04:56:08Z,2024-05-13T16:59:08Z,12.05,7.76,4,5,0.74,150,22.2,0,0,39,2020,0.1261860149142093,0.09486679662118257,0.09494505494505492,0.07246376811594203,0.07254901960784316,0,0,0
2020-09-27,Hamburg,0,0,2438,19.557142857142857,13.82857142857143,2.6142857142857143,1853935,2024-05-13T04:56:08Z,2024-05-13T16:59:08Z,12.05,7.33,4,19,1.02,490,26.4,0,0,39,2020,0.08286605908474523,0.15521710952689563,0.15495495495495495,0.10975609756097562,0.1096045197740113,0,0,0.08020840649442214
2020-09-27,Hessen,0,0,297,19.485714285714288,14.985714285714286,3.1857142857142855,6295017,2024-05-13T04:56:08Z,2024-05-13T16:59:08Z,12.05,7.58,1,100,1.59,1005,16,6,0.09387673359034697,39,2020,0.172809201230038,0.08326967150496564,0.08337787279529665,0.07993197278911562,0.07976445396145611,0.02076124567474047,0.020761245674740473,0.5517591749401262
2020-09-27,Mecklenburg-Vorpommern,0,0,69,19.47142857142857,14.2,5.271428571428571,1611160,2024-05-13T04:56:08Z,2024-05-13T16:59:08Z,12.05,8.24,11,3,0.19,49,3,0,0,39,2020,0.15985520348553045,0.035025017869907075,0.03456221198156682,0.01935483870967743,0.019750519750519745,0,0,NA
2020-09-27,Niedersachsen,0,0,167,19.7,14.128571428571428,4.1571428571428575,8027031,2024-05-13T04:56:08Z,2024-05-13T16:59:08Z,12.05,7.63,3,33,0.41,1022,12.7,13,0.15970041185507752,39,2020,0.1917073878791428,0.11242603550295857,0.11232876712328767,0.057395143487858735,0.05673758865248226,0.08176100628930817,0.08176100628930819,0.8061763234551772
2020-09-27,Nordrhein-Westfalen,0,0,526,20.128571428571423,14.628571428571428,5.328571428571428,17924591,2024-05-13T04:56:08Z,2024-05-13T16:59:08Z,12.05,7.32,4,213,1.19,3386,18.9,21,0.1157719042096649,39,2020,0.1317152763893174,0.09573244745416214,0.09564719358533787,0.0754637436762226,0.07558578987150416,0.0398481973434535,0.0398481973434535,0.07617792720557821
2020-09-27,Rheinland-Pfalz,0,0,206,19.228571428571428,15.085714285714284,2.9428571428571426,4106485,2024-05-13T04:56:08Z,2024-05-13T16:59:08Z,12.05,8.03,4,29,0.71,429,10.4,3,0.07213012274142554,39,2020,0.14416804972958525,0.06338880484114977,0.06335403726708072,0.09655172413793106,0.09759547383309759,0.01685393258426966,0.016853932584269656,0.3198915586826464
2020-09-27,Saarland,0,0,385,19.442857142857143,13.871428571428572,6.128571428571429,982348,2024-05-13T04:56:08Z,2024-05-13T16:59:08Z,12.05,7.36,3,5,0.51,62,6.3,0,0,39,2020,0.2204778536192392,0.032107716209218054,0.03204476093591048,0.041666666666666664,0.04173486088379708,0,0,0.7909798948311217
2020-09-27,Sachsen,0,0,221,20.67142857142857,14.685714285714289,6.828571428571428,4043002,2024-05-13T04:56:08Z,2024-05-13T16:59:08Z,12.05,7.53,7,51,1.26,418,10.3,7,0.17131031836309565,39,2020,0.1959600741013771,0.023552894211576858,0.023518561217431393,0.04159869494290374,0.041556728232189956,0.017766497461928932,0.017766497461928932,0.7473896343909615
2020-09-27,Sachsen-Anhalt,0,0,109,20.442857142857143,14.742857142857142,5.828571428571428,2169253,2024-05-13T04:56:08Z,2024-05-13T16:59:08Z,12.05,7.72,8,17,0.78,159,7.3,1,0.04573220228450643,39,2020,0.18128153044453427,0.04513198978143626,0.04495073891625618,0.0513595166163142,0.05111402359108782,0.01612903225806451,0.0161290322580645,0.5289305538935294
2020-09-27,Schleswig-Holstein,0,0,183,18.557142857142857,15.8,1.3571428571428572,2922005,2024-05-13T04:56:08Z,2024-05-13T16:59:08Z,12.05,7.58,7,14,0.48,260,8.9,0,0,39,2020,0.1761862113545535,0.1103388357949609,0.11040609137055839,0.0813953488372093,0.08149405772495757,0,0,0.6632929420899868
2020-09-27,Thüringen,0,0,132,18.785714285714285,13.785714285714285,5.1571428571428575,2108863,2024-05-13T04:56:08Z,2024-05-13T16:59:08Z,12.05,7.73,6,12,0.57,116,5.5,1,0.04701797873470858,39,2020,0.18736245802122745,0.021272625489830204,0.02125147579693034,0.025062656641603995,0.025369978858350968,0.01098901098901097,0.010989010989010995,0.6031267990544298
2020-10-04,Baden-Württemberg,1,0,310,17.314285714285713,12,0.7857142857142858,11124642,2024-05-13T05:08:00Z,2024-05-13T16:42:51Z,11.58095238095238,7.65,3,108,0.97,2021,18.2,11,0.09751550873353329,40,2020,0.20224207996231072,0.08849895098226207,0.0885941644562334,0.06122448979591836,0.061080657791699335,0.028132992327365738,0.028132992327365706,1
2020-10-04,Bayern,1,0,185,16.84285714285714,11.9,0.6714285714285715,13176989,2024-05-13T05:08:00Z,2024-05-13T16:42:51Z,11.58095238095238,7.640000000000001,2,102,0.77,2298,17.4,14,0.10471679604302156,40,2020,0.16257479683378312,0.07856628242074927,0.07831039392501188,0.04055555555555556,0.040263543191800887,0.025000000000000012,0.02500000000000001,0.6133216474732003
2020-10-04,Berlin,1,0,4090,19.085714285714285,14.085714285714284,0,3677472,2024-05-13T05:08:00Z,2024-05-13T16:42:51Z,11.58095238095238,7.25,1,79,2.15,1470,40,3,0.07988813530706736,40,2020,0.17096484720320404,0.16853277350128296,0.16859716859716856,0.1038781163434903,0.10392256749872646,0.02127659574468086,0.02127659574468083,0.6269973193560895
2020-10-04,Brandenburg,1,0,85,19.228571428571428,13.585714285714284,0,2537868,2024-05-13T05:08:00Z,2024-05-13T16:42:51Z,11.58095238095238,7.36,8,21,0.83,230,9.1,0,0,40,2020,0.13602218209658207,0.04946611462192198,0.04977876106194688,0.0625,0.06268882175226585,0,0,0.3330412538861656
2020-10-04,Bremen,1,0,1629,17.371428571428574,13.5,0.08571428571428572,676463,2024-05-13T05:08:00Z,2024-05-13T16:42:51Z,11.58095238095238,7.48,0,11,1.63,242,35.8,0,0,40,2020,0.1261860149142093,0.15464587394411955,0.15472527472527473,0.15942028985507245,0.15980392156862744,0,0,0
2020-10-04,Hamburg,1,0,2438,17.32857142857143,13.728571428571428,0,1853935,2024-05-13T05:08:00Z,2024-05-13T16:42:51Z,11.58095238095238,7.13,1,23,1.24,615,33.2,3,0.1585521441006447,40,2020,0.08286605908474523,0.19572261827608553,0.1957957957957958,0.13414634146341464,0.1344632768361582,0.05084745762711864,0.05084745762711862,0.08020840649442214
2020-10-04,Hessen,1,0,297,16.757142857142856,12.971428571428572,0.8428571428571429,6295017,2024-05-13T05:08:00Z,2024-05-13T16:42:51Z,11.58095238095238,7.53,0,80,1.27,1291,20.5,1,0.01564612226505783,40,2020,0.172809201230038,0.10754604872251933,0.10742918225547836,0.06292517006802721,0.06263383297644538,0.0034602076124567362,0.0034602076124567367,0.5517591749401262
2020-10-04,Mecklenburg-Vorpommern,1,0,69,18.2,13.542857142857144,0.01428571428571428,1611160,2024-05-13T05:08:00Z,2024-05-13T16:42:51Z,11.58095238095238,8.24,11,7,0.43,126,7.8,0,0,40,2020,0.15985520348553045,0.09006433166547534,0.08986175115207373,0.04516129032258065,0.0446985446985447,0,0,NA
2020-10-04,Niedersachsen,1,0,167,18.357142857142858,13.971428571428572,0.07142857142857142,8027031,2024-05-13T05:08:00Z,2024-05-13T16:42:51Z,11.58095238095238,7.47,1,33,0.41,1261,15.7,7,0.08599252946042636,40,2020,0.1917073878791428,0.1396222121074192,0.13972602739726026,0.057395143487858735,0.05673758865248226,0.0440251572327044,0.04402515723270439,0.8061763234551772
2020-10-04,Nordrhein-Westfalen,1,0,526,16.52857142857143,13.385714285714286,2.9714285714285715,17924591,2024-05-13T05:08:00Z,2024-05-13T16:42:51Z,11.58095238095238,7.21,3,297,1.66,4376,24.4,19,0.10474600857064921,40,2020,0.1317152763893174,0.12735577844502652,0.127147766323024,0.11087689713322091,0.11111111111111112,0.03605313092979126,0.03605313092979129,0.07617792720557821
2020-10-04,Rheinland-Pfalz,1,0,206,16.45714285714286,12.414285714285716,0.7571428571428571,4106485,2024-05-13T05:08:00Z,2024-05-13T16:42:51Z,11.58095238095238,7.86,2,27,0.66,589,14.3,4,0.09617349698856736,40,2020,0.14416804972958525,0.0875945537065053,0.08757763975155278,0.08965517241379312,0.0905233380480905,0.022471910112359543,0.022471910112359536,0.3198915586826464
2020-10-04,Saarland,1,0,385,16.314285714285713,12.242857142857144,5.5,982348,2024-05-13T05:08:00Z,2024-05-13T16:42:51Z,11.58095238095238,7.34,3,6,0.61,141,14.4,1,0.10073881849484116,40,2020,0.2204778536192392,0.07301916105644746,0.07324516785350965,0.049999999999999996,0.04991816693944352,0.021739130434782615,0.02173913043478261,0.7909798948311217
2020-10-04,Sachsen,1,0,221,19.65714285714286,13.17142857142857,0.37142857142857144,4043002,2024-05-13T05:08:00Z,2024-05-13T16:42:51Z,11.58095238095238,7.51,7,51,1.26,468,11.6,6,0.14683741573979628,40,2020,0.1959600741013771,0.026404334188765328,0.02651602490200598,0.04159869494290374,0.041556728232189956,0.015228426395939085,0.015228426395939085,0.7473896343909615
2020-10-04,Sachsen-Anhalt,1,0,109,19.2,13.17142857142857,0,2169253,2024-05-13T05:08:00Z,2024-05-13T16:42:51Z,11.58095238095238,7.640000000000001,7,11,0.51,150,6.9,1,0.04573220228450643,40,2020,0.18128153044453427,0.042577348850411575,0.04248768472906406,0.03323262839879154,0.03342070773263434,0.01612903225806451,0.0161290322580645,0.5289305538935294
2020-10-04,Schleswig-Holstein,1,0,183,16.442857142857143,14.585714285714284,1.5,2922005,2024-05-13T05:08:00Z,2024-05-13T16:42:51Z,11.58095238095238,7.42,5,9,0.31,234,8,1,0.03386077128064823,40,2020,0.1761862113545535,0.09904430929626411,0.09898477157360407,0.05232558139534882,0.05263157894736845,0.03125000000000001,0.03125,0.6632929420899868
2020-10-04,Thüringen,1,0,132,17.42857142857143,12.057142857142855,0.02857142857142857,2108863,2024-05-13T05:08:00Z,2024-05-13T16:42:51Z,11.58095238095238,7.69,5,15,0.71,150,7.1,1,0.04701797873470858,40,2020,0.18736245802122745,0.027617092741183062,0.02754820936639118,0.03258145363408521,0.032769556025369996,0.01098901098901097,0.010989010989010995,0.6031267990544298
2020-10-11,Baden-Württemberg,0,0,310,14.957142857142856,11.042857142857144,1.5,11124642,2024-05-13T05:20:08Z,2024-05-13T16:26:42Z,11.10952380952381,7.77,4,156,1.4,3626,32.6,14,0.12411064747904237,41,2020,0.20224207996231072,0.16502956322716003,0.16498673740053046,0.09500351864883885,0.0947533281127643,0.03580562659846547,0.035805626598465444,1
2020-10-11,Bayern,0,0,185,14.457142857142856,11.042857142857144,4.2,13176989,2024-05-13T05:20:08Z,2024-05-13T16:26:42Z,11.10952380952381,7.72,3,181,1.37,3531,26.8,13,0.09723702489709143,41,2020,0.16257479683378312,0.12298270893371756,0.12292358803986714,0.08444444444444445,0.0841874084919473,0.02321428571428572,0.023214285714285715,0.6133216474732003
2020-10-11,Berlin,0,0,4090,14.985714285714286,11.428571428571429,1.7428571428571429,3677472,2024-05-13T05:20:08Z,2024-05-13T16:26:42Z,11.10952380952381,7.11,-1,141,3.83,2367,64.4,3,0.07988813530706736,41,2020,0.17096484720320404,0.2731513879169582,0.2732732732732733,0.18975069252077562,0.1895058583800306,0.02127659574468086,0.02127659574468083,0.6269973193560895
2020-10-11,Brandenburg,0,0,85,14.028571428571428,10.585714285714284,2.0714285714285716,2537868,2024-05-13T05:20:08Z,2024-05-13T16:26:42Z,11.10952380952381,7.31,7,43,1.69,399,15.7,1,0.03886309890464355,41,2020,0.13602218209658207,0.08629331008934407,0.08628318584070795,0.1279761904761905,0.12764350453172205,0.012048192771084347,0.012048192771084347,0.3330412538861656
2020-10-11,Bremen,0,0,1629,14.357142857142858,10.82857142857143,3.257142857142857,676463,2024-05-13T05:20:08Z,2024-05-13T16:26:42Z,11.10952380952381,7.55,1,20,2.96,461,68.1,1,0.14601439117839454,41,2020,0.1261860149142093,0.2969460688758934,0.29670329670329665,0.2898550724637681,0.2901960784313726,0.05,0.049999999999999975,0
2020-10-11,Hamburg,0,7,2438,14.614285714285714,10.82857142857143,3.4714285714285715,1853935,2024-05-13T05:20:08Z,2024-05-13T16:26:42Z,11.10952380952381,6.97,-1,26,1.4,679,36.6,5,0.2642535735010744,41,2020,0.08286605908474523,0.21646143875567075,0.21621621621621623,0.15243902439024393,0.15254237288135591,0.0847457627118644,0.08474576271186436,0.08020840649442214
2020-10-11,Hessen,0,7,297,14.714285714285714,11.785714285714285,4.014285714285714,6295017,2024-05-13T05:20:08Z,2024-05-13T16:26:42Z,11.10952380952381,7.55,1,187,2.97,2099,33.3,8,0.12516897812046263,41,2020,0.172809201230038,0.17613105848399968,0.17584179583110635,0.15391156462585032,0.1536402569593148,0.027681660899653966,0.027681660899653973,0.5517591749401262
2020-10-11,Mecklenburg-Vorpommern,0,6,69,13.928571428571429,10.628571428571428,3.785714285714286,1611160,2024-05-13T05:20:08Z,2024-05-13T16:26:42Z,11.10952380952381,7.890000000000001,6,12,0.74,144,8.9,0,0,41,2020,0.15985520348553045,0.10293066476054324,0.10253456221198158,0.07741935483870968,0.07692307692307693,0,0,NA
2020-10-11,Niedersachsen,0,0,167,14.742857142857144,11.457142857142856,2.5,8027031,2024-05-13T05:20:08Z,2024-05-13T16:26:42Z,11.10952380952381,7.53,2,92,1.15,1910,23.8,6,0.07370788239465116,41,2020,0.1917073878791428,0.21347291761492942,0.21369863013698628,0.18763796909492275,0.18794326241134748,0.03773584905660376,0.03773584905660375,0.8061763234551772
2020-10-11,Nordrhein-Westfalen,0,0,526,15.428571428571429,11.82857142857143,1.7714285714285714,17924591,2024-05-13T05:20:08Z,2024-05-13T16:26:42Z,11.10952380952381,7.6,8,491,2.74,6820,38,28,0.15436253894621987,41,2020,0.1317152763893174,0.20542388040631188,0.2050400916380297,0.1926644182124789,0.19274376417233563,0.05313092979127132,0.05313092979127135,0.07617792720557821
2020-10-11,Rheinland-Pfalz,0,0,206,14.471428571428572,11.8,2.157142857142857,4106485,2024-05-13T05:20:08Z,2024-05-13T16:26:42Z,11.10952380952381,8.17,6,59,1.44,945,23,1,0.02404337424714184,41,2020,0.14416804972958525,0.14145234493192133,0.14161490683229813,0.2,0.20084865629420082,0.00561797752808987,0.005617977528089869,0.3198915586826464
2020-10-11,Saarland,0,0,385,14.714285714285714,11.428571428571429,5.114285714285714,982348,2024-05-13T05:20:08Z,2024-05-13T16:26:42Z,11.10952380952381,7.66,7,5,0.51,264,26.9,0,0,41,2020,0.2204778536192392,0.13671672708441224,0.1368260427263479,0.041666666666666664,0.04173486088379708,0,0,0.7909798948311217
2020-10-11,Sachsen,0,0,221,15.757142857142858,12.1,1.2571428571428571,4043002,2024-05-13T05:20:08Z,2024-05-13T16:26:42Z,11.10952380952381,7.48,6,89,2.2,1060,26.2,8,0.19578322098639503,41,2020,0.1959600741013771,0.06016538351867694,0.06017984782107445,0.07259380097879281,0.07255936675461741,0.020304568527918777,0.020304568527918777,0.7473896343909615
2020-10-11,Sachsen-Anhalt,0,0,109,15.514285714285714,11.928571428571429,0.4714285714285714,2169253,2024-05-13T05:20:08Z,2024-05-13T16:26:42Z,11.10952380952381,7.59,6,18,0.83,166,7.7,0,0,41,2020,0.18128153044453427,0.04711893272778881,0.047413793103448273,0.054380664652567974,0.054390563564875496,0,0,0.5289305538935294
2020-10-11,Schleswig-Holstein,0,7,183,13.628571428571428,11.442857142857145,3.3285714285714287,2922005,2024-05-13T05:20:08Z,2024-05-13T16:26:42Z,11.10952380952381,7.17,1,17,0.58,313,10.7,0,0,41,2020,0.1761862113545535,0.13336229365768895,0.13324873096446702,0.09883720930232556,0.09847198641765706,0,0,0.6632929420899868
2020-10-11,Thüringen,0,0,132,13.871428571428572,10.485714285714286,1.3285714285714283,2108863,2024-05-13T05:20:08Z,2024-05-13T16:26:42Z,11.10952380952381,7.63,5,23,1.09,242,11.5,0,0,41,2020,0.18736245802122745,0.044784474715431996,0.044864226682408505,0.05263157894736842,0.0528541226215645,0,0,0.6031267990544298
2020-10-18,Baden-Württemberg,0,0,310,9.657142857142857,7.014285714285714,0.7714285714285715,11124642,2024-05-13T05:32:25Z,2024-05-13T16:10:34Z,10.635714285714286,7.57,2,274,2.46,5576,50.1,26,0.23049120246107868,42,2020,0.20224207996231072,0.2580106809078772,0.2578249336870026,0.1780436312456017,0.17776037588097104,0.06649616368286444,0.06649616368286444,1
2020-10-18,Bayern,0,0,185,9.2,6.728571428571429,2.542857142857143,13176989,2024-05-13T05:32:25Z,2024-05-13T16:10:34Z,10.635714285714286,7.57,1,234,1.78,6391,48.5,27,0.20195382094011297,42,2020,0.16257479683378312,0.2260086455331412,0.2259136212624585,0.1138888888888889,0.11420204978038068,0.04821428571428573,0.04821428571428572,0.6133216474732003
2020-10-18,Berlin,0,7,4090,11.142857142857142,8.82857142857143,1.957142857142857,3677472,2024-05-13T05:32:25Z,2024-05-13T16:10:34Z,10.635714285714286,6.34,-12,181,4.92,3309,90,5,0.1331468921784456,42,2020,0.17096484720320404,0.38301842780499185,0.3830973830973831,0.24515235457063714,0.2450331125827815,0.03546099290780142,0.035460992907801414,0.6269973193560895
2020-10-18,Brandenburg,0,7,85,10.9,8.514285714285714,3.128571428571429,2537868,2024-05-13T05:32:25Z,2024-05-13T16:10:34Z,10.635714285714286,6.79,-1,63,2.48,731,28.8,3,0.11658929671393067,42,2020,0.13602218209658207,0.15864022662889515,0.15873893805309733,0.18750000000000003,0.18731117824773413,0.03614457831325302,0.036144578313253004,0.3330412538861656
2020-10-18,Bremen,0,7,1629,12.557142857142855,8.6,0.27142857142857146,676463,2024-05-13T05:32:25Z,2024-05-13T16:10:34Z,10.635714285714286,6.9,-7,19,2.81,487,72,3,0.4380431735351836,42,2020,0.1261860149142093,0.3138401559454191,0.31384615384615383,0.2753623188405797,0.2754901960784314,0.15,0.15,0
2020-10-18,Hamburg,0,5,2438,12.414285714285716,8.657142857142857,0.7,1853935,2024-05-13T05:32:25Z,2024-05-13T16:10:34Z,10.635714285714286,6.53,-7,41,2.21,997,53.8,3,0.1585521441006447,42,2020,0.08286605908474523,0.3195074530136098,0.31951951951951946,0.24390243902439024,0.24406779661016945,0.05084745762711864,0.05084745762711862,0.08020840649442214
2020-10-18,Hessen,0,6,297,11.785714285714286,8.914285714285715,1.4857142857142855,6295017,2024-05-13T05:32:25Z,2024-05-13T16:10:34Z,10.635714285714286,7.19,-4,253,4.02,3656,58.1,13,0.20339958944575176,42,2020,0.172809201230038,0.30829301417536714,0.3083912346338856,0.21003401360544216,0.2098501070663811,0.04498269896193771,0.04498269896193771,0.5517591749401262
2020-10-18,Mecklenburg-Vorpommern,0,0,69,12.114285714285714,9.057142857142855,0.6142857142857143,1611160,2024-05-13T05:32:25Z,2024-05-13T16:10:34Z,10.635714285714286,7.96,7,29,1.8,277,17.2,1,0.061410802651472814,42,2020,0.15985520348553045,0.1979985704074339,0.19815668202764977,0.1870967741935484,0.18711018711018712,0.045454545454545456,0.04545454545454545,NA
2020-10-18,Niedersachsen,0,7,167,12.114285714285714,8.542857142857143,0.7142857142857143,8027031,2024-05-13T05:32:25Z,2024-05-13T16:10:34Z,10.635714285714286,7.0600000000000005,-4,121,1.51,2980,37.1,18,0.2211236471839535,42,2020,0.1917073878791428,0.33522985889849793,0.33515981735159817,0.25165562913907286,0.25177304964539005,0.11320754716981131,0.11320754716981131,0.8061763234551772
2020-10-18,Nordrhein-Westfalen,0,7,526,12.014285714285714,9.042857142857144,0.1,17924591,2024-05-13T05:32:25Z,2024-05-13T16:10:34Z,10.635714285714286,7.08,1,670,3.74,10650,59.4,31,0.17090138240474342,42,2020,0.1317152763893174,0.3277646457548074,0.32760595647193574,0.2681281618887015,0.2683295540438398,0.05882352941176469,0.05882352941176469,0.07617792720557821
2020-10-18,Rheinland-Pfalz,0,7,206,11.442857142857145,8.442857142857143,0.4857142857142857,4106485,2024-05-13T05:32:25Z,2024-05-13T16:10:34Z,10.635714285714286,7.62,-2,78,1.9,1618,39.4,7,0.1683036197299929,42,2020,0.14416804972958525,0.24326777609682299,0.24347826086956523,0.2655172413793104,0.2659123055162659,0.03932584269662921,0.039325842696629205,0.3198915586826464
2020-10-18,Saarland,0,7,385,11.67142857142857,8.471428571428572,0.22857142857142856,982348,2024-05-13T05:32:25Z,2024-05-13T16:10:34Z,10.635714285714286,7.0600000000000005,-1,26,2.65,689,70.1,0,0,42,2020,0.2204778536192392,0.3568099430346971,0.35656154628687686,0.21666666666666667,0.21685761047463173,0,0,0.7909798948311217
2020-10-18,Sachsen,0,0,221,11,8.5,9.428571428571429,4043002,2024-05-13T05:32:25Z,2024-05-13T16:10:34Z,10.635714285714286,7.19,2,183,4.53,2000,49.5,9,0.2202561236096944,42,2020,0.1959600741013771,0.11377245508982038,0.11390362001383442,0.14926590538336051,0.14940633245382587,0.022842639593908635,0.022842639593908635,0.7473896343909615
2020-10-18,Sachsen-Anhalt,0,0,109,11.5,9,2.0142857142857142,2169253,2024-05-13T05:32:25Z,2024-05-13T16:10:34Z,10.635714285714286,7.35,3,30,1.38,352,16.2,3,0.1371966068535193,42,2020,0.18128153044453427,0.09991484530229916,0.0997536945812808,0.0906344410876133,0.09043250327654,0.04838709677419354,0.04838709677419354,0.5289305538935294
2020-10-18,Schleswig-Holstein,0,6,183,12.214285714285714,10.528571428571428,0,2922005,2024-05-13T05:32:25Z,2024-05-13T16:10:34Z,10.635714285714286,7.0200000000000005,-1,27,0.92,451,15.4,1,0.03386077128064823,42,2020,0.1761862113545535,0.19331016507384882,0.19289340101522845,0.15697674418604649,0.15619694397283534,0.03125000000000001,0.03125,0.6632929420899868
2020-10-18,Thüringen,0,2,132,9.571428571428571,7.314285714285714,5.128571428571428,2108863,2024-05-13T05:32:25Z,2024-05-13T16:10:34Z,10.635714285714286,7.43,2,35,1.66,464,22,8,0.37614382987766865,42,2020,0.18736245802122745,0.08621011382720657,0.08618654073199528,0.08270676691729323,0.08298097251585623,0.0879120879120879,0.0879120879120879,0.6031267990544298
2020-10-25,Baden-Württemberg,0,0,310,16.942857142857143,11.114285714285714,1.2,11124642,2024-05-13T05:45:00Z,2024-05-13T15:55:51Z,10.18095238095238,7.59,2,437,3.93,9659,86.8,42,0.3723319424371271,43,2020,0.20224207996231072,0.4526988365439634,0.45251989389920416,0.2927515833919775,0.2928739232576351,0.10741687979539642,0.10741687979539638,1
2020-10-25,Bayern,0,0,185,16.857142857142858,10.928571428571429,1.1714285714285717,13176989,2024-05-13T05:45:00Z,2024-05-13T15:55:51Z,10.18095238095238,7.55,1,447,3.39,11375,86.3,28,0.20943359208604312,43,2020,0.16257479683378312,0.40554755043227664,0.4053156146179402,0.23222222222222222,0.23206442166910687,0.049999999999999996,0.04999999999999999,0.6133216474732003
2020-10-25,Berlin,0,6,4090,15.514285714285714,12.1,1.6428571428571428,3677472,2024-05-13T05:45:00Z,2024-05-13T15:55:51Z,10.18095238095238,6.37,-11,254,6.91,4791,130.3,9,0.23966440592120208,43,2020,0.17096484720320404,0.555866573361325,0.555984555984556,0.3462603878116344,0.34640855832908823,0.06382978723404256,0.06382978723404253,0.6269973193560895
2020-10-25,Brandenburg,0,6,85,15.157142857142857,11.428571428571429,1.3285714285714283,2537868,2024-05-13T05:45:00Z,2024-05-13T15:55:51Z,10.18095238095238,6.83,0,99,3.9,1220,48.1,12,0.4663571868557227,43,2020,0.13602218209658207,0.2651993898452822,0.26548672566371684,0.29464285714285715,0.29456193353474314,0.1445783132530121,0.14457831325301207,0.3330412538861656
2020-10-25,Bremen,0,6,1629,15.185714285714283,12.171428571428573,1.4,676463,2024-05-13T05:45:00Z,2024-05-13T15:55:51Z,10.18095238095238,6.76,-9,48,7.1,765,113.1,1,0.14601439117839454,43,2020,0.1261860149142093,0.4944769330734243,0.4945054945054944,0.6956521739130435,0.696078431372549,0.05,0.049999999999999975,0
2020-10-25,Hamburg,0,0,2438,15.028571428571428,12.057142857142855,1.8142857142857145,1853935,2024-05-13T05:45:00Z,2024-05-13T15:55:51Z,10.18095238095238,6.63,-6,79,4.26,1857,100.2,3,0.1585521441006447,43,2020,0.08286605908474523,0.5981853532080363,0.5981981981981983,0.475609756097561,0.47570621468926544,0.05084745762711864,0.05084745762711862,0.08020840649442214
2020-10-25,Hessen,0,0,297,15.942857142857145,11.8,2.2,6295017,2024-05-13T05:45:00Z,2024-05-13T15:55:51Z,10.18095238095238,7.47,-1,505,8.02,7024,111.6,34,0.5319681570119662,43,2020,0.172809201230038,0.5941770647653001,0.5943345804382683,0.4243197278911564,0.42398286937901497,0.1176470588235294,0.11764705882352942,0.5517591749401262
2020-10-25,Mecklenburg-Vorpommern,0,0,69,14.385714285714286,11.614285714285714,1.914285714285714,1611160,2024-05-13T05:45:00Z,2024-05-13T15:55:51Z,10.18095238095238,7.87,6,37,2.3,451,28,0,0,43,2020,0.15985520348553045,0.322373123659757,0.3225806451612903,0.2387096774193548,0.23908523908523907,0,0,NA
2020-10-25,Niedersachsen,0,5,167,15.485714285714286,12.585714285714284,2.3,8027031,2024-05-13T05:45:00Z,2024-05-13T15:55:51Z,10.18095238095238,6.91,-6,207,2.58,4647,57.9,18,0.2211236471839535,43,2020,0.1917073878791428,0.524920345926263,0.5251141552511416,0.4415011037527594,0.44148936170212766,0.11320754716981131,0.11320754716981131,0.8061763234551772
2020-10-25,Nordrhein-Westfalen,0,6,526,16.714285714285715,13.528571428571428,2.128571428571429,17924591,2024-05-13T05:45:00Z,2024-05-13T15:55:51Z,10.18095238095238,6.93,-1,1152,6.43,19206,107.1,71,0.3914192951850575,43,2020,0.1317152763893174,0.6010668881364595,0.6008018327605954,0.4713322091062394,0.47165532879818595,0.13472485768500947,0.13472485768500947,0.07617792720557821
2020-10-25,Rheinland-Pfalz,0,5,206,16.17142857142857,12.2,1.0571428571428574,4106485,2024-05-13T05:45:00Z,2024-05-13T15:55:51Z,10.18095238095238,7.54,-3,163,3.97,2751,67,5,0.12021687123570923,43,2020,0.14416804972958525,0.41467473524962184,0.41490683229813663,0.5586206896551724,0.5586987270155587,0.028089887640449437,0.02808988764044943,0.3198915586826464
2020-10-25,Saarland,0,5,385,17.585714285714285,13.5,2.757142857142857,982348,2024-05-13T05:45:00Z,2024-05-13T15:55:51Z,10.18095238095238,7,-2,40,4.07,986,100.4,1,0.10073881849484116,43,2020,0.2204778536192392,0.5106162610046608,0.5106815869786367,0.3333333333333333,0.3330605564648118,0.021739130434782615,0.02173913043478261,0.7909798948311217
2020-10-25,Sachsen,0,7,221,16.257142857142856,11.8,0.2,4043002,2024-05-13T05:45:00Z,2024-05-13T15:55:51Z,10.18095238095238,7.03,0,290,7.17,3525,87.2,20,0.48945805246598756,43,2020,0.1959600741013771,0.20074137439406903,0.20083006686649754,0.23654159869494287,0.23647757255936674,0.05076142131979696,0.05076142131979696,0.7473896343909615
2020-10-25,Sachsen-Anhalt,0,6,109,16.42857142857143,12.571428571428571,2.6714285714285713,2169253,2024-05-13T05:45:00Z,2024-05-13T15:55:51Z,10.18095238095238,7.12,0,65,3,762,35.1,3,0.1371966068535193,43,2020,0.18128153044453427,0.21629293216009082,0.2161330049261084,0.19637462235649547,0.19659239842726087,0.04838709677419354,0.04838709677419354,0.5289305538935294
2020-10-25,Schleswig-Holstein,0,0,183,14.057142857142855,12.071428571428571,1.6142857142857143,2922005,2024-05-13T05:45:00Z,2024-05-13T15:55:51Z,10.18095238095238,7.140000000000001,1,80,2.74,1048,35.9,1,0.03386077128064823,43,2020,0.1761862113545535,0.4526498696785404,0.4530456852791878,0.4651162790697674,0.46519524617996616,0.03125000000000001,0.03125,0.6632929420899868
2020-10-25,Thüringen,0,7,132,15.928571428571429,12.457142857142856,0.3,2108863,2024-05-13T05:45:00Z,2024-05-13T15:55:51Z,10.18095238095238,7.28,0,85,4.03,942,44.7,2,0.09403595746941716,43,2020,0.18736245802122745,0.1754058593021086,0.175521448248721,0.20802005012531327,0.20824524312896406,0.021978021978021966,0.02197802197802199,0.6031267990544298
2020-11-01,Baden-Württemberg,1,6,310,14.028571428571428,10.5,3.1714285714285713,11124642,2024-05-13T05:57:42Z,2024-05-13T15:41:17Z,9.726190476190476,7,-6,711,6.39,14259,128.2,56,0.49644258991616946,44,2020,0.20224207996231072,0.6720389090215526,0.6721485411140582,0.4855735397607319,0.48551292090837894,0.1432225063938619,0.14322250639386186,1
2020-11-01,Bayern,1,2,185,13.5,9.67142857142857,5.357142857142857,13176989,2024-05-13T05:57:42Z,2024-05-13T15:41:17Z,9.726190476190476,7.17,-4,789,5.99,18247,138.5,67,0.5011446667773174,44,2020,0.16257479683378312,0.6530979827089337,0.653061224489796,0.4222222222222223,0.4224011713030747,0.11964285714285715,0.11964285714285713,0.6133216474732003
2020-11-01,Berlin,0,0,4090,13.628571428571428,11.414285714285716,4.0285714285714285,3677472,2024-05-13T05:57:42Z,2024-05-13T15:41:17Z,9.726190476190476,6.37,-11,362,9.84,6246,169.8,13,0.34618191966395856,44,2020,0.17096484720320404,0.725565663634243,0.7254397254397255,0.49584487534626037,0.49566989302088643,0.0921985815602837,0.09219858156028367,0.6269973193560895
2020-11-01,Brandenburg,1,0,85,13.17142857142857,10.714285714285714,4.414285714285714,2537868,2024-05-13T05:57:42Z,2024-05-13T15:41:17Z,9.726190476190476,6.59,-4,154,6.07,1955,77,11,0.4274940879510791,44,2020,0.13602218209658207,0.425365003268686,0.42533185840707965,0.45833333333333337,0.4584592145015105,0.13253012048192775,0.13253012048192772,0.3330412538861656
2020-11-01,Bremen,1,0,1629,14.157142857142857,11.614285714285714,2.628571428571429,676463,2024-05-13T05:57:42Z,2024-05-13T15:41:17Z,9.726190476190476,6.76,-9,35,5.17,1201,177.5,8,1.1681151294271563,44,2020,0.1261860149142093,0.7777777777777778,0.7775824175824176,0.5072463768115942,0.5068627450980392,0.39999999999999997,0.4,0
2020-11-01,Hamburg,1,0,2438,13.7,11.571428571428571,3.4714285714285715,1853935,2024-05-13T05:57:42Z,2024-05-13T15:41:17Z,9.726190476190476,6.34,-10,90,4.85,2678,144.4,2,0.10570142940042979,44,2020,0.08286605908474523,0.8642255346727153,0.8636636636636638,0.5426829268292683,0.5423728813559321,0.03389830508474576,0.03389830508474575,0.08020840649442214
2020-11-01,Hessen,0,0,297,14.042857142857144,11.385714285714286,3.3,6295017,2024-05-13T05:57:42Z,2024-05-13T15:41:17Z,9.726190476190476,7.23,-4,713,11.33,9986,158.6,44,0.6884293796625445,44,2020,0.172809201230038,0.8455988455988457,0.8455371459112774,0.601190476190476,0.6011777301927195,0.15224913494809686,0.1522491349480969,0.5517591749401262
2020-11-01,Mecklenburg-Vorpommern,1,0,69,13.242857142857142,11.057142857142855,3.185714285714286,1611160,2024-05-13T05:57:42Z,2024-05-13T15:41:17Z,9.726190476190476,7.33,-1,43,2.67,740,45.9,2,0.12282160530294563,44,2020,0.15985520348553045,0.5289492494639028,0.5288018433179724,0.27741935483870966,0.27754677754677753,0.09090909090909091,0.0909090909090909,NA
2020-11-01,Niedersachsen,1,0,167,14.414285714285716,12.014285714285714,2.457142857142857,8027031,2024-05-13T05:57:42Z,2024-05-13T15:41:17Z,9.726190476190476,6.87,-7,311,3.87,7489,93.3,23,0.2825468825128295,44,2020,0.1917073878791428,0.848315885298134,0.8484018264840181,0.6710816777041944,0.6702127659574467,0.14465408805031443,0.1446540880503145,0.8061763234551772
2020-11-01,Nordrhein-Westfalen,1,0,526,15.014285714285714,12.757142857142858,2.0428571428571427,17924591,2024-05-13T05:57:42Z,2024-05-13T15:41:17Z,9.726190476190476,7.22,3,1566,8.74,28781,160.6,130,0.7166832165360209,44,2020,0.1317152763893174,0.9069188015076982,0.9072164948453606,0.6458684654300167,0.6462585034013606,0.24667931688804548,0.2466793168880455,0.07617792720557821
2020-11-01,Rheinland-Pfalz,1,0,206,13.785714285714286,11.357142857142858,2.7857142857142856,4106485,2024-05-13T05:57:42Z,2024-05-13T15:41:17Z,9.726190476190476,7.59,-2,207,5.04,4403,107.2,17,0.4087373622014114,44,2020,0.14416804972958525,0.6645990922844175,0.6645962732919255,0.7103448275862069,0.71004243281471,0.0955056179775281,0.09550561797752807,0.3198915586826464
2020-11-01,Saarland,1,0,385,14.72857142857143,12.071428571428571,2.128571428571429,982348,2024-05-13T05:57:42Z,2024-05-13T15:41:17Z,9.726190476190476,7.23,1,70,7.13,1596,162.5,14,1.4103434589277764,44,2020,0.2204778536192392,0.8265147591921285,0.8265513733468971,0.5833333333333334,0.5834697217675942,0.30434782608695654,0.30434782608695654,0.7909798948311217
2020-11-01,Sachsen,1,6,221,13.9,10.971428571428572,2.857142857142857,4043002,2024-05-13T05:57:42Z,2024-05-13T15:41:17Z,9.726190476190476,6.47,-8,514,12.71,6074,150.2,43,1.0523348128018732,44,2020,0.1959600741013771,0.34610778443113777,0.3460917685035738,0.41924959216965735,0.4191952506596306,0.10913705583756346,0.10913705583756346,0.7473896343909615
2020-11-01,Sachsen-Anhalt,1,0,109,14.485714285714286,11.942857142857145,2.5,2169253,2024-05-13T05:57:42Z,2024-05-13T15:41:17Z,9.726190476190476,6.92,-3,84,3.87,1311,60.4,5,0.22866101142253217,44,2020,0.18128153044453427,0.37212602895259717,0.37192118226600984,0.2537764350453173,0.2536041939711665,0.08064516129032256,0.08064516129032256,0.5289305538935294
2020-11-01,Schleswig-Holstein,1,0,183,13.142857142857142,11.414285714285716,2.4857142857142858,2922005,2024-05-13T05:57:42Z,2024-05-13T15:41:17Z,9.726190476190476,6.74,-5,102,3.49,1577,54,11,0.3724684840871305,44,2020,0.1761862113545535,0.6824500434404865,0.682741116751269,0.5930232558139535,0.5925297113752123,0.34375,0.34374999999999994,0.6632929420899868
2020-11-01,Thüringen,1,5,132,12.9,10.571428571428571,1.742857142857143,2108863,2024-05-13T05:57:42Z,2024-05-13T15:41:17Z,9.726190476190476,6.71,-8,106,5.03,1380,65.4,6,0.28210787240825147,44,2020,0.18736245802122745,0.257137525657772,0.2569854388036207,0.2606516290726817,0.2610993657505285,0.06593406593406592,0.06593406593406594,0.6031267990544298
2020-11-08,Baden-Württemberg,0,0,310,13.428571428571429,8.485714285714286,0.2571428571428571,11124642,2024-05-13T06:10:42Z,2024-05-13T15:28:17Z,9.292857142857144,6.97,-7,842,7.57,16850,151.5,80,0.7092036998802421,45,2020,0.20224207996231072,0.7955845889757772,0.7957559681697612,0.5777621393384941,0.5779169929522319,0.20460358056265987,0.20460358056265984,1
2020-11-08,Bayern,0,5,185,12.7,8.757142857142856,1.1285714285714286,13176989,2024-05-13T06:10:42Z,2024-05-13T15:28:17Z,9.292857142857144,6.640000000000001,-11,1108,8.41,23573,178.9,103,0.7704164280308013,45,2020,0.16257479683378312,0.844956772334294,0.8448030374940675,0.5994444444444444,0.5995607613469985,0.18392857142857144,0.1839285714285714,0.6133216474732003
2020-11-08,Berlin,0,0,4090,13.128571428571428,9.442857142857145,0.8571428571428572,3677472,2024-05-13T06:10:42Z,2024-05-13T15:28:17Z,9.292857142857144,6.22,-14,453,12.32,7228,196.5,32,0.8521401099420518,45,2020,0.17096484720320404,0.8400979706088173,0.83998283998284,0.6218836565096953,0.6220071319409068,0.22695035460992907,0.22695035460992902,0.6269973193560895
2020-11-08,Brandenburg,0,0,85,12.385714285714286,8.928571428571429,0.9714285714285712,2537868,2024-05-13T06:10:42Z,2024-05-13T15:28:17Z,9.292857142857144,6.5,-5,163,6.42,2238,88.2,20,0.7772619780928711,45,2020,0.13602218209658207,0.48703421224667687,0.4872787610619469,0.4851190476190477,0.48489425981873113,0.24096385542168677,0.24096385542168675,0.3330412538861656
2020-11-08,Bremen,0,0,1629,12.857142857142858,9.1,0.28571428571428575,676463,2024-05-13T06:10:42Z,2024-05-13T15:28:17Z,9.292857142857144,6.69,-10,39,5.77,1543,228.1,14,2.0442014764975234,45,2020,0.1261860149142093,1,1,0.5652173913043478,0.5656862745098039,0.6999999999999998,0.7,0
2020-11-08,Hamburg,0,0,2438,12.985714285714286,9.757142857142858,0.07142857142857144,1853935,2024-05-13T06:10:42Z,2024-05-13T15:28:17Z,9.292857142857144,6.2,-12,120,6.47,3097,167.1,19,1.0041635793040828,45,2020,0.08286605908474523,1,1,0.725609756097561,0.7254237288135592,0.3220338983050847,0.3220338983050846,0.08020840649442214
2020-11-08,Hessen,0,0,297,12.914285714285716,8.628571428571428,0.42857142857142855,6295017,2024-05-13T06:10:42Z,2024-05-13T15:28:17Z,9.292857142857144,6.73,-10,787,12.5,10892,173,99,1.5489661042407248,45,2020,0.172809201230038,0.9225023342670401,0.9225013361838589,0.6641156462585035,0.6638115631691648,0.34256055363321797,0.34256055363321797,0.5517591749401262
2020-11-08,Mecklenburg-Vorpommern,0,0,69,12.557142857142855,9.414285714285716,0.14285714285714288,1611160,2024-05-13T06:10:42Z,2024-05-13T15:28:17Z,9.292857142857144,7.01,-6,58,3.6,824,51.1,6,0.3684648159088369,45,2020,0.15985520348553045,0.5889921372408864,0.588709677419355,0.3741935483870968,0.3742203742203742,0.2727272727272727,0.2727272727272727,NA
2020-11-08,Niedersachsen,0,0,167,14.085714285714284,9.6,0.21428571428571427,8027031,2024-05-13T06:10:42Z,2024-05-13T15:28:17Z,9.292857142857144,6.76,-9,343,4.27,8822,109.9,70,0.8599252946042636,45,2020,0.1917073878791428,1,1,0.7417218543046358,0.7411347517730494,0.44025157232704404,0.440251572327044,0.8061763234551772
2020-11-08,Nordrhein-Westfalen,0,0,526,14.957142857142856,9.4,0.3428571428571428,17924591,2024-05-13T06:10:42Z,2024-05-13T15:28:17Z,9.292857142857144,6.7700000000000005,-3,1743,9.72,31695,176.8,195,1.0750248248040313,45,2020,0.1317152763893174,1,1,0.7204890387858347,0.7203325774754347,0.37001897533206823,0.37001897533206835,0.07617792720557821
2020-11-08,Rheinland-Pfalz,0,0,206,12.257142857142858,8.557142857142857,0.2571428571428572,4106485,2024-05-13T06:10:42Z,2024-05-13T15:28:17Z,9.292857142857144,7.13,-8,219,5.33,5293,128.9,31,0.7453446016613972,45,2020,0.14416804972958525,0.7992435703479577,0.7993788819875779,0.7517241379310344,0.7510608203677511,0.17415730337078653,0.17415730337078647,0.3198915586826464
2020-11-08,Saarland,0,0,385,14.457142857142856,9.114285714285714,0.2,982348,2024-05-13T06:10:42Z,2024-05-13T15:28:17Z,9.292857142857144,6.75,-6,70,7.13,1637,166.6,7,0.7051717294638882,45,2020,0.2204778536192392,0.84774728120145,0.847405900305188,0.5833333333333334,0.5834697217675942,0.15217391304347827,0.15217391304347827,0.7909798948311217
2020-11-08,Sachsen,0,0,221,13.7,8.214285714285714,0.04285714285714285,4043002,2024-05-13T06:10:42Z,2024-05-13T15:28:17Z,9.292857142857144,6.72,-5,606,14.99,7748,191.6,78,1.9088864046173515,45,2020,0.1959600741013771,0.44157399486740806,0.44154945815079544,0.49429037520391506,0.49439313984168864,0.19796954314720813,0.19796954314720813,0.7473896343909615
2020-11-08,Sachsen-Anhalt,0,0,109,13.271428571428572,9.471428571428572,0.08571428571428572,2169253,2024-05-13T06:10:42Z,2024-05-13T15:28:17Z,9.292857142857144,6.93,-3,106,4.89,1416,65.3,11,0.5030542251295708,45,2020,0.18128153044453427,0.40193017314788526,0.40209359605911327,0.3202416918429003,0.3204456094364352,0.1774193548387097,0.1774193548387097,0.5289305538935294
2020-11-08,Schleswig-Holstein,0,0,183,12.657142857142857,10.942857142857145,0.5571428571428572,2922005,2024-05-13T06:10:42Z,2024-05-13T15:28:17Z,9.292857142857144,6.61,-7,103,3.52,1524,52.2,25,0.8465192820162059,45,2020,0.1761862113545535,0.6594265855777585,0.6598984771573605,0.5988372093023256,0.5976230899830222,0.7812499999999999,0.7812500000000001,0.6632929420899868
2020-11-08,Thüringen,0,0,132,11.771428571428572,7.042857142857143,0,2108863,2024-05-13T06:10:42Z,2024-05-13T15:28:17Z,9.292857142857144,6.86,-6,161,7.63,1722,81.7,12,0.5642157448165029,45,2020,0.18736245802122745,0.3209554021272626,0.321133412042503,0.39849624060150374,0.3985200845665962,0.13186813186813187,0.13186813186813187,0.6031267990544298
2020-11-15,Baden-Württemberg,0,0,310,14.7,8.771428571428572,0.27142857142857146,11124642,2024-05-13T06:23:17Z,2024-05-13T15:16:51Z,8.892857142857142,7.01,-6,974,8.76,16095,144.7,145,1.2854317060329388,46,2020,0.20224207996231072,0.7595842075147816,0.7596816976127319,0.6706544686840255,0.6711041503523885,0.370843989769821,0.3708439897698209,1
2020-11-15,Bayern,0,0,185,12.67142857142857,7.414285714285714,0.4,13176989,2024-05-13T06:23:17Z,2024-05-13T15:16:51Z,8.892857142857142,6.95,-7,1199,9.1,25496,193.5,224,1.675468736688345,46,2020,0.16257479683378312,0.9142291066282421,0.9140958709065022,0.65,0.6500732064421668,0.4,0.4,0.6133216474732003
2020-11-15,Berlin,0,0,4090,10.342857142857143,7.914285714285715,0.2,3677472,2024-05-13T06:23:17Z,2024-05-13T15:16:51Z,8.892857142857142,6.29,-13,504,13.71,8156,221.8,66,1.7575389767554817,46,2020,0.17096484720320404,0.9483321670165616,0.9485199485199485,0.6925207756232689,0.6928171166581765,0.46808510638297873,0.4680851063829786,0.6269973193560895
2020-11-15,Brandenburg,0,0,85,10.028571428571428,7.442857142857143,0.21428571428571427,2537868,2024-05-13T06:23:17Z,2024-05-13T15:16:51Z,8.892857142857142,6.4,-6,184,7.25,2358,92.9,20,0.7772619780928711,46,2020,0.13602218209658207,0.5131837001525387,0.5132743362831859,0.5476190476190477,0.547583081570997,0.24096385542168677,0.24096385542168675,0.3330412538861656
2020-11-15,Bremen,0,0,1629,10.842857142857143,8.3,0.7857142857142857,676463,2024-05-13T06:23:17Z,2024-05-13T15:16:51Z,8.892857142857142,6.82,-8,45,6.65,1112,164.4,8,1.1681151294271563,46,2020,0.1261860149142093,0.7199480181936323,0.72,0.6521739130434783,0.6519607843137255,0.39999999999999997,0.4,0
2020-11-15,Hamburg,0,0,2438,9.971428571428572,8.285714285714285,0.3142857142857143,1853935,2024-05-13T06:23:17Z,2024-05-13T15:16:51Z,8.892857142857142,6.34,-10,130,7.01,2837,153,7,0.36995500290150424,46,2020,0.08286605908474523,0.915748541801685,0.9153153153153153,0.7865853658536586,0.7864406779661015,0.11864406779661016,0.11864406779661013,0.08020840649442214
2020-11-15,Hessen,0,0,297,11.442857142857145,8.3,0.9857142857142857,6295017,2024-05-13T06:23:17Z,2024-05-13T15:16:51Z,8.892857142857142,6.8500000000000005,-9,859,13.65,11388,180.9,111,1.7367195714214188,46,2020,0.172809201230038,0.9646040234275529,0.9647247461250669,0.7253401360544218,0.725374732334047,0.38408304498269896,0.384083044982699,0.5517591749401262
2020-11-15,Mecklenburg-Vorpommern,0,0,69,9.714285714285714,7.885714285714286,0.4,1611160,2024-05-13T06:23:17Z,2024-05-13T15:16:51Z,8.892857142857142,6.91,-7,73,4.53,692,43,9,0.5526972238632554,46,2020,0.15985520348553045,0.49463902787705505,0.49539170506912444,0.4709677419354839,0.47089397089397095,0.4090909090909091,0.4090909090909091,NA
2020-11-15,Niedersachsen,0,0,167,11.028571428571428,8.542857142857143,0.4714285714285714,8027031,2024-05-13T06:23:17Z,2024-05-13T15:16:51Z,8.892857142857142,6.8,-8,410,5.11,8765,109.2,83,1.019625706459341,46,2020,0.1917073878791428,0.993513882567137,0.993607305936073,0.88962472406181,0.8900709219858155,0.5220125786163522,0.5220125786163521,0.8061763234551772
2020-11-15,Nordrhein-Westfalen,0,0,526,15.685714285714283,11.885714285714286,0.9571428571428572,17924591,2024-05-13T06:23:17Z,2024-05-13T15:16:51Z,8.892857142857142,6.8500000000000005,-2,1909,10.65,31557,176.1,282,1.5546512851012142,46,2020,0.1317152763893174,0.9955918993164249,0.9959908361970214,0.7904721753794266,0.7906273620559335,0.5351043643263755,0.5351043643263755,0.07617792720557821
2020-11-15,Rheinland-Pfalz,0,0,206,11.428571428571429,8.371428571428572,0.6142857142857143,4106485,2024-05-13T06:23:17Z,2024-05-13T15:16:51Z,8.892857142857142,7.17,-7,235,5.72,6141,149.5,45,1.0819518411213829,46,2020,0.14416804972958525,0.927534039334342,0.9273291925465841,0.806896551724138,0.8062234794908062,0.25280898876404495,0.2528089887640449,0.3198915586826464
2020-11-15,Saarland,0,0,385,15.22857142857143,10.457142857142856,1.4428571428571428,982348,2024-05-13T06:23:17Z,2024-05-13T15:16:51Z,8.892857142857142,6.94,-3,60,6.11,1633,166.2,15,1.5110822774226174,46,2020,0.2204778536192392,0.845675815639565,0.8453713123092573,0.5,0.5000000000000001,0.32608695652173914,0.32608695652173914,0.7909798948311217
2020-11-15,Sachsen,0,0,221,10.357142857142858,6.228571428571429,0.2714285714285714,4043002,2024-05-13T06:23:17Z,2024-05-13T15:16:51Z,8.892857142857142,6.74,-4,665,16.45,7857,194.3,114,2.789910899056129,46,2020,0.1959600741013771,0.447790134017679,0.4477749596495273,0.5424143556280586,0.5425461741424802,0.2893401015228426,0.2893401015228427,0.7473896343909615
2020-11-15,Sachsen-Anhalt,0,0,109,10.471428571428572,7.714285714285714,0.01428571428571428,2169253,2024-05-13T06:23:17Z,2024-05-13T15:16:51Z,8.892857142857142,6.94,-3,113,5.21,1467,67.6,15,0.6859830342675964,46,2020,0.18128153044453427,0.4164064717570253,0.4162561576354679,0.3413897280966768,0.3414154652686764,0.24193548387096772,0.24193548387096772,0.5289305538935294
2020-11-15,Schleswig-Holstein,0,0,183,9.742857142857144,8.257142857142856,0.27142857142857146,2922005,2024-05-13T06:23:17Z,2024-05-13T15:16:51Z,8.892857142857142,6.67,-6,120,4.11,1598,54.7,19,0.6433546543323164,46,2020,0.1761862113545535,0.6915725456125108,0.6916243654822335,0.6976744186046511,0.6977928692699492,0.59375,0.5937499999999999,0.6632929420899868
2020-11-15,Thüringen,0,0,132,10.128571428571428,7.1,0,2108863,2024-05-13T06:23:17Z,2024-05-13T15:16:51Z,8.892857142857142,6.91,-5,182,8.63,1998,94.7,35,1.6456292557148002,46,2020,0.18736245802122745,0.37245754805000936,0.3722943722943723,0.45112781954887216,0.4513742071881606,0.3846153846153846,0.3846153846153846,0.6031267990544298
2020-11-22,Baden-Württemberg,0,0,310,10.2,5.271428571428571,0.08571428571428572,11124642,2024-05-13T06:35:42Z,2024-05-13T15:07:08Z,8.523809523809524,6.91,-7,1077,9.68,16638,149.6,183,1.6223034634760538,47,2020,0.20224207996231072,0.7854758725920274,0.7856763925729442,0.7431386347642507,0.7431480031323414,0.46803069053708446,0.4680306905370843,1
2020-11-22,Bayern,0,1,185,10.6,5.928571428571428,0.5,13176989,2024-05-13T06:35:42Z,2024-05-13T15:07:08Z,8.523809523809524,6.78,-9,1361,10.33,23899,181.4,289,2.161653861173802,47,2020,0.16257479683378312,0.856700288184438,0.8566682486948268,0.7400000000000001,0.7401171303074671,0.5160714285714286,0.5160714285714285,0.6133216474732003
2020-11-22,Berlin,0,0,4090,10.485714285714286,7.671428571428571,0.3571428571428571,3677472,2024-05-13T06:35:42Z,2024-05-13T15:07:08Z,8.523809523809524,5.84,-19,523,14.22,8599,233.8,87,2.316755923904953,47,2020,0.17096484720320404,1,1,0.7188365650969529,0.718797758532858,0.6170212765957447,0.6170212765957446,0.6269973193560895
2020-11-22,Brandenburg,0,0,85,9.714285714285714,7.128571428571429,0.22857142857142856,2537868,2024-05-13T06:35:42Z,2024-05-13T15:07:08Z,8.523809523809524,6.28,-8,212,8.35,3023,119.1,41,1.5933870550903857,47,2020,0.13602218209658207,0.6580954456308564,0.6581858407079645,0.630952380952381,0.6306646525679759,0.49397590361445787,0.4939759036144578,0.3330412538861656
2020-11-22,Bremen,0,0,1629,11.514285714285714,8.271428571428572,0.37142857142857144,676463,2024-05-13T06:35:42Z,2024-05-13T15:07:08Z,8.523809523809524,6.37,-14,69,10.2,1000,147.8,12,1.7521726941407345,47,2020,0.1261860149142093,0.6471734892787525,0.6470329670329672,1,1,0.6,0.6000000000000001,0
2020-11-22,Hamburg,0,0,2438,10.971428571428572,8.385714285714286,0.8714285714285714,1853935,2024-05-13T06:35:42Z,2024-05-13T15:07:08Z,8.523809523809524,5.87,-16,140,7.55,2521,136,25,1.3212678675053724,47,2020,0.08286605908474523,0.8133506156837329,0.8132132132132132,0.8475609756097561,0.8474576271186439,0.423728813559322,0.423728813559322,0.08020840649442214
2020-11-22,Hessen,0,0,297,9.371428571428572,6.742857142857143,0.5285714285714286,6295017,2024-05-13T06:35:42Z,2024-05-13T15:07:08Z,8.523809523809524,6.8,-9,840,13.34,11585,184,160,2.5033795624092523,47,2020,0.172809201230038,0.9813258636788048,0.9812934259754144,0.7091836734693878,0.7087794432548179,0.5536332179930794,0.5536332179930795,0.5517591749401262
2020-11-22,Mecklenburg-Vorpommern,0,0,69,10.285714285714285,7.714285714285714,1.0142857142857142,1611160,2024-05-13T06:35:42Z,2024-05-13T15:07:08Z,8.523809523809524,6.78,-9,80,4.97,757,47,15,0.9211620397720922,47,2020,0.15985520348553045,0.5411007862759114,0.5414746543778802,0.5161290322580645,0.5166320166320166,0.6818181818181819,0.6818181818181819,NA
2020-11-22,Niedersachsen,0,0,167,11.128571428571428,8.5,0.4285714285714286,8027031,2024-05-13T06:35:42Z,2024-05-13T15:07:08Z,8.523809523809524,6.48,-12,390,4.86,8364,104.2,101,1.2407493536432948,47,2020,0.1917073878791428,0.9478834774692763,0.9479452054794519,0.8454746136865342,0.8457446808510637,0.6352201257861635,0.6352201257861635,0.8061763234551772
2020-11-22,Nordrhein-Westfalen,0,0,526,11.828571428571427,9.128571428571428,0.5571428571428572,17924591,2024-05-13T06:35:42Z,2024-05-13T15:07:08Z,8.523809523809524,6.79,-3,1924,10.73,30058,167.7,330,1.8192727804375914,47,2020,0.1317152763893174,0.9477097042100555,0.9478808705612827,0.796795952782462,0.7966742252456539,0.6261859582542694,0.6261859582542695,0.07617792720557821
2020-11-22,Rheinland-Pfalz,0,0,206,9.542857142857144,7.085714285714286,0.3857142857142857,4106485,2024-05-13T06:35:42Z,2024-05-13T15:07:08Z,8.523809523809524,7.13,-8,253,6.16,5704,138.9,53,1.2742988350985176,47,2020,0.14416804972958525,0.8614220877458396,0.8614906832298138,0.8689655172413793,0.8684582743988685,0.2977528089887641,0.29775280898876394,0.3198915586826464
2020-11-22,Saarland,0,0,385,10.228571428571428,6.142857142857143,1.0285714285714285,982348,2024-05-13T06:35:42Z,2024-05-13T15:07:08Z,8.523809523809524,6.97,-2,64,6.52,1232,125.4,22,2.2162540068865053,47,2020,0.2204778536192392,0.6380113930605904,0.6378433367243133,0.5333333333333333,0.5335515548281505,0.47826086956521746,0.47826086956521735,0.7909798948311217
2020-11-22,Sachsen,1,0,221,11.142857142857142,7.9,0.45714285714285713,4043002,2024-05-13T06:35:42Z,2024-05-13T15:07:08Z,8.523809523809524,6.0200000000000005,-15,722,17.86,9092,224.9,138,3.3772605620153144,47,2020,0.1959600741013771,0.5182207014542345,0.5183306433018215,0.5889070146818922,0.5890501319261213,0.350253807106599,0.3502538071065991,0.7473896343909615
2020-11-22,Sachsen-Anhalt,0,0,109,10.8,8.185714285714285,0.05714285714285714,2169253,2024-05-13T06:35:42Z,2024-05-13T15:07:08Z,8.523809523809524,6.65,-7,170,7.84,1813,83.6,17,0.7774474388366094,47,2020,0.18128153044453427,0.514618223105308,0.5147783251231527,0.513595166163142,0.5137614678899083,0.27419354838709675,0.27419354838709675,0.5289305538935294
2020-11-22,Schleswig-Holstein,0,0,183,11.214285714285714,9.042857142857144,1.7428571428571429,2922005,2024-05-13T06:35:42Z,2024-05-13T15:07:08Z,8.523809523809524,6.33,-11,97,3.32,1349,46.2,15,0.5079115692097235,47,2020,0.1761862113545535,0.5834057341442224,0.583756345177665,0.5639534883720929,0.5636672325976232,0.46875,0.46874999999999994,0.6632929420899868
2020-11-22,Thüringen,0,0,132,9.442857142857145,6.5285714285714285,0.34285714285714286,2108863,2024-05-13T06:35:42Z,2024-05-13T15:07:08Z,8.523809523809524,6.62,-9,250,11.85,2808,133.2,39,1.8337011706536346,47,2020,0.18736245802122745,0.5236051502145924,0.5238095238095237,0.6215538847117794,0.6215644820295982,0.42857142857142855,0.4285714285714285,0.6031267990544298
2020-11-29,Baden-Württemberg,0,0,310,6.442857142857143,1.4714285714285715,0.1,11124642,2024-05-13T06:47:17Z,2024-05-13T14:59:08Z,8.197619047619048,6.94,-7,1066,9.58,15080,135.6,259,2.2960469783622837,48,2020,0.20224207996231072,0.7111863436963571,0.7114058355437664,0.7353976073187896,0.735317149569303,0.6624040920716113,0.6624040920716111,1
2020-11-29,Bayern,0,0,185,4.442857142857143,1.8428571428571427,0,13176989,2024-05-13T06:47:17Z,2024-05-13T14:59:08Z,8.197619047619048,6.8,-9,1407,10.68,24186,183.5,361,2.70019738368077,48,2020,0.16257479683378312,0.8670389048991355,0.8666350261034649,0.7655555555555557,0.7657393850658858,0.6446428571428571,0.6446428571428571,0.6133216474732003
2020-11-29,Berlin,0,0,4090,6.285714285714286,3.4714285714285715,0.2,3677472,2024-05-13T06:47:17Z,2024-05-13T14:59:08Z,8.197619047619048,5.84,-19,630,17.13,7858,213.7,88,2.3433853023406424,48,2020,0.17096484720320404,0.9135759272218335,0.9137709137709137,0.8670360110803325,0.8670402445236881,0.624113475177305,0.6241134751773048,0.6269973193560895
2020-11-29,Brandenburg,0,0,85,6.085714285714285,3.2142857142857144,0.1142857142857143,2537868,2024-05-13T06:47:17Z,2024-05-13T14:59:08Z,8.197619047619048,6.22,-9,284,11.19,3289,129.6,56,2.1763335386600393,48,2020,0.13602218209658207,0.7160601438221835,0.7162610619469025,0.8452380952380952,0.8451661631419939,0.6746987951807231,0.6746987951807231,0.3330412538861656
2020-11-29,Bremen,0,0,1629,8.371428571428572,5.271428571428571,0.1142857142857143,676463,2024-05-13T06:47:17Z,2024-05-13T14:59:08Z,8.197619047619048,6.48,-13,65,9.61,824,121.8,10,1.4601439117839454,48,2020,0.1261860149142093,0.5328135152696557,0.5327472527472527,0.9420289855072465,0.942156862745098,0.49999999999999994,0.5,0
2020-11-29,Hamburg,0,0,2438,7.1571428571428575,4.142857142857143,0.2,1853935,2024-05-13T06:47:17Z,2024-05-13T14:59:08Z,8.197619047619048,5.95,-15,115,6.2,1611,86.9,35,1.8497750145075214,48,2020,0.08286605908474523,0.5184705119896305,0.5183183183183184,0.6951219512195121,0.6949152542372881,0.5932203389830507,0.5932203389830508,0.08020840649442214
2020-11-29,Hessen,0,0,297,4.9714285714285715,3.2714285714285714,0.14285714285714288,6295017,2024-05-13T06:47:17Z,2024-05-13T14:59:08Z,8.197619047619048,6.78,-10,850,13.5,10045,159.6,214,3.348270164722375,48,2020,0.172809201230038,0.8506069094304388,0.8508818813468733,0.717687074829932,0.7173447537473233,0.740484429065744,0.7404844290657441,0.5517591749401262
2020-11-29,Mecklenburg-Vorpommern,0,0,69,6.071428571428571,3.357142857142857,0.1285714285714286,1611160,2024-05-13T06:47:17Z,2024-05-13T14:59:08Z,8.197619047619048,6.7,-10,80,4.97,764,47.4,8,0.4912864212117825,NA,NA,NA,0.5461043602573267,0.5460829493087559,0.5161290322580645,0.5166320166320166,0.36363636363636365,0.3636363636363636,NA
2020-11-29,Niedersachsen,0,0,167,7.742857142857143,5.085714285714285,0.18571428571428572,8027031,2024-05-13T06:47:17Z,2024-05-13T14:59:08Z,8.197619047619048,6.59,-11,373,4.65,7179,89.4,141,1.7321352362743023,48,2020,0.1917073878791428,0.813040509786072,0.8127853881278538,0.8079470198675497,0.8085106382978723,0.8867924528301887,0.8867924528301886,0.8061763234551772
2020-11-29,Nordrhein-Westfalen,0,0,526,8.185714285714285,4.785714285714286,0,17924591,2024-05-13T06:47:17Z,2024-05-13T14:59:08Z,8.197619047619048,6.8500000000000005,-2,1818,10.14,27567,153.8,454,2.5028783100565652,48,2020,0.1317152763893174,0.8681402925956685,0.8682703321878579,0.7521079258010118,0.7520786092214664,0.8614800759013282,0.8614800759013282,0.07617792720557821
2020-11-29,Rheinland-Pfalz,0,0,206,4.171428571428572,2.6999999999999997,0,4106485,2024-05-13T06:47:17Z,2024-05-13T14:59:08Z,8.197619047619048,7.12,-8,241,5.87,5241,127.6,99,2.3802940504670422,48,2020,0.14416804972958525,0.79137670196671706,0.7913043478260869,0.8275862068965517,0.8274398868458275,0.556179775280899,0.5561797752808987,0.3198915586826464
2020-11-29,Saarland,0,0,385,6.442857142857143,3.542857142857143,0.07142857142857144,982348,2024-05-13T06:47:17Z,2024-05-13T14:59:08Z,8.197619047619048,6.88,-4,66,6.72,1189,121,15,1.5110822774226174,48,2020,0.2204778536192392,0.6157431382703263,0.6154628687690742,0.5499999999999999,0.5499181669394436,0.32608695652173914,0.32608695652173914,0.7909798948311217
2020-11-29,Sachsen,0,0,221,5.871428571428571,2.6714285714285717,0.04285714285714285,4043002,2024-05-13T06:47:17Z,2024-05-13T14:59:08Z,8.197619047619048,6.36,-10,949,23.47,11464,283.6,233,5.702186311228755,48,2020,0.1959600741013771,0.6534930139720558,0.6536776573668435,0.7740619902120717,0.7740765171503956,0.5913705583756347,0.5913705583756346,0.7473896343909615
2020-11-29,Sachsen-Anhalt,0,0,109,7.757142857142857,4.142857142857142,0,2169253,2024-05-13T06:47:17Z,2024-05-13T14:59:08Z,8.197619047619048,6.61,-8,194,8.94,2318,106.9,41,1.8750202936647637,48,2020,0.18128153044453427,0.6579619642350271,0.6582512315270936,0.5861027190332326,0.5858453473132373,0.661290322580645,0.6612903225806451,0.5289305538935294
2020-11-29,Schleswig-Holstein,0,0,183,8.9,6.4714285714285715,0.05714285714285714,2922005,2024-05-13T06:47:17Z,2024-05-13T14:59:08Z,8.197619047619048,6.46,-9,96,3.29,1383,47.3,15,0.5079115692097235,48,2020,0.1761862113545535,0.5981754995655951,0.5977157360406091,0.5581395348837209,0.5585738539898133,0.46875,0.46874999999999994,0.6632929420899868
2020-11-29,Thüringen,0,0,132,5.485714285714286,1.5571428571428572,0,2108863,2024-05-13T06:47:17Z,2024-05-13T14:59:08Z,8.197619047619048,6.5200000000000005,-11,211,10.01,3160,149.8,54,2.538970851674263,48,2020,0.18736245802122745,0.5892890464638927,0.5891381345926802,0.5238095238095238,0.5243128964059196,0.5934065934065934,0.5934065934065933,0.6031267990544298
2020-12-06,Baden-Württemberg,0,0,310,2.657142857142857,0.7571428571428572,3.0571428571428574,11124642,2024-05-13T06:57:17Z,2024-05-13T14:54:17Z,7.95,6.92,-7,1225,11.01,17186,154.5,303,2.686109013296417,49,2020,0.20224207996231072,0.8116059507915315,0.8116710875331563,0.8472906403940887,0.8472983555207516,0.7749360613810742,0.7749360613810741,1
2020-12-06,Bayern,0,0,185,3.4428571428571426,0.12857142857142856,1.0142857142857142,13176989,2024-05-13T06:57:17Z,2024-05-13T14:54:17Z,7.95,6.84,-9,1424,10.81,23854,181,509,3.8072035132784268,49,2020,0.16257479683378312,0.8550792507204611,0.8547698149027053,0.775,0.7752562225475842,0.9089285714285714,0.9089285714285714,0.6133216474732003
2020-12-06,Berlin,0,0,4090,4.885714285714286,2.571428571428571,0,3677472,2024-05-13T06:57:17Z,2024-05-13T14:54:17Z,7.95,6.5600000000000005,-9,626,17.02,6973,189.6,141,3.754742359432166,49,2020,0.17096484720320404,0.8103568929321203,0.8103818103818102,0.8614958448753463,0.8614365766683648,1,1,0.6269973193560895
2020-12-06,Brandenburg,0,0,85,4.171428571428572,1.2714285714285714,0,2537868,2024-05-13T06:57:17Z,2024-05-13T14:54:17Z,7.95,6.5600000000000005,-4,301,11.86,3665,144.4,83,3.225637209085415,49,2020,0.13602218209658207,0.7979952059272173,0.7981194690265487,0.8958333333333334,0.8957703927492445,1,1,0.3330412538861656
2020-12-06,Bremen,0,0,1629,5.1571428571428575,3.1857142857142855,1.3714285714285714,676463,2024-05-13T06:57:17Z,2024-05-13T14:54:17Z,7.95,7.05,-5,56,8.28,729,107.8,20,2.920287823567891,49,2020,0.1261860149142093,0.4710851202079272,0.47120879120879117,0.8115942028985508,0.8117647058823529,1,1,0
2020-12-06,Hamburg,0,0,2438,3.8,2.4,0.4714285714285714,1853935,2024-05-13T06:57:17Z,2024-05-13T14:54:17Z,7.95,6.57,-7,161,8.68,2126,114.7,48,2.536834305610315,49,2020,0.08286605908474523,0.6853532080362928,0.6852852852852853,0.975609756097561,0.975141242937853,0.8135593220338984,0.8135593220338981,0.08020840649442214
2020-12-06,Hessen,0,0,297,3.5142857142857142,1.857142857142857,3.571428571428571,6295017,2024-05-13T06:57:17Z,2024-05-13T14:54:17Z,7.95,6.97,-7,972,15.44,9520,151.2,222,3.4734391428428375,49,2020,0.172809201230038,0.8060436295730413,0.8059861036878674,0.8214285714285714,0.8211991434689506,0.7681660899653979,0.7681660899653979,0.5517591749401262
2020-12-06,Mecklenburg-Vorpommern,0,0,69,3.0285714285714285,1.7571428571428571,0.14285714285714288,1611160,2024-05-13T06:57:17Z,2024-05-13T14:54:17Z,7.95,7.07,-5,95,5.9,810,50.3,13,0.7983404344691465,NA,NA,NA,0.5789849892780559,0.5794930875576036,0.6129032258064516,0.6133056133056134,0.5909090909090909,0.5909090909090908,NA
2020-12-06,Niedersachsen,0,0,167,4.485714285714286,2.814285714285714,0.8285714285714286,8027031,2024-05-13T06:57:17Z,2024-05-13T14:54:17Z,7.95,6.86,-7,305,3.8,6687,83.3,112,1.3758804713668218,49,2020,0.1917073878791428,0.7570550751024124,0.7570776255707761,0.6578366445916116,0.6578014184397163,0.7044025157232704,0.7044025157232704,0.8061763234551772
2020-12-06,Nordrhein-Westfalen,0,0,526,6.4714285714285715,3.871428571428571,3.857142857142857,17924591,2024-05-13T06:57:17Z,2024-05-13T14:54:17Z,7.95,7.04,0,1980,11.05,26062,145.4,502,2.767499805392942,49,2020,0.1317152763893174,0.8200664409378393,0.8201603665521189,0.8204047217537943,0.8208616780045351,0.952561669829222,0.952561669829222,0.07617792720557821
2020-12-06,Rheinland-Pfalz,0,0,206,3.3857142857142857,1.7142857142857142,2.585714285714286,4106485,2024-05-13T06:57:17Z,2024-05-13T14:54:17Z,7.95,7.23,-7,268,6.53,5704,138.9,151,3.630549511318419,49,2020,0.14416804972958525,0.8614220877458396,0.8614906832298138,0.9206896551724139,0.9207920792079208,0.8483146067415731,0.848314606741573,0.3198915586826464
2020-12-06,Saarland,0,0,385,4.8428571428571425,2.742857142857143,1.7571428571428571,982348,2024-05-13T06:57:17Z,2024-05-13T14:54:17Z,7.95,7.1000000000000005,-1,68,6.92,1378,140.3,20,2.0147763698968233,49,2020,0.2204778536192392,0.7136198860693942,0.7136317395727365,0.5666666666666667,0.5662847790507364,0.43478260869565216,0.4347826086956522,0.7909798948311217
2020-12-06,Sachsen,0,0,221,5.285714285714286,2.6857142857142855,0.05714285714285714,4043002,2024-05-13T06:57:17Z,2024-05-13T14:54:17Z,7.95,6.640000000000001,-6,1095,27.08,14119,349.2,394,9.642323633579954,49,2020,0.1959600741013771,0.8049044767607642,0.8049342863730689,0.893148450244698,0.8931398416886542,1,1,0.7473896343909615
2020-12-06,Sachsen-Anhalt,0,0,109,3.757142857142857,1.6,0.07142857142857144,2169253,2024-05-13T06:57:17Z,2024-05-13T14:54:17Z,7.95,6.91,-3,212,9.77,2768,127.6,44,2.012216900518283,49,2020,0.18128153044453427,0.7856940107862617,0.7857142857142857,0.6404833836858006,0.6402359108781128,0.7096774193548386,0.7096774193548387,0.5289305538935294
2020-12-06,Schleswig-Holstein,0,0,183,5.085714285714285,3.557142857142857,1.157142857142857,2922005,2024-05-13T06:57:17Z,2024-05-13T14:54:17Z,7.95,6.8,-4,110,3.76,1446,49.5,15,0.5079115692097235,49,2020,0.1761862113545535,0.6255430060816681,0.6256345177664975,0.6395348837209303,0.6383701188455009,0.46875,0.46874999999999994,0.6632929420899868
2020-12-06,Thüringen,0,0,132,2.871428571428571,0.5,0.07142857142857144,2108863,2024-05-13T06:57:17Z,2024-05-13T14:54:17Z,7.95,6.73,-8,270,12.8,3836,181.9,69,3.2442405326948918,49,2020,0.18736245802122745,0.7154319835790259,0.7154663518299883,0.6716791979949873,0.6717758985200846,0.7582417582417583,0.7582417582417582,0.6031267990544298
2020-12-13,Baden-Württemberg,0,0,310,4.2,2.2142857142857144,0.9857142857142857,11124642,2024-05-13T07:06:00Z,2024-05-13T14:51:42Z,7.761904761904762,6.8,-9,1442,12.96,21137,190,391,3.4662330831646835,50,2020,0.20224207996231072,1,1,1,1,1,1,1
2020-12-13,Bayern,0,0,185,3.457142857142857,1.8285714285714283,1.1857142857142855,13176989,2024-05-13T07:06:00Z,2024-05-13T14:51:42Z,7.761904761904762,6.65,-11,1728,13.11,27877,211.6,560,4.188671841720862,50,2020,0.16257479683378312,1,1,0.9438888888888889,0.9436310395314789,1,1,0.6133216474732003
2020-12-13,Berlin,0,0,4090,3.9857142857142858,2.3428571428571425,0.1,3677472,2024-05-13T07:06:00Z,2024-05-13T14:51:42Z,7.761904761904762,6.4,-11,726,19.74,7507,204.1,132,3.5150779535109633,50,2020,0.17096484720320404,0.8726382085374388,0.8725868725868725,1,1,0.9361702127659575,0.9361702127659571,0.6269973193560895
2020-12-13,Brandenburg,0,0,85,3.242857142857143,1.8,0.08571428571428572,2537868,2024-05-13T07:06:00Z,2024-05-13T14:51:42Z,7.761904761904762,6.43,-6,336,13.24,4592,180.9,64,2.4872383298971874,50,2020,0.13602218209658207,1,1,1,1,0.7710843373493977,0.7710843373493976,0.3330412538861656
2020-12-13,Bremen,0,0,1629,4.928571428571429,3.585714285714286,0.34285714285714286,676463,2024-05-13T07:06:00Z,2024-05-13T14:51:42Z,7.761904761904762,7.04,-5,66,9.76,906,133.9,18,2.6282590412111015,50,2020,0.1261860149142093,0.58609486679662115,0.5859340659340659,0.9565217391304349,0.9568627450980393,0.8999999999999999,0.8999999999999999,0
2020-12-13,Hamburg,0,0,2438,4.328571428571428,3.242857142857143,0.02857142857142857,1853935,2024-05-13T07:06:00Z,2024-05-13T14:51:42Z,7.761904761904762,6.46,-8,165,8.9,2588,139.6,59,3.118192167312679,50,2020,0.08286605908474523,0.8350615683732987,0.8348348348348349,1,1,1,1,0.08020840649442214
2020-12-13,Hessen,0,0,297,4.957142857142857,3.2857142857142856,1.3142857142857145,6295017,2024-05-13T07:06:00Z,2024-05-13T14:51:42Z,7.761904761904762,6.75,-10,1182,18.78,11805,187.5,289,4.521729334601712,50,2020,0.172809201230038,1,1,1,1,1,1,0.5517591749401262
2020-12-13,Mecklenburg-Vorpommern,0,0,69,3.642857142857143,2.5285714285714285,0.21428571428571427,1611160,2024-05-13T07:06:00Z,2024-05-13T14:51:42Z,7.761904761904762,6.95,-6,155,9.62,1399,86.8,22,1.351037658332402,NA,NA,NA,1,1,1,1,1,1,NA
2020-12-13,Niedersachsen,0,0,167,5.157142857142857,3.5142857142857142,0.3142857142857143,8027031,2024-05-13T07:06:00Z,2024-05-13T14:51:42Z,7.761904761904762,6.84,-7,460,5.73,7824,97.5,159,1.953258883458256,50,2020,0.1917073878791428,0.8864360491579427,0.8867579908675799,1,1,1,1,0.8061763234551772
2020-12-13,Nordrhein-Westfalen,0,0,526,5.757142857142857,3.7857142857142856,1.1714285714285717,17924591,2024-05-13T07:06:00Z,2024-05-13T14:51:42Z,7.761904761904762,6.84,-2,2406,13.42,31053,173.2,527,2.9053235008806384,50,2020,0.1317152763893174,0.9794927489938031,0.9793814432989689,1,1,1,1,0.07617792720557821
2020-12-13,Rheinland-Pfalz,0,0,206,4.3428571428571425,2.914285714285714,0.4714285714285714,4106485,2024-05-13T07:06:00Z,2024-05-13T14:51:42Z,7.761904761904762,7.07,-9,291,7.09,6620,161.2,178,4.279720615991248,50,2020,0.14416804972958525,1,1,1,1,1,1,0.3198915586826464
2020-12-13,Saarland,0,0,385,5.585714285714285,3.7285714285714286,1.9,982348,2024-05-13T07:06:00Z,2024-05-13T14:51:42Z,7.761904761904762,6.8500000000000005,-4,120,12.22,1931,196.6,30,3.0221645548452347,50,2020,0.2204778536192392,1,1,1,1,0.6521739130434783,0.6521739130434783,0.7909798948311217
2020-12-13,Sachsen,0,0,221,6.685714285714286,4.9714285714285715,0,4043002,2024-05-13T07:06:00Z,2024-05-13T14:51:42Z,7.761904761904762,6.55,-7,1226,30.32,17540,433.8,372,9.103919775867368,50,2020,0.1959600741013771,1,1,1,1,0.9441624365482235,0.9441624365482233,0.7473896343909615
2020-12-13,Sachsen-Anhalt,0,0,109,5.014285714285714,2.9857142857142858,0.7,2169253,2024-05-13T07:06:00Z,2024-05-13T14:51:42Z,7.761904761904762,6.79,-5,331,15.26,3523,162.4,62,2.835396541639399,50,2020,0.18128153044453427,1,1,1,1,1,1,0.5289305538935294
2020-12-13,Schleswig-Holstein,0,0,183,4.857142857142857,3.828571428571428,0.8571428571428571,2922005,2024-05-13T07:06:00Z,2024-05-13T14:51:42Z,7.761904761904762,6.71,-5,172,5.89,2308,79,28,0.9481015958581505,50,2020,0.1761862113545535,1,1,1,1,0.875,0.875,0.6632929420899868
2020-12-13,Thüringen,0,0,132,3.7714285714285714,2.0285714285714285,0.4428571428571429,2108863,2024-05-13T07:06:00Z,2024-05-13T14:51:42Z,7.761904761904762,6.61,-9,401,19.01,5361,254.2,91,4.278636064858481,50,2020,0.18736245802122745,1,1,1,1,1,1,0.6031267990544298
