date;Bundesland;PubHoliday
2020-01-01;Baden-Württemberg;1
2020-01-01;Bayern;1
2020-01-01;Berlin;1
2020-01-01;Brandenburg;1
2020-01-01;Bremen;1
2020-01-01;Hamburg;1
2020-01-01;Hessen;1
2020-01-01;Mecklenburg-Vorpommern;1
2020-01-01;Niedersachsen;1
2020-01-01;Nordrhein-Westfalen;1
2020-01-01;Rheinland-Pfalz;1
2020-01-01;Saarland;1
2020-01-01;Sachsen;1
2020-01-01;Sachsen-Anhalt;1
2020-01-01;Schleswig-Holstein;1
2020-01-01;Thüringen;1
2020-01-02;Baden-Württemberg;0
2020-01-02;Bayern;0
2020-01-02;Berlin;0
2020-01-02;Brandenburg;0
2020-01-02;Bremen;0
2020-01-02;Hamburg;0
2020-01-02;Hessen;0
2020-01-02;Mecklenburg-Vorpommern;0
2020-01-02;Niedersachsen;0
2020-01-02;Nordrhein-Westfalen;0
2020-01-02;Rheinland-Pfalz;0
2020-01-02;Saarland;0
2020-01-02;Sachsen;0
2020-01-02;Sachsen-Anhalt;0
2020-01-02;Schleswig-Holstein;0
2020-01-02;Thüringen;0
2020-01-03;Baden-Württemberg;0
2020-01-03;Bayern;0
2020-01-03;Berlin;0
2020-01-03;Brandenburg;0
2020-01-03;Bremen;0
2020-01-03;Hamburg;0
2020-01-03;Hessen;0
2020-01-03;Mecklenburg-Vorpommern;0
2020-01-03;Niedersachsen;0
2020-01-03;Nordrhein-Westfalen;0
2020-01-03;Rheinland-Pfalz;0
2020-01-03;Saarland;0
2020-01-03;Sachsen;0
2020-01-03;Sachsen-Anhalt;0
2020-01-03;Schleswig-Holstein;0
2020-01-03;Thüringen;0
2020-01-04;Baden-Württemberg;0
2020-01-04;Bayern;0
2020-01-04;Berlin;0
2020-01-04;Brandenburg;0
2020-01-04;Bremen;0
2020-01-04;Hamburg;0
2020-01-04;Hessen;0
2020-01-04;Mecklenburg-Vorpommern;0
2020-01-04;Niedersachsen;0
2020-01-04;Nordrhein-Westfalen;0
2020-01-04;Rheinland-Pfalz;0
2020-01-04;Saarland;0
2020-01-04;Sachsen;0
2020-01-04;Sachsen-Anhalt;0
2020-01-04;Schleswig-Holstein;0
2020-01-04;Thüringen;0
2020-01-05;Baden-Württemberg;0
2020-01-05;Bayern;0
2020-01-05;Berlin;0
2020-01-05;Brandenburg;0
2020-01-05;Bremen;0
2020-01-05;Hamburg;0
2020-01-05;Hessen;0
2020-01-05;Mecklenburg-Vorpommern;0
2020-01-05;Niedersachsen;0
2020-01-05;Nordrhein-Westfalen;0
2020-01-05;Rheinland-Pfalz;0
2020-01-05;Saarland;0
2020-01-05;Sachsen;0
2020-01-05;Sachsen-Anhalt;0
2020-01-05;Schleswig-Holstein;0
2020-01-05;Thüringen;0
2020-01-06;Baden-Württemberg;1
2020-01-06;Bayern;1
2020-01-06;Berlin;0
2020-01-06;Brandenburg;0
2020-01-06;Bremen;0
2020-01-06;Hamburg;0
2020-01-06;Hessen;0
2020-01-06;Mecklenburg-Vorpommern;0
2020-01-06;Niedersachsen;0
2020-01-06;Nordrhein-Westfalen;0
2020-01-06;Rheinland-Pfalz;0
2020-01-06;Saarland;0
2020-01-06;Sachsen;0
2020-01-06;Sachsen-Anhalt;1
2020-01-06;Schleswig-Holstein;0
2020-01-06;Thüringen;0
2020-01-07;Baden-Württemberg;0
2020-01-07;Bayern;0
2020-01-07;Berlin;0
2020-01-07;Brandenburg;0
2020-01-07;Bremen;0
2020-01-07;Hamburg;0
2020-01-07;Hessen;0
2020-01-07;Mecklenburg-Vorpommern;0
2020-01-07;Niedersachsen;0
2020-01-07;Nordrhein-Westfalen;0
2020-01-07;Rheinland-Pfalz;0
2020-01-07;Saarland;0
2020-01-07;Sachsen;0
2020-01-07;Sachsen-Anhalt;0
2020-01-07;Schleswig-Holstein;0
2020-01-07;Thüringen;0
2020-01-08;Baden-Württemberg;0
2020-01-08;Bayern;0
2020-01-08;Berlin;0
2020-01-08;Brandenburg;0
2020-01-08;Bremen;0
2020-01-08;Hamburg;0
2020-01-08;Hessen;0
2020-01-08;Mecklenburg-Vorpommern;0
2020-01-08;Niedersachsen;0
2020-01-08;Nordrhein-Westfalen;0
2020-01-08;Rheinland-Pfalz;0
2020-01-08;Saarland;0
2020-01-08;Sachsen;0
2020-01-08;Sachsen-Anhalt;0
2020-01-08;Schleswig-Holstein;0
2020-01-08;Thüringen;0
2020-01-09;Baden-Württemberg;0
2020-01-09;Bayern;0
2020-01-09;Berlin;0
2020-01-09;Brandenburg;0
2020-01-09;Bremen;0
2020-01-09;Hamburg;0
2020-01-09;Hessen;0
2020-01-09;Mecklenburg-Vorpommern;0
2020-01-09;Niedersachsen;0
2020-01-09;Nordrhein-Westfalen;0
2020-01-09;Rheinland-Pfalz;0
2020-01-09;Saarland;0
2020-01-09;Sachsen;0
2020-01-09;Sachsen-Anhalt;0
2020-01-09;Schleswig-Holstein;0
2020-01-09;Thüringen;0
2020-01-10;Baden-Württemberg;0
2020-01-10;Bayern;0
2020-01-10;Berlin;0
2020-01-10;Brandenburg;0
2020-01-10;Bremen;0
2020-01-10;Hamburg;0
2020-01-10;Hessen;0
2020-01-10;Mecklenburg-Vorpommern;0
2020-01-10;Niedersachsen;0
2020-01-10;Nordrhein-Westfalen;0
2020-01-10;Rheinland-Pfalz;0
2020-01-10;Saarland;0
2020-01-10;Sachsen;0
2020-01-10;Sachsen-Anhalt;0
2020-01-10;Schleswig-Holstein;0
2020-01-10;Thüringen;0
2020-01-11;Baden-Württemberg;0
2020-01-11;Bayern;0
2020-01-11;Berlin;0
2020-01-11;Brandenburg;0
2020-01-11;Bremen;0
2020-01-11;Hamburg;0
2020-01-11;Hessen;0
2020-01-11;Mecklenburg-Vorpommern;0
2020-01-11;Niedersachsen;0
2020-01-11;Nordrhein-Westfalen;0
2020-01-11;Rheinland-Pfalz;0
2020-01-11;Saarland;0
2020-01-11;Sachsen;0
2020-01-11;Sachsen-Anhalt;0
2020-01-11;Schleswig-Holstein;0
2020-01-11;Thüringen;0
2020-01-12;Baden-Württemberg;0
2020-01-12;Bayern;0
2020-01-12;Berlin;0
2020-01-12;Brandenburg;0
2020-01-12;Bremen;0
2020-01-12;Hamburg;0
2020-01-12;Hessen;0
2020-01-12;Mecklenburg-Vorpommern;0
2020-01-12;Niedersachsen;0
2020-01-12;Nordrhein-Westfalen;0
2020-01-12;Rheinland-Pfalz;0
2020-01-12;Saarland;0
2020-01-12;Sachsen;0
2020-01-12;Sachsen-Anhalt;0
2020-01-12;Schleswig-Holstein;0
2020-01-12;Thüringen;0
2020-01-13;Baden-Württemberg;0
2020-01-13;Bayern;0
2020-01-13;Berlin;0
2020-01-13;Brandenburg;0
2020-01-13;Bremen;0
2020-01-13;Hamburg;0
2020-01-13;Hessen;0
2020-01-13;Mecklenburg-Vorpommern;0
2020-01-13;Niedersachsen;0
2020-01-13;Nordrhein-Westfalen;0
2020-01-13;Rheinland-Pfalz;0
2020-01-13;Saarland;0
2020-01-13;Sachsen;0
2020-01-13;Sachsen-Anhalt;0
2020-01-13;Schleswig-Holstein;0
2020-01-13;Thüringen;0
2020-01-14;Baden-Württemberg;0
2020-01-14;Bayern;0
2020-01-14;Berlin;0
2020-01-14;Brandenburg;0
2020-01-14;Bremen;0
2020-01-14;Hamburg;0
2020-01-14;Hessen;0
2020-01-14;Mecklenburg-Vorpommern;0
2020-01-14;Niedersachsen;0
2020-01-14;Nordrhein-Westfalen;0
2020-01-14;Rheinland-Pfalz;0
2020-01-14;Saarland;0
2020-01-14;Sachsen;0
2020-01-14;Sachsen-Anhalt;0
2020-01-14;Schleswig-Holstein;0
2020-01-14;Thüringen;0
2020-01-15;Baden-Württemberg;0
2020-01-15;Bayern;0
2020-01-15;Berlin;0
2020-01-15;Brandenburg;0
2020-01-15;Bremen;0
2020-01-15;Hamburg;0
2020-01-15;Hessen;0
2020-01-15;Mecklenburg-Vorpommern;0
2020-01-15;Niedersachsen;0
2020-01-15;Nordrhein-Westfalen;0
2020-01-15;Rheinland-Pfalz;0
2020-01-15;Saarland;0
2020-01-15;Sachsen;0
2020-01-15;Sachsen-Anhalt;0
2020-01-15;Schleswig-Holstein;0
2020-01-15;Thüringen;0
2020-01-16;Baden-Württemberg;0
2020-01-16;Bayern;0
2020-01-16;Berlin;0
2020-01-16;Brandenburg;0
2020-01-16;Bremen;0
2020-01-16;Hamburg;0
2020-01-16;Hessen;0
2020-01-16;Mecklenburg-Vorpommern;0
2020-01-16;Niedersachsen;0
2020-01-16;Nordrhein-Westfalen;0
2020-01-16;Rheinland-Pfalz;0
2020-01-16;Saarland;0
2020-01-16;Sachsen;0
2020-01-16;Sachsen-Anhalt;0
2020-01-16;Schleswig-Holstein;0
2020-01-16;Thüringen;0
2020-01-17;Baden-Württemberg;0
2020-01-17;Bayern;0
2020-01-17;Berlin;0
2020-01-17;Brandenburg;0
2020-01-17;Bremen;0
2020-01-17;Hamburg;0
2020-01-17;Hessen;0
2020-01-17;Mecklenburg-Vorpommern;0
2020-01-17;Niedersachsen;0
2020-01-17;Nordrhein-Westfalen;0
2020-01-17;Rheinland-Pfalz;0
2020-01-17;Saarland;0
2020-01-17;Sachsen;0
2020-01-17;Sachsen-Anhalt;0
2020-01-17;Schleswig-Holstein;0
2020-01-17;Thüringen;0
2020-01-18;Baden-Württemberg;0
2020-01-18;Bayern;0
2020-01-18;Berlin;0
2020-01-18;Brandenburg;0
2020-01-18;Bremen;0
2020-01-18;Hamburg;0
2020-01-18;Hessen;0
2020-01-18;Mecklenburg-Vorpommern;0
2020-01-18;Niedersachsen;0
2020-01-18;Nordrhein-Westfalen;0
2020-01-18;Rheinland-Pfalz;0
2020-01-18;Saarland;0
2020-01-18;Sachsen;0
2020-01-18;Sachsen-Anhalt;0
2020-01-18;Schleswig-Holstein;0
2020-01-18;Thüringen;0
2020-01-19;Baden-Württemberg;0
2020-01-19;Bayern;0
2020-01-19;Berlin;0
2020-01-19;Brandenburg;0
2020-01-19;Bremen;0
2020-01-19;Hamburg;0
2020-01-19;Hessen;0
2020-01-19;Mecklenburg-Vorpommern;0
2020-01-19;Niedersachsen;0
2020-01-19;Nordrhein-Westfalen;0
2020-01-19;Rheinland-Pfalz;0
2020-01-19;Saarland;0
2020-01-19;Sachsen;0
2020-01-19;Sachsen-Anhalt;0
2020-01-19;Schleswig-Holstein;0
2020-01-19;Thüringen;0
2020-01-20;Baden-Württemberg;0
2020-01-20;Bayern;0
2020-01-20;Berlin;0
2020-01-20;Brandenburg;0
2020-01-20;Bremen;0
2020-01-20;Hamburg;0
2020-01-20;Hessen;0
2020-01-20;Mecklenburg-Vorpommern;0
2020-01-20;Niedersachsen;0
2020-01-20;Nordrhein-Westfalen;0
2020-01-20;Rheinland-Pfalz;0
2020-01-20;Saarland;0
2020-01-20;Sachsen;0
2020-01-20;Sachsen-Anhalt;0
2020-01-20;Schleswig-Holstein;0
2020-01-20;Thüringen;0
2020-01-21;Baden-Württemberg;0
2020-01-21;Bayern;0
2020-01-21;Berlin;0
2020-01-21;Brandenburg;0
2020-01-21;Bremen;0
2020-01-21;Hamburg;0
2020-01-21;Hessen;0
2020-01-21;Mecklenburg-Vorpommern;0
2020-01-21;Niedersachsen;0
2020-01-21;Nordrhein-Westfalen;0
2020-01-21;Rheinland-Pfalz;0
2020-01-21;Saarland;0
2020-01-21;Sachsen;0
2020-01-21;Sachsen-Anhalt;0
2020-01-21;Schleswig-Holstein;0
2020-01-21;Thüringen;0
2020-01-22;Baden-Württemberg;0
2020-01-22;Bayern;0
2020-01-22;Berlin;0
2020-01-22;Brandenburg;0
2020-01-22;Bremen;0
2020-01-22;Hamburg;0
2020-01-22;Hessen;0
2020-01-22;Mecklenburg-Vorpommern;0
2020-01-22;Niedersachsen;0
2020-01-22;Nordrhein-Westfalen;0
2020-01-22;Rheinland-Pfalz;0
2020-01-22;Saarland;0
2020-01-22;Sachsen;0
2020-01-22;Sachsen-Anhalt;0
2020-01-22;Schleswig-Holstein;0
2020-01-22;Thüringen;0
2020-01-23;Baden-Württemberg;0
2020-01-23;Bayern;0
2020-01-23;Berlin;0
2020-01-23;Brandenburg;0
2020-01-23;Bremen;0
2020-01-23;Hamburg;0
2020-01-23;Hessen;0
2020-01-23;Mecklenburg-Vorpommern;0
2020-01-23;Niedersachsen;0
2020-01-23;Nordrhein-Westfalen;0
2020-01-23;Rheinland-Pfalz;0
2020-01-23;Saarland;0
2020-01-23;Sachsen;0
2020-01-23;Sachsen-Anhalt;0
2020-01-23;Schleswig-Holstein;0
2020-01-23;Thüringen;0
2020-01-24;Baden-Württemberg;0
2020-01-24;Bayern;0
2020-01-24;Berlin;0
2020-01-24;Brandenburg;0
2020-01-24;Bremen;0
2020-01-24;Hamburg;0
2020-01-24;Hessen;0
2020-01-24;Mecklenburg-Vorpommern;0
2020-01-24;Niedersachsen;0
2020-01-24;Nordrhein-Westfalen;0
2020-01-24;Rheinland-Pfalz;0
2020-01-24;Saarland;0
2020-01-24;Sachsen;0
2020-01-24;Sachsen-Anhalt;0
2020-01-24;Schleswig-Holstein;0
2020-01-24;Thüringen;0
2020-01-25;Baden-Württemberg;0
2020-01-25;Bayern;0
2020-01-25;Berlin;0
2020-01-25;Brandenburg;0
2020-01-25;Bremen;0
2020-01-25;Hamburg;0
2020-01-25;Hessen;0
2020-01-25;Mecklenburg-Vorpommern;0
2020-01-25;Niedersachsen;0
2020-01-25;Nordrhein-Westfalen;0
2020-01-25;Rheinland-Pfalz;0
2020-01-25;Saarland;0
2020-01-25;Sachsen;0
2020-01-25;Sachsen-Anhalt;0
2020-01-25;Schleswig-Holstein;0
2020-01-25;Thüringen;0
2020-01-26;Baden-Württemberg;0
2020-01-26;Bayern;0
2020-01-26;Berlin;0
2020-01-26;Brandenburg;0
2020-01-26;Bremen;0
2020-01-26;Hamburg;0
2020-01-26;Hessen;0
2020-01-26;Mecklenburg-Vorpommern;0
2020-01-26;Niedersachsen;0
2020-01-26;Nordrhein-Westfalen;0
2020-01-26;Rheinland-Pfalz;0
2020-01-26;Saarland;0
2020-01-26;Sachsen;0
2020-01-26;Sachsen-Anhalt;0
2020-01-26;Schleswig-Holstein;0
2020-01-26;Thüringen;0
2020-01-27;Baden-Württemberg;0
2020-01-27;Bayern;0
2020-01-27;Berlin;0
2020-01-27;Brandenburg;0
2020-01-27;Bremen;0
2020-01-27;Hamburg;0
2020-01-27;Hessen;0
2020-01-27;Mecklenburg-Vorpommern;0
2020-01-27;Niedersachsen;0
2020-01-27;Nordrhein-Westfalen;0
2020-01-27;Rheinland-Pfalz;0
2020-01-27;Saarland;0
2020-01-27;Sachsen;0
2020-01-27;Sachsen-Anhalt;0
2020-01-27;Schleswig-Holstein;0
2020-01-27;Thüringen;0
2020-01-28;Baden-Württemberg;0
2020-01-28;Bayern;0
2020-01-28;Berlin;0
2020-01-28;Brandenburg;0
2020-01-28;Bremen;0
2020-01-28;Hamburg;0
2020-01-28;Hessen;0
2020-01-28;Mecklenburg-Vorpommern;0
2020-01-28;Niedersachsen;0
2020-01-28;Nordrhein-Westfalen;0
2020-01-28;Rheinland-Pfalz;0
2020-01-28;Saarland;0
2020-01-28;Sachsen;0
2020-01-28;Sachsen-Anhalt;0
2020-01-28;Schleswig-Holstein;0
2020-01-28;Thüringen;0
2020-01-29;Baden-Württemberg;0
2020-01-29;Bayern;0
2020-01-29;Berlin;0
2020-01-29;Brandenburg;0
2020-01-29;Bremen;0
2020-01-29;Hamburg;0
2020-01-29;Hessen;0
2020-01-29;Mecklenburg-Vorpommern;0
2020-01-29;Niedersachsen;0
2020-01-29;Nordrhein-Westfalen;0
2020-01-29;Rheinland-Pfalz;0
2020-01-29;Saarland;0
2020-01-29;Sachsen;0
2020-01-29;Sachsen-Anhalt;0
2020-01-29;Schleswig-Holstein;0
2020-01-29;Thüringen;0
2020-01-30;Baden-Württemberg;0
2020-01-30;Bayern;0
2020-01-30;Berlin;0
2020-01-30;Brandenburg;0
2020-01-30;Bremen;0
2020-01-30;Hamburg;0
2020-01-30;Hessen;0
2020-01-30;Mecklenburg-Vorpommern;0
2020-01-30;Niedersachsen;0
2020-01-30;Nordrhein-Westfalen;0
2020-01-30;Rheinland-Pfalz;0
2020-01-30;Saarland;0
2020-01-30;Sachsen;0
2020-01-30;Sachsen-Anhalt;0
2020-01-30;Schleswig-Holstein;0
2020-01-30;Thüringen;0
2020-01-31;Baden-Württemberg;0
2020-01-31;Bayern;0
2020-01-31;Berlin;0
2020-01-31;Brandenburg;0
2020-01-31;Bremen;0
2020-01-31;Hamburg;0
2020-01-31;Hessen;0
2020-01-31;Mecklenburg-Vorpommern;0
2020-01-31;Niedersachsen;0
2020-01-31;Nordrhein-Westfalen;0
2020-01-31;Rheinland-Pfalz;0
2020-01-31;Saarland;0
2020-01-31;Sachsen;0
2020-01-31;Sachsen-Anhalt;0
2020-01-31;Schleswig-Holstein;0
2020-01-31;Thüringen;0
2020-02-01;Baden-Württemberg;0
2020-02-01;Bayern;0
2020-02-01;Berlin;0
2020-02-01;Brandenburg;0
2020-02-01;Bremen;0
2020-02-01;Hamburg;0
2020-02-01;Hessen;0
2020-02-01;Mecklenburg-Vorpommern;0
2020-02-01;Niedersachsen;0
2020-02-01;Nordrhein-Westfalen;0
2020-02-01;Rheinland-Pfalz;0
2020-02-01;Saarland;0
2020-02-01;Sachsen;0
2020-02-01;Sachsen-Anhalt;0
2020-02-01;Schleswig-Holstein;0
2020-02-01;Thüringen;0
2020-02-02;Baden-Württemberg;0
2020-02-02;Bayern;0
2020-02-02;Berlin;0
2020-02-02;Brandenburg;0
2020-02-02;Bremen;0
2020-02-02;Hamburg;0
2020-02-02;Hessen;0
2020-02-02;Mecklenburg-Vorpommern;0
2020-02-02;Niedersachsen;0
2020-02-02;Nordrhein-Westfalen;0
2020-02-02;Rheinland-Pfalz;0
2020-02-02;Saarland;0
2020-02-02;Sachsen;0
2020-02-02;Sachsen-Anhalt;0
2020-02-02;Schleswig-Holstein;0
2020-02-02;Thüringen;0
2020-02-03;Baden-Württemberg;0
2020-02-03;Bayern;0
2020-02-03;Berlin;0
2020-02-03;Brandenburg;0
2020-02-03;Bremen;0
2020-02-03;Hamburg;0
2020-02-03;Hessen;0
2020-02-03;Mecklenburg-Vorpommern;0
2020-02-03;Niedersachsen;0
2020-02-03;Nordrhein-Westfalen;0
2020-02-03;Rheinland-Pfalz;0
2020-02-03;Saarland;0
2020-02-03;Sachsen;0
2020-02-03;Sachsen-Anhalt;0
2020-02-03;Schleswig-Holstein;0
2020-02-03;Thüringen;0
2020-02-04;Baden-Württemberg;0
2020-02-04;Bayern;0
2020-02-04;Berlin;0
2020-02-04;Brandenburg;0
2020-02-04;Bremen;0
2020-02-04;Hamburg;0
2020-02-04;Hessen;0
2020-02-04;Mecklenburg-Vorpommern;0
2020-02-04;Niedersachsen;0
2020-02-04;Nordrhein-Westfalen;0
2020-02-04;Rheinland-Pfalz;0
2020-02-04;Saarland;0
2020-02-04;Sachsen;0
2020-02-04;Sachsen-Anhalt;0
2020-02-04;Schleswig-Holstein;0
2020-02-04;Thüringen;0
2020-02-05;Baden-Württemberg;0
2020-02-05;Bayern;0
2020-02-05;Berlin;0
2020-02-05;Brandenburg;0
2020-02-05;Bremen;0
2020-02-05;Hamburg;0
2020-02-05;Hessen;0
2020-02-05;Mecklenburg-Vorpommern;0
2020-02-05;Niedersachsen;0
2020-02-05;Nordrhein-Westfalen;0
2020-02-05;Rheinland-Pfalz;0
2020-02-05;Saarland;0
2020-02-05;Sachsen;0
2020-02-05;Sachsen-Anhalt;0
2020-02-05;Schleswig-Holstein;0
2020-02-05;Thüringen;0
2020-02-06;Baden-Württemberg;0
2020-02-06;Bayern;0
2020-02-06;Berlin;0
2020-02-06;Brandenburg;0
2020-02-06;Bremen;0
2020-02-06;Hamburg;0
2020-02-06;Hessen;0
2020-02-06;Mecklenburg-Vorpommern;0
2020-02-06;Niedersachsen;0
2020-02-06;Nordrhein-Westfalen;0
2020-02-06;Rheinland-Pfalz;0
2020-02-06;Saarland;0
2020-02-06;Sachsen;0
2020-02-06;Sachsen-Anhalt;0
2020-02-06;Schleswig-Holstein;0
2020-02-06;Thüringen;0
2020-02-07;Baden-Württemberg;0
2020-02-07;Bayern;0
2020-02-07;Berlin;0
2020-02-07;Brandenburg;0
2020-02-07;Bremen;0
2020-02-07;Hamburg;0
2020-02-07;Hessen;0
2020-02-07;Mecklenburg-Vorpommern;0
2020-02-07;Niedersachsen;0
2020-02-07;Nordrhein-Westfalen;0
2020-02-07;Rheinland-Pfalz;0
2020-02-07;Saarland;0
2020-02-07;Sachsen;0
2020-02-07;Sachsen-Anhalt;0
2020-02-07;Schleswig-Holstein;0
2020-02-07;Thüringen;0
2020-02-08;Baden-Württemberg;0
2020-02-08;Bayern;0
2020-02-08;Berlin;0
2020-02-08;Brandenburg;0
2020-02-08;Bremen;0
2020-02-08;Hamburg;0
2020-02-08;Hessen;0
2020-02-08;Mecklenburg-Vorpommern;0
2020-02-08;Niedersachsen;0
2020-02-08;Nordrhein-Westfalen;0
2020-02-08;Rheinland-Pfalz;0
2020-02-08;Saarland;0
2020-02-08;Sachsen;0
2020-02-08;Sachsen-Anhalt;0
2020-02-08;Schleswig-Holstein;0
2020-02-08;Thüringen;0
2020-02-09;Baden-Württemberg;0
2020-02-09;Bayern;0
2020-02-09;Berlin;0
2020-02-09;Brandenburg;0
2020-02-09;Bremen;0
2020-02-09;Hamburg;0
2020-02-09;Hessen;0
2020-02-09;Mecklenburg-Vorpommern;0
2020-02-09;Niedersachsen;0
2020-02-09;Nordrhein-Westfalen;0
2020-02-09;Rheinland-Pfalz;0
2020-02-09;Saarland;0
2020-02-09;Sachsen;0
2020-02-09;Sachsen-Anhalt;0
2020-02-09;Schleswig-Holstein;0
2020-02-09;Thüringen;0
2020-02-10;Baden-Württemberg;0
2020-02-10;Bayern;0
2020-02-10;Berlin;0
2020-02-10;Brandenburg;0
2020-02-10;Bremen;0
2020-02-10;Hamburg;0
2020-02-10;Hessen;0
2020-02-10;Mecklenburg-Vorpommern;0
2020-02-10;Niedersachsen;0
2020-02-10;Nordrhein-Westfalen;0
2020-02-10;Rheinland-Pfalz;0
2020-02-10;Saarland;0
2020-02-10;Sachsen;0
2020-02-10;Sachsen-Anhalt;0
2020-02-10;Schleswig-Holstein;0
2020-02-10;Thüringen;0
2020-02-11;Baden-Württemberg;0
2020-02-11;Bayern;0
2020-02-11;Berlin;0
2020-02-11;Brandenburg;0
2020-02-11;Bremen;0
2020-02-11;Hamburg;0
2020-02-11;Hessen;0
2020-02-11;Mecklenburg-Vorpommern;0
2020-02-11;Niedersachsen;0
2020-02-11;Nordrhein-Westfalen;0
2020-02-11;Rheinland-Pfalz;0
2020-02-11;Saarland;0
2020-02-11;Sachsen;0
2020-02-11;Sachsen-Anhalt;0
2020-02-11;Schleswig-Holstein;0
2020-02-11;Thüringen;0
2020-02-12;Baden-Württemberg;0
2020-02-12;Bayern;0
2020-02-12;Berlin;0
2020-02-12;Brandenburg;0
2020-02-12;Bremen;0
2020-02-12;Hamburg;0
2020-02-12;Hessen;0
2020-02-12;Mecklenburg-Vorpommern;0
2020-02-12;Niedersachsen;0
2020-02-12;Nordrhein-Westfalen;0
2020-02-12;Rheinland-Pfalz;0
2020-02-12;Saarland;0
2020-02-12;Sachsen;0
2020-02-12;Sachsen-Anhalt;0
2020-02-12;Schleswig-Holstein;0
2020-02-12;Thüringen;0
2020-02-13;Baden-Württemberg;0
2020-02-13;Bayern;0
2020-02-13;Berlin;0
2020-02-13;Brandenburg;0
2020-02-13;Bremen;0
2020-02-13;Hamburg;0
2020-02-13;Hessen;0
2020-02-13;Mecklenburg-Vorpommern;0
2020-02-13;Niedersachsen;0
2020-02-13;Nordrhein-Westfalen;0
2020-02-13;Rheinland-Pfalz;0
2020-02-13;Saarland;0
2020-02-13;Sachsen;0
2020-02-13;Sachsen-Anhalt;0
2020-02-13;Schleswig-Holstein;0
2020-02-13;Thüringen;0
2020-02-14;Baden-Württemberg;0
2020-02-14;Bayern;0
2020-02-14;Berlin;0
2020-02-14;Brandenburg;0
2020-02-14;Bremen;0
2020-02-14;Hamburg;0
2020-02-14;Hessen;0
2020-02-14;Mecklenburg-Vorpommern;0
2020-02-14;Niedersachsen;0
2020-02-14;Nordrhein-Westfalen;0
2020-02-14;Rheinland-Pfalz;0
2020-02-14;Saarland;0
2020-02-14;Sachsen;0
2020-02-14;Sachsen-Anhalt;0
2020-02-14;Schleswig-Holstein;0
2020-02-14;Thüringen;0
2020-02-15;Baden-Württemberg;0
2020-02-15;Bayern;0
2020-02-15;Berlin;0
2020-02-15;Brandenburg;0
2020-02-15;Bremen;0
2020-02-15;Hamburg;0
2020-02-15;Hessen;0
2020-02-15;Mecklenburg-Vorpommern;0
2020-02-15;Niedersachsen;0
2020-02-15;Nordrhein-Westfalen;0
2020-02-15;Rheinland-Pfalz;0
2020-02-15;Saarland;0
2020-02-15;Sachsen;0
2020-02-15;Sachsen-Anhalt;0
2020-02-15;Schleswig-Holstein;0
2020-02-15;Thüringen;0
2020-02-16;Baden-Württemberg;0
2020-02-16;Bayern;0
2020-02-16;Berlin;0
2020-02-16;Brandenburg;0
2020-02-16;Bremen;0
2020-02-16;Hamburg;0
2020-02-16;Hessen;0
2020-02-16;Mecklenburg-Vorpommern;0
2020-02-16;Niedersachsen;0
2020-02-16;Nordrhein-Westfalen;0
2020-02-16;Rheinland-Pfalz;0
2020-02-16;Saarland;0
2020-02-16;Sachsen;0
2020-02-16;Sachsen-Anhalt;0
2020-02-16;Schleswig-Holstein;0
2020-02-16;Thüringen;0
2020-02-17;Baden-Württemberg;0
2020-02-17;Bayern;0
2020-02-17;Berlin;0
2020-02-17;Brandenburg;0
2020-02-17;Bremen;0
2020-02-17;Hamburg;0
2020-02-17;Hessen;0
2020-02-17;Mecklenburg-Vorpommern;0
2020-02-17;Niedersachsen;0
2020-02-17;Nordrhein-Westfalen;0
2020-02-17;Rheinland-Pfalz;0
2020-02-17;Saarland;0
2020-02-17;Sachsen;0
2020-02-17;Sachsen-Anhalt;0
2020-02-17;Schleswig-Holstein;0
2020-02-17;Thüringen;0
2020-02-18;Baden-Württemberg;0
2020-02-18;Bayern;0
2020-02-18;Berlin;0
2020-02-18;Brandenburg;0
2020-02-18;Bremen;0
2020-02-18;Hamburg;0
2020-02-18;Hessen;0
2020-02-18;Mecklenburg-Vorpommern;0
2020-02-18;Niedersachsen;0
2020-02-18;Nordrhein-Westfalen;0
2020-02-18;Rheinland-Pfalz;0
2020-02-18;Saarland;0
2020-02-18;Sachsen;0
2020-02-18;Sachsen-Anhalt;0
2020-02-18;Schleswig-Holstein;0
2020-02-18;Thüringen;0
2020-02-19;Baden-Württemberg;0
2020-02-19;Bayern;0
2020-02-19;Berlin;0
2020-02-19;Brandenburg;0
2020-02-19;Bremen;0
2020-02-19;Hamburg;0
2020-02-19;Hessen;0
2020-02-19;Mecklenburg-Vorpommern;0
2020-02-19;Niedersachsen;0
2020-02-19;Nordrhein-Westfalen;0
2020-02-19;Rheinland-Pfalz;0
2020-02-19;Saarland;0
2020-02-19;Sachsen;0
2020-02-19;Sachsen-Anhalt;0
2020-02-19;Schleswig-Holstein;0
2020-02-19;Thüringen;0
2020-02-20;Baden-Württemberg;0
2020-02-20;Bayern;0
2020-02-20;Berlin;0
2020-02-20;Brandenburg;0
2020-02-20;Bremen;0
2020-02-20;Hamburg;0
2020-02-20;Hessen;0
2020-02-20;Mecklenburg-Vorpommern;0
2020-02-20;Niedersachsen;0
2020-02-20;Nordrhein-Westfalen;0
2020-02-20;Rheinland-Pfalz;0
2020-02-20;Saarland;0
2020-02-20;Sachsen;0
2020-02-20;Sachsen-Anhalt;0
2020-02-20;Schleswig-Holstein;0
2020-02-20;Thüringen;0
2020-02-21;Baden-Württemberg;0
2020-02-21;Bayern;0
2020-02-21;Berlin;0
2020-02-21;Brandenburg;0
2020-02-21;Bremen;0
2020-02-21;Hamburg;0
2020-02-21;Hessen;0
2020-02-21;Mecklenburg-Vorpommern;0
2020-02-21;Niedersachsen;0
2020-02-21;Nordrhein-Westfalen;0
2020-02-21;Rheinland-Pfalz;0
2020-02-21;Saarland;0
2020-02-21;Sachsen;0
2020-02-21;Sachsen-Anhalt;0
2020-02-21;Schleswig-Holstein;0
2020-02-21;Thüringen;0
2020-02-22;Baden-Württemberg;0
2020-02-22;Bayern;0
2020-02-22;Berlin;0
2020-02-22;Brandenburg;0
2020-02-22;Bremen;0
2020-02-22;Hamburg;0
2020-02-22;Hessen;0
2020-02-22;Mecklenburg-Vorpommern;0
2020-02-22;Niedersachsen;0
2020-02-22;Nordrhein-Westfalen;0
2020-02-22;Rheinland-Pfalz;0
2020-02-22;Saarland;0
2020-02-22;Sachsen;0
2020-02-22;Sachsen-Anhalt;0
2020-02-22;Schleswig-Holstein;0
2020-02-22;Thüringen;0
2020-02-23;Baden-Württemberg;0
2020-02-23;Bayern;0
2020-02-23;Berlin;0
2020-02-23;Brandenburg;0
2020-02-23;Bremen;0
2020-02-23;Hamburg;0
2020-02-23;Hessen;0
2020-02-23;Mecklenburg-Vorpommern;0
2020-02-23;Niedersachsen;0
2020-02-23;Nordrhein-Westfalen;0
2020-02-23;Rheinland-Pfalz;0
2020-02-23;Saarland;0
2020-02-23;Sachsen;0
2020-02-23;Sachsen-Anhalt;0
2020-02-23;Schleswig-Holstein;0
2020-02-23;Thüringen;0
2020-02-24;Baden-Württemberg;0
2020-02-24;Bayern;0
2020-02-24;Berlin;0
2020-02-24;Brandenburg;0
2020-02-24;Bremen;0
2020-02-24;Hamburg;0
2020-02-24;Hessen;0
2020-02-24;Mecklenburg-Vorpommern;0
2020-02-24;Niedersachsen;0
2020-02-24;Nordrhein-Westfalen;0
2020-02-24;Rheinland-Pfalz;0
2020-02-24;Saarland;0
2020-02-24;Sachsen;0
2020-02-24;Sachsen-Anhalt;0
2020-02-24;Schleswig-Holstein;0
2020-02-24;Thüringen;0
2020-02-25;Baden-Württemberg;0
2020-02-25;Bayern;0
2020-02-25;Berlin;0
2020-02-25;Brandenburg;0
2020-02-25;Bremen;0
2020-02-25;Hamburg;0
2020-02-25;Hessen;0
2020-02-25;Mecklenburg-Vorpommern;0
2020-02-25;Niedersachsen;0
2020-02-25;Nordrhein-Westfalen;0
2020-02-25;Rheinland-Pfalz;0
2020-02-25;Saarland;0
2020-02-25;Sachsen;0
2020-02-25;Sachsen-Anhalt;0
2020-02-25;Schleswig-Holstein;0
2020-02-25;Thüringen;0
2020-02-26;Baden-Württemberg;0
2020-02-26;Bayern;0
2020-02-26;Berlin;0
2020-02-26;Brandenburg;0
2020-02-26;Bremen;0
2020-02-26;Hamburg;0
2020-02-26;Hessen;0
2020-02-26;Mecklenburg-Vorpommern;0
2020-02-26;Niedersachsen;0
2020-02-26;Nordrhein-Westfalen;0
2020-02-26;Rheinland-Pfalz;0
2020-02-26;Saarland;0
2020-02-26;Sachsen;0
2020-02-26;Sachsen-Anhalt;0
2020-02-26;Schleswig-Holstein;0
2020-02-26;Thüringen;0
2020-02-27;Baden-Württemberg;0
2020-02-27;Bayern;0
2020-02-27;Berlin;0
2020-02-27;Brandenburg;0
2020-02-27;Bremen;0
2020-02-27;Hamburg;0
2020-02-27;Hessen;0
2020-02-27;Mecklenburg-Vorpommern;0
2020-02-27;Niedersachsen;0
2020-02-27;Nordrhein-Westfalen;0
2020-02-27;Rheinland-Pfalz;0
2020-02-27;Saarland;0
2020-02-27;Sachsen;0
2020-02-27;Sachsen-Anhalt;0
2020-02-27;Schleswig-Holstein;0
2020-02-27;Thüringen;0
2020-02-28;Baden-Württemberg;0
2020-02-28;Bayern;0
2020-02-28;Berlin;0
2020-02-28;Brandenburg;0
2020-02-28;Bremen;0
2020-02-28;Hamburg;0
2020-02-28;Hessen;0
2020-02-28;Mecklenburg-Vorpommern;0
2020-02-28;Niedersachsen;0
2020-02-28;Nordrhein-Westfalen;0
2020-02-28;Rheinland-Pfalz;0
2020-02-28;Saarland;0
2020-02-28;Sachsen;0
2020-02-28;Sachsen-Anhalt;0
2020-02-28;Schleswig-Holstein;0
2020-02-28;Thüringen;0
2020-02-29;Baden-Württemberg;0
2020-02-29;Bayern;0
2020-02-29;Berlin;0
2020-02-29;Brandenburg;0
2020-02-29;Bremen;0
2020-02-29;Hamburg;0
2020-02-29;Hessen;0
2020-02-29;Mecklenburg-Vorpommern;0
2020-02-29;Niedersachsen;0
2020-02-29;Nordrhein-Westfalen;0
2020-02-29;Rheinland-Pfalz;0
2020-02-29;Saarland;0
2020-02-29;Sachsen;0
2020-02-29;Sachsen-Anhalt;0
2020-02-29;Schleswig-Holstein;0
2020-02-29;Thüringen;0
2020-03-01;Baden-Württemberg;0
2020-03-01;Bayern;0
2020-03-01;Berlin;0
2020-03-01;Brandenburg;0
2020-03-01;Bremen;0
2020-03-01;Hamburg;0
2020-03-01;Hessen;0
2020-03-01;Mecklenburg-Vorpommern;0
2020-03-01;Niedersachsen;0
2020-03-01;Nordrhein-Westfalen;0
2020-03-01;Rheinland-Pfalz;0
2020-03-01;Saarland;0
2020-03-01;Sachsen;0
2020-03-01;Sachsen-Anhalt;0
2020-03-01;Schleswig-Holstein;0
2020-03-01;Thüringen;0
2020-03-02;Baden-Württemberg;0
2020-03-02;Bayern;0
2020-03-02;Berlin;0
2020-03-02;Brandenburg;0
2020-03-02;Bremen;0
2020-03-02;Hamburg;0
2020-03-02;Hessen;0
2020-03-02;Mecklenburg-Vorpommern;0
2020-03-02;Niedersachsen;0
2020-03-02;Nordrhein-Westfalen;0
2020-03-02;Rheinland-Pfalz;0
2020-03-02;Saarland;0
2020-03-02;Sachsen;0
2020-03-02;Sachsen-Anhalt;0
2020-03-02;Schleswig-Holstein;0
2020-03-02;Thüringen;0
2020-03-03;Baden-Württemberg;0
2020-03-03;Bayern;0
2020-03-03;Berlin;0
2020-03-03;Brandenburg;0
2020-03-03;Bremen;0
2020-03-03;Hamburg;0
2020-03-03;Hessen;0
2020-03-03;Mecklenburg-Vorpommern;0
2020-03-03;Niedersachsen;0
2020-03-03;Nordrhein-Westfalen;0
2020-03-03;Rheinland-Pfalz;0
2020-03-03;Saarland;0
2020-03-03;Sachsen;0
2020-03-03;Sachsen-Anhalt;0
2020-03-03;Schleswig-Holstein;0
2020-03-03;Thüringen;0
2020-03-04;Baden-Württemberg;0
2020-03-04;Bayern;0
2020-03-04;Berlin;0
2020-03-04;Brandenburg;0
2020-03-04;Bremen;0
2020-03-04;Hamburg;0
2020-03-04;Hessen;0
2020-03-04;Mecklenburg-Vorpommern;0
2020-03-04;Niedersachsen;0
2020-03-04;Nordrhein-Westfalen;0
2020-03-04;Rheinland-Pfalz;0
2020-03-04;Saarland;0
2020-03-04;Sachsen;0
2020-03-04;Sachsen-Anhalt;0
2020-03-04;Schleswig-Holstein;0
2020-03-04;Thüringen;0
2020-03-05;Baden-Württemberg;0
2020-03-05;Bayern;0
2020-03-05;Berlin;0
2020-03-05;Brandenburg;0
2020-03-05;Bremen;0
2020-03-05;Hamburg;0
2020-03-05;Hessen;0
2020-03-05;Mecklenburg-Vorpommern;0
2020-03-05;Niedersachsen;0
2020-03-05;Nordrhein-Westfalen;0
2020-03-05;Rheinland-Pfalz;0
2020-03-05;Saarland;0
2020-03-05;Sachsen;0
2020-03-05;Sachsen-Anhalt;0
2020-03-05;Schleswig-Holstein;0
2020-03-05;Thüringen;0
2020-03-06;Baden-Württemberg;0
2020-03-06;Bayern;0
2020-03-06;Berlin;0
2020-03-06;Brandenburg;0
2020-03-06;Bremen;0
2020-03-06;Hamburg;0
2020-03-06;Hessen;0
2020-03-06;Mecklenburg-Vorpommern;0
2020-03-06;Niedersachsen;0
2020-03-06;Nordrhein-Westfalen;0
2020-03-06;Rheinland-Pfalz;0
2020-03-06;Saarland;0
2020-03-06;Sachsen;0
2020-03-06;Sachsen-Anhalt;0
2020-03-06;Schleswig-Holstein;0
2020-03-06;Thüringen;0
2020-03-07;Baden-Württemberg;0
2020-03-07;Bayern;0
2020-03-07;Berlin;0
2020-03-07;Brandenburg;0
2020-03-07;Bremen;0
2020-03-07;Hamburg;0
2020-03-07;Hessen;0
2020-03-07;Mecklenburg-Vorpommern;0
2020-03-07;Niedersachsen;0
2020-03-07;Nordrhein-Westfalen;0
2020-03-07;Rheinland-Pfalz;0
2020-03-07;Saarland;0
2020-03-07;Sachsen;0
2020-03-07;Sachsen-Anhalt;0
2020-03-07;Schleswig-Holstein;0
2020-03-07;Thüringen;0
2020-03-08;Baden-Württemberg;0
2020-03-08;Bayern;0
2020-03-08;Berlin;1
2020-03-08;Brandenburg;0
2020-03-08;Bremen;0
2020-03-08;Hamburg;0
2020-03-08;Hessen;0
2020-03-08;Mecklenburg-Vorpommern;0
2020-03-08;Niedersachsen;0
2020-03-08;Nordrhein-Westfalen;0
2020-03-08;Rheinland-Pfalz;0
2020-03-08;Saarland;0
2020-03-08;Sachsen;0
2020-03-08;Sachsen-Anhalt;0
2020-03-08;Schleswig-Holstein;0
2020-03-08;Thüringen;0
2020-03-09;Baden-Württemberg;0
2020-03-09;Bayern;0
2020-03-09;Berlin;0
2020-03-09;Brandenburg;0
2020-03-09;Bremen;0
2020-03-09;Hamburg;0
2020-03-09;Hessen;0
2020-03-09;Mecklenburg-Vorpommern;0
2020-03-09;Niedersachsen;0
2020-03-09;Nordrhein-Westfalen;0
2020-03-09;Rheinland-Pfalz;0
2020-03-09;Saarland;0
2020-03-09;Sachsen;0
2020-03-09;Sachsen-Anhalt;0
2020-03-09;Schleswig-Holstein;0
2020-03-09;Thüringen;0
2020-03-10;Baden-Württemberg;0
2020-03-10;Bayern;0
2020-03-10;Berlin;0
2020-03-10;Brandenburg;0
2020-03-10;Bremen;0
2020-03-10;Hamburg;0
2020-03-10;Hessen;0
2020-03-10;Mecklenburg-Vorpommern;0
2020-03-10;Niedersachsen;0
2020-03-10;Nordrhein-Westfalen;0
2020-03-10;Rheinland-Pfalz;0
2020-03-10;Saarland;0
2020-03-10;Sachsen;0
2020-03-10;Sachsen-Anhalt;0
2020-03-10;Schleswig-Holstein;0
2020-03-10;Thüringen;0
2020-03-11;Baden-Württemberg;0
2020-03-11;Bayern;0
2020-03-11;Berlin;0
2020-03-11;Brandenburg;0
2020-03-11;Bremen;0
2020-03-11;Hamburg;0
2020-03-11;Hessen;0
2020-03-11;Mecklenburg-Vorpommern;0
2020-03-11;Niedersachsen;0
2020-03-11;Nordrhein-Westfalen;0
2020-03-11;Rheinland-Pfalz;0
2020-03-11;Saarland;0
2020-03-11;Sachsen;0
2020-03-11;Sachsen-Anhalt;0
2020-03-11;Schleswig-Holstein;0
2020-03-11;Thüringen;0
2020-03-12;Baden-Württemberg;0
2020-03-12;Bayern;0
2020-03-12;Berlin;0
2020-03-12;Brandenburg;0
2020-03-12;Bremen;0
2020-03-12;Hamburg;0
2020-03-12;Hessen;0
2020-03-12;Mecklenburg-Vorpommern;0
2020-03-12;Niedersachsen;0
2020-03-12;Nordrhein-Westfalen;0
2020-03-12;Rheinland-Pfalz;0
2020-03-12;Saarland;0
2020-03-12;Sachsen;0
2020-03-12;Sachsen-Anhalt;0
2020-03-12;Schleswig-Holstein;0
2020-03-12;Thüringen;0
2020-03-13;Baden-Württemberg;0
2020-03-13;Bayern;0
2020-03-13;Berlin;0
2020-03-13;Brandenburg;0
2020-03-13;Bremen;0
2020-03-13;Hamburg;0
2020-03-13;Hessen;0
2020-03-13;Mecklenburg-Vorpommern;0
2020-03-13;Niedersachsen;0
2020-03-13;Nordrhein-Westfalen;0
2020-03-13;Rheinland-Pfalz;0
2020-03-13;Saarland;0
2020-03-13;Sachsen;0
2020-03-13;Sachsen-Anhalt;0
2020-03-13;Schleswig-Holstein;0
2020-03-13;Thüringen;0
2020-03-14;Baden-Württemberg;0
2020-03-14;Bayern;0
2020-03-14;Berlin;0
2020-03-14;Brandenburg;0
2020-03-14;Bremen;0
2020-03-14;Hamburg;0
2020-03-14;Hessen;0
2020-03-14;Mecklenburg-Vorpommern;0
2020-03-14;Niedersachsen;0
2020-03-14;Nordrhein-Westfalen;0
2020-03-14;Rheinland-Pfalz;0
2020-03-14;Saarland;0
2020-03-14;Sachsen;0
2020-03-14;Sachsen-Anhalt;0
2020-03-14;Schleswig-Holstein;0
2020-03-14;Thüringen;0
2020-03-15;Baden-Württemberg;0
2020-03-15;Bayern;0
2020-03-15;Berlin;0
2020-03-15;Brandenburg;0
2020-03-15;Bremen;0
2020-03-15;Hamburg;0
2020-03-15;Hessen;0
2020-03-15;Mecklenburg-Vorpommern;0
2020-03-15;Niedersachsen;0
2020-03-15;Nordrhein-Westfalen;0
2020-03-15;Rheinland-Pfalz;0
2020-03-15;Saarland;0
2020-03-15;Sachsen;0
2020-03-15;Sachsen-Anhalt;0
2020-03-15;Schleswig-Holstein;0
2020-03-15;Thüringen;0
2020-03-16;Baden-Württemberg;0
2020-03-16;Bayern;0
2020-03-16;Berlin;0
2020-03-16;Brandenburg;0
2020-03-16;Bremen;0
2020-03-16;Hamburg;0
2020-03-16;Hessen;0
2020-03-16;Mecklenburg-Vorpommern;0
2020-03-16;Niedersachsen;0
2020-03-16;Nordrhein-Westfalen;0
2020-03-16;Rheinland-Pfalz;0
2020-03-16;Saarland;0
2020-03-16;Sachsen;0
2020-03-16;Sachsen-Anhalt;0
2020-03-16;Schleswig-Holstein;0
2020-03-16;Thüringen;0
2020-03-17;Baden-Württemberg;0
2020-03-17;Bayern;0
2020-03-17;Berlin;0
2020-03-17;Brandenburg;0
2020-03-17;Bremen;0
2020-03-17;Hamburg;0
2020-03-17;Hessen;0
2020-03-17;Mecklenburg-Vorpommern;0
2020-03-17;Niedersachsen;0
2020-03-17;Nordrhein-Westfalen;0
2020-03-17;Rheinland-Pfalz;0
2020-03-17;Saarland;0
2020-03-17;Sachsen;0
2020-03-17;Sachsen-Anhalt;0
2020-03-17;Schleswig-Holstein;0
2020-03-17;Thüringen;0
2020-03-18;Baden-Württemberg;0
2020-03-18;Bayern;0
2020-03-18;Berlin;0
2020-03-18;Brandenburg;0
2020-03-18;Bremen;0
2020-03-18;Hamburg;0
2020-03-18;Hessen;0
2020-03-18;Mecklenburg-Vorpommern;0
2020-03-18;Niedersachsen;0
2020-03-18;Nordrhein-Westfalen;0
2020-03-18;Rheinland-Pfalz;0
2020-03-18;Saarland;0
2020-03-18;Sachsen;0
2020-03-18;Sachsen-Anhalt;0
2020-03-18;Schleswig-Holstein;0
2020-03-18;Thüringen;0
2020-03-19;Baden-Württemberg;0
2020-03-19;Bayern;0
2020-03-19;Berlin;0
2020-03-19;Brandenburg;0
2020-03-19;Bremen;0
2020-03-19;Hamburg;0
2020-03-19;Hessen;0
2020-03-19;Mecklenburg-Vorpommern;0
2020-03-19;Niedersachsen;0
2020-03-19;Nordrhein-Westfalen;0
2020-03-19;Rheinland-Pfalz;0
2020-03-19;Saarland;0
2020-03-19;Sachsen;0
2020-03-19;Sachsen-Anhalt;0
2020-03-19;Schleswig-Holstein;0
2020-03-19;Thüringen;0
2020-03-20;Baden-Württemberg;0
2020-03-20;Bayern;0
2020-03-20;Berlin;0
2020-03-20;Brandenburg;0
2020-03-20;Bremen;0
2020-03-20;Hamburg;0
2020-03-20;Hessen;0
2020-03-20;Mecklenburg-Vorpommern;0
2020-03-20;Niedersachsen;0
2020-03-20;Nordrhein-Westfalen;0
2020-03-20;Rheinland-Pfalz;0
2020-03-20;Saarland;0
2020-03-20;Sachsen;0
2020-03-20;Sachsen-Anhalt;0
2020-03-20;Schleswig-Holstein;0
2020-03-20;Thüringen;0
2020-03-21;Baden-Württemberg;0
2020-03-21;Bayern;0
2020-03-21;Berlin;0
2020-03-21;Brandenburg;0
2020-03-21;Bremen;0
2020-03-21;Hamburg;0
2020-03-21;Hessen;0
2020-03-21;Mecklenburg-Vorpommern;0
2020-03-21;Niedersachsen;0
2020-03-21;Nordrhein-Westfalen;0
2020-03-21;Rheinland-Pfalz;0
2020-03-21;Saarland;0
2020-03-21;Sachsen;0
2020-03-21;Sachsen-Anhalt;0
2020-03-21;Schleswig-Holstein;0
2020-03-21;Thüringen;0
2020-03-22;Baden-Württemberg;0
2020-03-22;Bayern;0
2020-03-22;Berlin;0
2020-03-22;Brandenburg;0
2020-03-22;Bremen;0
2020-03-22;Hamburg;0
2020-03-22;Hessen;0
2020-03-22;Mecklenburg-Vorpommern;0
2020-03-22;Niedersachsen;0
2020-03-22;Nordrhein-Westfalen;0
2020-03-22;Rheinland-Pfalz;0
2020-03-22;Saarland;0
2020-03-22;Sachsen;0
2020-03-22;Sachsen-Anhalt;0
2020-03-22;Schleswig-Holstein;0
2020-03-22;Thüringen;0
2020-03-23;Baden-Württemberg;0
2020-03-23;Bayern;0
2020-03-23;Berlin;0
2020-03-23;Brandenburg;0
2020-03-23;Bremen;0
2020-03-23;Hamburg;0
2020-03-23;Hessen;0
2020-03-23;Mecklenburg-Vorpommern;0
2020-03-23;Niedersachsen;0
2020-03-23;Nordrhein-Westfalen;0
2020-03-23;Rheinland-Pfalz;0
2020-03-23;Saarland;0
2020-03-23;Sachsen;0
2020-03-23;Sachsen-Anhalt;0
2020-03-23;Schleswig-Holstein;0
2020-03-23;Thüringen;0
2020-03-24;Baden-Württemberg;0
2020-03-24;Bayern;0
2020-03-24;Berlin;0
2020-03-24;Brandenburg;0
2020-03-24;Bremen;0
2020-03-24;Hamburg;0
2020-03-24;Hessen;0
2020-03-24;Mecklenburg-Vorpommern;0
2020-03-24;Niedersachsen;0
2020-03-24;Nordrhein-Westfalen;0
2020-03-24;Rheinland-Pfalz;0
2020-03-24;Saarland;0
2020-03-24;Sachsen;0
2020-03-24;Sachsen-Anhalt;0
2020-03-24;Schleswig-Holstein;0
2020-03-24;Thüringen;0
2020-03-25;Baden-Württemberg;0
2020-03-25;Bayern;0
2020-03-25;Berlin;0
2020-03-25;Brandenburg;0
2020-03-25;Bremen;0
2020-03-25;Hamburg;0
2020-03-25;Hessen;0
2020-03-25;Mecklenburg-Vorpommern;0
2020-03-25;Niedersachsen;0
2020-03-25;Nordrhein-Westfalen;0
2020-03-25;Rheinland-Pfalz;0
2020-03-25;Saarland;0
2020-03-25;Sachsen;0
2020-03-25;Sachsen-Anhalt;0
2020-03-25;Schleswig-Holstein;0
2020-03-25;Thüringen;0
2020-03-26;Baden-Württemberg;0
2020-03-26;Bayern;0
2020-03-26;Berlin;0
2020-03-26;Brandenburg;0
2020-03-26;Bremen;0
2020-03-26;Hamburg;0
2020-03-26;Hessen;0
2020-03-26;Mecklenburg-Vorpommern;0
2020-03-26;Niedersachsen;0
2020-03-26;Nordrhein-Westfalen;0
2020-03-26;Rheinland-Pfalz;0
2020-03-26;Saarland;0
2020-03-26;Sachsen;0
2020-03-26;Sachsen-Anhalt;0
2020-03-26;Schleswig-Holstein;0
2020-03-26;Thüringen;0
2020-03-27;Baden-Württemberg;0
2020-03-27;Bayern;0
2020-03-27;Berlin;0
2020-03-27;Brandenburg;0
2020-03-27;Bremen;0
2020-03-27;Hamburg;0
2020-03-27;Hessen;0
2020-03-27;Mecklenburg-Vorpommern;0
2020-03-27;Niedersachsen;0
2020-03-27;Nordrhein-Westfalen;0
2020-03-27;Rheinland-Pfalz;0
2020-03-27;Saarland;0
2020-03-27;Sachsen;0
2020-03-27;Sachsen-Anhalt;0
2020-03-27;Schleswig-Holstein;0
2020-03-27;Thüringen;0
2020-03-28;Baden-Württemberg;0
2020-03-28;Bayern;0
2020-03-28;Berlin;0
2020-03-28;Brandenburg;0
2020-03-28;Bremen;0
2020-03-28;Hamburg;0
2020-03-28;Hessen;0
2020-03-28;Mecklenburg-Vorpommern;0
2020-03-28;Niedersachsen;0
2020-03-28;Nordrhein-Westfalen;0
2020-03-28;Rheinland-Pfalz;0
2020-03-28;Saarland;0
2020-03-28;Sachsen;0
2020-03-28;Sachsen-Anhalt;0
2020-03-28;Schleswig-Holstein;0
2020-03-28;Thüringen;0
2020-03-29;Baden-Württemberg;0
2020-03-29;Bayern;0
2020-03-29;Berlin;0
2020-03-29;Brandenburg;0
2020-03-29;Bremen;0
2020-03-29;Hamburg;0
2020-03-29;Hessen;0
2020-03-29;Mecklenburg-Vorpommern;0
2020-03-29;Niedersachsen;0
2020-03-29;Nordrhein-Westfalen;0
2020-03-29;Rheinland-Pfalz;0
2020-03-29;Saarland;0
2020-03-29;Sachsen;0
2020-03-29;Sachsen-Anhalt;0
2020-03-29;Schleswig-Holstein;0
2020-03-29;Thüringen;0
2020-03-30;Baden-Württemberg;0
2020-03-30;Bayern;0
2020-03-30;Berlin;0
2020-03-30;Brandenburg;0
2020-03-30;Bremen;0
2020-03-30;Hamburg;0
2020-03-30;Hessen;0
2020-03-30;Mecklenburg-Vorpommern;0
2020-03-30;Niedersachsen;0
2020-03-30;Nordrhein-Westfalen;0
2020-03-30;Rheinland-Pfalz;0
2020-03-30;Saarland;0
2020-03-30;Sachsen;0
2020-03-30;Sachsen-Anhalt;0
2020-03-30;Schleswig-Holstein;0
2020-03-30;Thüringen;0
2020-03-31;Baden-Württemberg;0
2020-03-31;Bayern;0
2020-03-31;Berlin;0
2020-03-31;Brandenburg;0
2020-03-31;Bremen;0
2020-03-31;Hamburg;0
2020-03-31;Hessen;0
2020-03-31;Mecklenburg-Vorpommern;0
2020-03-31;Niedersachsen;0
2020-03-31;Nordrhein-Westfalen;0
2020-03-31;Rheinland-Pfalz;0
2020-03-31;Saarland;0
2020-03-31;Sachsen;0
2020-03-31;Sachsen-Anhalt;0
2020-03-31;Schleswig-Holstein;0
2020-03-31;Thüringen;0
2020-04-01;Baden-Württemberg;0
2020-04-01;Bayern;0
2020-04-01;Berlin;0
2020-04-01;Brandenburg;0
2020-04-01;Bremen;0
2020-04-01;Hamburg;0
2020-04-01;Hessen;0
2020-04-01;Mecklenburg-Vorpommern;0
2020-04-01;Niedersachsen;0
2020-04-01;Nordrhein-Westfalen;0
2020-04-01;Rheinland-Pfalz;0
2020-04-01;Saarland;0
2020-04-01;Sachsen;0
2020-04-01;Sachsen-Anhalt;0
2020-04-01;Schleswig-Holstein;0
2020-04-01;Thüringen;0
2020-04-02;Baden-Württemberg;0
2020-04-02;Bayern;0
2020-04-02;Berlin;0
2020-04-02;Brandenburg;0
2020-04-02;Bremen;0
2020-04-02;Hamburg;0
2020-04-02;Hessen;0
2020-04-02;Mecklenburg-Vorpommern;0
2020-04-02;Niedersachsen;0
2020-04-02;Nordrhein-Westfalen;0
2020-04-02;Rheinland-Pfalz;0
2020-04-02;Saarland;0
2020-04-02;Sachsen;0
2020-04-02;Sachsen-Anhalt;0
2020-04-02;Schleswig-Holstein;0
2020-04-02;Thüringen;0
2020-04-03;Baden-Württemberg;0
2020-04-03;Bayern;0
2020-04-03;Berlin;0
2020-04-03;Brandenburg;0
2020-04-03;Bremen;0
2020-04-03;Hamburg;0
2020-04-03;Hessen;0
2020-04-03;Mecklenburg-Vorpommern;0
2020-04-03;Niedersachsen;0
2020-04-03;Nordrhein-Westfalen;0
2020-04-03;Rheinland-Pfalz;0
2020-04-03;Saarland;0
2020-04-03;Sachsen;0
2020-04-03;Sachsen-Anhalt;0
2020-04-03;Schleswig-Holstein;0
2020-04-03;Thüringen;0
2020-04-04;Baden-Württemberg;0
2020-04-04;Bayern;0
2020-04-04;Berlin;0
2020-04-04;Brandenburg;0
2020-04-04;Bremen;0
2020-04-04;Hamburg;0
2020-04-04;Hessen;0
2020-04-04;Mecklenburg-Vorpommern;0
2020-04-04;Niedersachsen;0
2020-04-04;Nordrhein-Westfalen;0
2020-04-04;Rheinland-Pfalz;0
2020-04-04;Saarland;0
2020-04-04;Sachsen;0
2020-04-04;Sachsen-Anhalt;0
2020-04-04;Schleswig-Holstein;0
2020-04-04;Thüringen;0
2020-04-05;Baden-Württemberg;0
2020-04-05;Bayern;0
2020-04-05;Berlin;0
2020-04-05;Brandenburg;0
2020-04-05;Bremen;0
2020-04-05;Hamburg;0
2020-04-05;Hessen;0
2020-04-05;Mecklenburg-Vorpommern;0
2020-04-05;Niedersachsen;0
2020-04-05;Nordrhein-Westfalen;0
2020-04-05;Rheinland-Pfalz;0
2020-04-05;Saarland;0
2020-04-05;Sachsen;0
2020-04-05;Sachsen-Anhalt;0
2020-04-05;Schleswig-Holstein;0
2020-04-05;Thüringen;0
2020-04-06;Baden-Württemberg;0
2020-04-06;Bayern;0
2020-04-06;Berlin;0
2020-04-06;Brandenburg;0
2020-04-06;Bremen;0
2020-04-06;Hamburg;0
2020-04-06;Hessen;0
2020-04-06;Mecklenburg-Vorpommern;0
2020-04-06;Niedersachsen;0
2020-04-06;Nordrhein-Westfalen;0
2020-04-06;Rheinland-Pfalz;0
2020-04-06;Saarland;0
2020-04-06;Sachsen;0
2020-04-06;Sachsen-Anhalt;0
2020-04-06;Schleswig-Holstein;0
2020-04-06;Thüringen;0
2020-04-07;Baden-Württemberg;0
2020-04-07;Bayern;0
2020-04-07;Berlin;0
2020-04-07;Brandenburg;0
2020-04-07;Bremen;0
2020-04-07;Hamburg;0
2020-04-07;Hessen;0
2020-04-07;Mecklenburg-Vorpommern;0
2020-04-07;Niedersachsen;0
2020-04-07;Nordrhein-Westfalen;0
2020-04-07;Rheinland-Pfalz;0
2020-04-07;Saarland;0
2020-04-07;Sachsen;0
2020-04-07;Sachsen-Anhalt;0
2020-04-07;Schleswig-Holstein;0
2020-04-07;Thüringen;0
2020-04-08;Baden-Württemberg;0
2020-04-08;Bayern;0
2020-04-08;Berlin;0
2020-04-08;Brandenburg;0
2020-04-08;Bremen;0
2020-04-08;Hamburg;0
2020-04-08;Hessen;0
2020-04-08;Mecklenburg-Vorpommern;0
2020-04-08;Niedersachsen;0
2020-04-08;Nordrhein-Westfalen;0
2020-04-08;Rheinland-Pfalz;0
2020-04-08;Saarland;0
2020-04-08;Sachsen;0
2020-04-08;Sachsen-Anhalt;0
2020-04-08;Schleswig-Holstein;0
2020-04-08;Thüringen;0
2020-04-09;Baden-Württemberg;0
2020-04-09;Bayern;0
2020-04-09;Berlin;0
2020-04-09;Brandenburg;0
2020-04-09;Bremen;0
2020-04-09;Hamburg;0
2020-04-09;Hessen;0
2020-04-09;Mecklenburg-Vorpommern;0
2020-04-09;Niedersachsen;0
2020-04-09;Nordrhein-Westfalen;0
2020-04-09;Rheinland-Pfalz;0
2020-04-09;Saarland;0
2020-04-09;Sachsen;0
2020-04-09;Sachsen-Anhalt;0
2020-04-09;Schleswig-Holstein;0
2020-04-09;Thüringen;0
2020-04-10;Baden-Württemberg;1
2020-04-10;Bayern;1
2020-04-10;Berlin;1
2020-04-10;Brandenburg;1
2020-04-10;Bremen;1
2020-04-10;Hamburg;1
2020-04-10;Hessen;1
2020-04-10;Mecklenburg-Vorpommern;1
2020-04-10;Niedersachsen;1
2020-04-10;Nordrhein-Westfalen;1
2020-04-10;Rheinland-Pfalz;1
2020-04-10;Saarland;1
2020-04-10;Sachsen;1
2020-04-10;Sachsen-Anhalt;1
2020-04-10;Schleswig-Holstein;1
2020-04-10;Thüringen;1
2020-04-11;Baden-Württemberg;0
2020-04-11;Bayern;0
2020-04-11;Berlin;0
2020-04-11;Brandenburg;0
2020-04-11;Bremen;0
2020-04-11;Hamburg;0
2020-04-11;Hessen;0
2020-04-11;Mecklenburg-Vorpommern;0
2020-04-11;Niedersachsen;0
2020-04-11;Nordrhein-Westfalen;0
2020-04-11;Rheinland-Pfalz;0
2020-04-11;Saarland;0
2020-04-11;Sachsen;0
2020-04-11;Sachsen-Anhalt;0
2020-04-11;Schleswig-Holstein;0
2020-04-11;Thüringen;0
2020-04-12;Baden-Württemberg;0
2020-04-12;Bayern;0
2020-04-12;Berlin;0
2020-04-12;Brandenburg;1
2020-04-12;Bremen;0
2020-04-12;Hamburg;0
2020-04-12;Hessen;0
2020-04-12;Mecklenburg-Vorpommern;0
2020-04-12;Niedersachsen;0
2020-04-12;Nordrhein-Westfalen;0
2020-04-12;Rheinland-Pfalz;0
2020-04-12;Saarland;0
2020-04-12;Sachsen;0
2020-04-12;Sachsen-Anhalt;0
2020-04-12;Schleswig-Holstein;0
2020-04-12;Thüringen;0
2020-04-13;Baden-Württemberg;1
2020-04-13;Bayern;1
2020-04-13;Berlin;1
2020-04-13;Brandenburg;1
2020-04-13;Bremen;1
2020-04-13;Hamburg;1
2020-04-13;Hessen;1
2020-04-13;Mecklenburg-Vorpommern;1
2020-04-13;Niedersachsen;1
2020-04-13;Nordrhein-Westfalen;1
2020-04-13;Rheinland-Pfalz;1
2020-04-13;Saarland;1
2020-04-13;Sachsen;1
2020-04-13;Sachsen-Anhalt;1
2020-04-13;Schleswig-Holstein;1
2020-04-13;Thüringen;1
2020-04-14;Baden-Württemberg;0
2020-04-14;Bayern;0
2020-04-14;Berlin;0
2020-04-14;Brandenburg;0
2020-04-14;Bremen;0
2020-04-14;Hamburg;0
2020-04-14;Hessen;0
2020-04-14;Mecklenburg-Vorpommern;0
2020-04-14;Niedersachsen;0
2020-04-14;Nordrhein-Westfalen;0
2020-04-14;Rheinland-Pfalz;0
2020-04-14;Saarland;0
2020-04-14;Sachsen;0
2020-04-14;Sachsen-Anhalt;0
2020-04-14;Schleswig-Holstein;0
2020-04-14;Thüringen;0
2020-04-15;Baden-Württemberg;0
2020-04-15;Bayern;0
2020-04-15;Berlin;0
2020-04-15;Brandenburg;0
2020-04-15;Bremen;0
2020-04-15;Hamburg;0
2020-04-15;Hessen;0
2020-04-15;Mecklenburg-Vorpommern;0
2020-04-15;Niedersachsen;0
2020-04-15;Nordrhein-Westfalen;0
2020-04-15;Rheinland-Pfalz;0
2020-04-15;Saarland;0
2020-04-15;Sachsen;0
2020-04-15;Sachsen-Anhalt;0
2020-04-15;Schleswig-Holstein;0
2020-04-15;Thüringen;0
2020-04-16;Baden-Württemberg;0
2020-04-16;Bayern;0
2020-04-16;Berlin;0
2020-04-16;Brandenburg;0
2020-04-16;Bremen;0
2020-04-16;Hamburg;0
2020-04-16;Hessen;0
2020-04-16;Mecklenburg-Vorpommern;0
2020-04-16;Niedersachsen;0
2020-04-16;Nordrhein-Westfalen;0
2020-04-16;Rheinland-Pfalz;0
2020-04-16;Saarland;0
2020-04-16;Sachsen;0
2020-04-16;Sachsen-Anhalt;0
2020-04-16;Schleswig-Holstein;0
2020-04-16;Thüringen;0
2020-04-17;Baden-Württemberg;0
2020-04-17;Bayern;0
2020-04-17;Berlin;0
2020-04-17;Brandenburg;0
2020-04-17;Bremen;0
2020-04-17;Hamburg;0
2020-04-17;Hessen;0
2020-04-17;Mecklenburg-Vorpommern;0
2020-04-17;Niedersachsen;0
2020-04-17;Nordrhein-Westfalen;0
2020-04-17;Rheinland-Pfalz;0
2020-04-17;Saarland;0
2020-04-17;Sachsen;0
2020-04-17;Sachsen-Anhalt;0
2020-04-17;Schleswig-Holstein;0
2020-04-17;Thüringen;0
2020-04-18;Baden-Württemberg;0
2020-04-18;Bayern;0
2020-04-18;Berlin;0
2020-04-18;Brandenburg;0
2020-04-18;Bremen;0
2020-04-18;Hamburg;0
2020-04-18;Hessen;0
2020-04-18;Mecklenburg-Vorpommern;0
2020-04-18;Niedersachsen;0
2020-04-18;Nordrhein-Westfalen;0
2020-04-18;Rheinland-Pfalz;0
2020-04-18;Saarland;0
2020-04-18;Sachsen;0
2020-04-18;Sachsen-Anhalt;0
2020-04-18;Schleswig-Holstein;0
2020-04-18;Thüringen;0
2020-04-19;Baden-Württemberg;0
2020-04-19;Bayern;0
2020-04-19;Berlin;0
2020-04-19;Brandenburg;0
2020-04-19;Bremen;0
2020-04-19;Hamburg;0
2020-04-19;Hessen;0
2020-04-19;Mecklenburg-Vorpommern;0
2020-04-19;Niedersachsen;0
2020-04-19;Nordrhein-Westfalen;0
2020-04-19;Rheinland-Pfalz;0
2020-04-19;Saarland;0
2020-04-19;Sachsen;0
2020-04-19;Sachsen-Anhalt;0
2020-04-19;Schleswig-Holstein;0
2020-04-19;Thüringen;0
2020-04-20;Baden-Württemberg;0
2020-04-20;Bayern;0
2020-04-20;Berlin;0
2020-04-20;Brandenburg;0
2020-04-20;Bremen;0
2020-04-20;Hamburg;0
2020-04-20;Hessen;0
2020-04-20;Mecklenburg-Vorpommern;0
2020-04-20;Niedersachsen;0
2020-04-20;Nordrhein-Westfalen;0
2020-04-20;Rheinland-Pfalz;0
2020-04-20;Saarland;0
2020-04-20;Sachsen;0
2020-04-20;Sachsen-Anhalt;0
2020-04-20;Schleswig-Holstein;0
2020-04-20;Thüringen;0
2020-04-21;Baden-Württemberg;0
2020-04-21;Bayern;0
2020-04-21;Berlin;0
2020-04-21;Brandenburg;0
2020-04-21;Bremen;0
2020-04-21;Hamburg;0
2020-04-21;Hessen;0
2020-04-21;Mecklenburg-Vorpommern;0
2020-04-21;Niedersachsen;0
2020-04-21;Nordrhein-Westfalen;0
2020-04-21;Rheinland-Pfalz;0
2020-04-21;Saarland;0
2020-04-21;Sachsen;0
2020-04-21;Sachsen-Anhalt;0
2020-04-21;Schleswig-Holstein;0
2020-04-21;Thüringen;0
2020-04-22;Baden-Württemberg;0
2020-04-22;Bayern;0
2020-04-22;Berlin;0
2020-04-22;Brandenburg;0
2020-04-22;Bremen;0
2020-04-22;Hamburg;0
2020-04-22;Hessen;0
2020-04-22;Mecklenburg-Vorpommern;0
2020-04-22;Niedersachsen;0
2020-04-22;Nordrhein-Westfalen;0
2020-04-22;Rheinland-Pfalz;0
2020-04-22;Saarland;0
2020-04-22;Sachsen;0
2020-04-22;Sachsen-Anhalt;0
2020-04-22;Schleswig-Holstein;0
2020-04-22;Thüringen;0
2020-04-23;Baden-Württemberg;0
2020-04-23;Bayern;0
2020-04-23;Berlin;0
2020-04-23;Brandenburg;0
2020-04-23;Bremen;0
2020-04-23;Hamburg;0
2020-04-23;Hessen;0
2020-04-23;Mecklenburg-Vorpommern;0
2020-04-23;Niedersachsen;0
2020-04-23;Nordrhein-Westfalen;0
2020-04-23;Rheinland-Pfalz;0
2020-04-23;Saarland;0
2020-04-23;Sachsen;0
2020-04-23;Sachsen-Anhalt;0
2020-04-23;Schleswig-Holstein;0
2020-04-23;Thüringen;0
2020-04-24;Baden-Württemberg;0
2020-04-24;Bayern;0
2020-04-24;Berlin;0
2020-04-24;Brandenburg;0
2020-04-24;Bremen;0
2020-04-24;Hamburg;0
2020-04-24;Hessen;0
2020-04-24;Mecklenburg-Vorpommern;0
2020-04-24;Niedersachsen;0
2020-04-24;Nordrhein-Westfalen;0
2020-04-24;Rheinland-Pfalz;0
2020-04-24;Saarland;0
2020-04-24;Sachsen;0
2020-04-24;Sachsen-Anhalt;0
2020-04-24;Schleswig-Holstein;0
2020-04-24;Thüringen;0
2020-04-25;Baden-Württemberg;0
2020-04-25;Bayern;0
2020-04-25;Berlin;0
2020-04-25;Brandenburg;0
2020-04-25;Bremen;0
2020-04-25;Hamburg;0
2020-04-25;Hessen;0
2020-04-25;Mecklenburg-Vorpommern;0
2020-04-25;Niedersachsen;0
2020-04-25;Nordrhein-Westfalen;0
2020-04-25;Rheinland-Pfalz;0
2020-04-25;Saarland;0
2020-04-25;Sachsen;0
2020-04-25;Sachsen-Anhalt;0
2020-04-25;Schleswig-Holstein;0
2020-04-25;Thüringen;0
2020-04-26;Baden-Württemberg;0
2020-04-26;Bayern;0
2020-04-26;Berlin;0
2020-04-26;Brandenburg;0
2020-04-26;Bremen;0
2020-04-26;Hamburg;0
2020-04-26;Hessen;0
2020-04-26;Mecklenburg-Vorpommern;0
2020-04-26;Niedersachsen;0
2020-04-26;Nordrhein-Westfalen;0
2020-04-26;Rheinland-Pfalz;0
2020-04-26;Saarland;0
2020-04-26;Sachsen;0
2020-04-26;Sachsen-Anhalt;0
2020-04-26;Schleswig-Holstein;0
2020-04-26;Thüringen;0
2020-04-27;Baden-Württemberg;0
2020-04-27;Bayern;0
2020-04-27;Berlin;0
2020-04-27;Brandenburg;0
2020-04-27;Bremen;0
2020-04-27;Hamburg;0
2020-04-27;Hessen;0
2020-04-27;Mecklenburg-Vorpommern;0
2020-04-27;Niedersachsen;0
2020-04-27;Nordrhein-Westfalen;0
2020-04-27;Rheinland-Pfalz;0
2020-04-27;Saarland;0
2020-04-27;Sachsen;0
2020-04-27;Sachsen-Anhalt;0
2020-04-27;Schleswig-Holstein;0
2020-04-27;Thüringen;0
2020-04-28;Baden-Württemberg;0
2020-04-28;Bayern;0
2020-04-28;Berlin;0
2020-04-28;Brandenburg;0
2020-04-28;Bremen;0
2020-04-28;Hamburg;0
2020-04-28;Hessen;0
2020-04-28;Mecklenburg-Vorpommern;0
2020-04-28;Niedersachsen;0
2020-04-28;Nordrhein-Westfalen;0
2020-04-28;Rheinland-Pfalz;0
2020-04-28;Saarland;0
2020-04-28;Sachsen;0
2020-04-28;Sachsen-Anhalt;0
2020-04-28;Schleswig-Holstein;0
2020-04-28;Thüringen;0
2020-04-29;Baden-Württemberg;0
2020-04-29;Bayern;0
2020-04-29;Berlin;0
2020-04-29;Brandenburg;0
2020-04-29;Bremen;0
2020-04-29;Hamburg;0
2020-04-29;Hessen;0
2020-04-29;Mecklenburg-Vorpommern;0
2020-04-29;Niedersachsen;0
2020-04-29;Nordrhein-Westfalen;0
2020-04-29;Rheinland-Pfalz;0
2020-04-29;Saarland;0
2020-04-29;Sachsen;0
2020-04-29;Sachsen-Anhalt;0
2020-04-29;Schleswig-Holstein;0
2020-04-29;Thüringen;0
2020-04-30;Baden-Württemberg;0
2020-04-30;Bayern;0
2020-04-30;Berlin;0
2020-04-30;Brandenburg;0
2020-04-30;Bremen;0
2020-04-30;Hamburg;0
2020-04-30;Hessen;0
2020-04-30;Mecklenburg-Vorpommern;0
2020-04-30;Niedersachsen;0
2020-04-30;Nordrhein-Westfalen;0
2020-04-30;Rheinland-Pfalz;0
2020-04-30;Saarland;0
2020-04-30;Sachsen;0
2020-04-30;Sachsen-Anhalt;0
2020-04-30;Schleswig-Holstein;0
2020-04-30;Thüringen;0
2020-05-01;Baden-Württemberg;1
2020-05-01;Bayern;1
2020-05-01;Berlin;1
2020-05-01;Brandenburg;1
2020-05-01;Bremen;1
2020-05-01;Hamburg;1
2020-05-01;Hessen;1
2020-05-01;Mecklenburg-Vorpommern;1
2020-05-01;Niedersachsen;1
2020-05-01;Nordrhein-Westfalen;1
2020-05-01;Rheinland-Pfalz;1
2020-05-01;Saarland;1
2020-05-01;Sachsen;1
2020-05-01;Sachsen-Anhalt;1
2020-05-01;Schleswig-Holstein;1
2020-05-01;Thüringen;1
2020-05-02;Baden-Württemberg;0
2020-05-02;Bayern;0
2020-05-02;Berlin;0
2020-05-02;Brandenburg;0
2020-05-02;Bremen;0
2020-05-02;Hamburg;0
2020-05-02;Hessen;0
2020-05-02;Mecklenburg-Vorpommern;0
2020-05-02;Niedersachsen;0
2020-05-02;Nordrhein-Westfalen;0
2020-05-02;Rheinland-Pfalz;0
2020-05-02;Saarland;0
2020-05-02;Sachsen;0
2020-05-02;Sachsen-Anhalt;0
2020-05-02;Schleswig-Holstein;0
2020-05-02;Thüringen;0
2020-05-03;Baden-Württemberg;0
2020-05-03;Bayern;0
2020-05-03;Berlin;0
2020-05-03;Brandenburg;0
2020-05-03;Bremen;0
2020-05-03;Hamburg;0
2020-05-03;Hessen;0
2020-05-03;Mecklenburg-Vorpommern;0
2020-05-03;Niedersachsen;0
2020-05-03;Nordrhein-Westfalen;0
2020-05-03;Rheinland-Pfalz;0
2020-05-03;Saarland;0
2020-05-03;Sachsen;0
2020-05-03;Sachsen-Anhalt;0
2020-05-03;Schleswig-Holstein;0
2020-05-03;Thüringen;0
2020-05-04;Baden-Württemberg;0
2020-05-04;Bayern;0
2020-05-04;Berlin;0
2020-05-04;Brandenburg;0
2020-05-04;Bremen;0
2020-05-04;Hamburg;0
2020-05-04;Hessen;0
2020-05-04;Mecklenburg-Vorpommern;0
2020-05-04;Niedersachsen;0
2020-05-04;Nordrhein-Westfalen;0
2020-05-04;Rheinland-Pfalz;0
2020-05-04;Saarland;0
2020-05-04;Sachsen;0
2020-05-04;Sachsen-Anhalt;0
2020-05-04;Schleswig-Holstein;0
2020-05-04;Thüringen;0
2020-05-05;Baden-Württemberg;0
2020-05-05;Bayern;0
2020-05-05;Berlin;0
2020-05-05;Brandenburg;0
2020-05-05;Bremen;0
2020-05-05;Hamburg;0
2020-05-05;Hessen;0
2020-05-05;Mecklenburg-Vorpommern;0
2020-05-05;Niedersachsen;0
2020-05-05;Nordrhein-Westfalen;0
2020-05-05;Rheinland-Pfalz;0
2020-05-05;Saarland;0
2020-05-05;Sachsen;0
2020-05-05;Sachsen-Anhalt;0
2020-05-05;Schleswig-Holstein;0
2020-05-05;Thüringen;0
2020-05-06;Baden-Württemberg;0
2020-05-06;Bayern;0
2020-05-06;Berlin;0
2020-05-06;Brandenburg;0
2020-05-06;Bremen;0
2020-05-06;Hamburg;0
2020-05-06;Hessen;0
2020-05-06;Mecklenburg-Vorpommern;0
2020-05-06;Niedersachsen;0
2020-05-06;Nordrhein-Westfalen;0
2020-05-06;Rheinland-Pfalz;0
2020-05-06;Saarland;0
2020-05-06;Sachsen;0
2020-05-06;Sachsen-Anhalt;0
2020-05-06;Schleswig-Holstein;0
2020-05-06;Thüringen;0
2020-05-07;Baden-Württemberg;0
2020-05-07;Bayern;0
2020-05-07;Berlin;0
2020-05-07;Brandenburg;0
2020-05-07;Bremen;0
2020-05-07;Hamburg;0
2020-05-07;Hessen;0
2020-05-07;Mecklenburg-Vorpommern;0
2020-05-07;Niedersachsen;0
2020-05-07;Nordrhein-Westfalen;0
2020-05-07;Rheinland-Pfalz;0
2020-05-07;Saarland;0
2020-05-07;Sachsen;0
2020-05-07;Sachsen-Anhalt;0
2020-05-07;Schleswig-Holstein;0
2020-05-07;Thüringen;0
2020-05-08;Baden-Württemberg;0
2020-05-08;Bayern;0
2020-05-08;Berlin;1
2020-05-08;Brandenburg;0
2020-05-08;Bremen;0
2020-05-08;Hamburg;0
2020-05-08;Hessen;0
2020-05-08;Mecklenburg-Vorpommern;0
2020-05-08;Niedersachsen;0
2020-05-08;Nordrhein-Westfalen;0
2020-05-08;Rheinland-Pfalz;0
2020-05-08;Saarland;0
2020-05-08;Sachsen;0
2020-05-08;Sachsen-Anhalt;0
2020-05-08;Schleswig-Holstein;0
2020-05-08;Thüringen;0
2020-05-09;Baden-Württemberg;0
2020-05-09;Bayern;0
2020-05-09;Berlin;0
2020-05-09;Brandenburg;0
2020-05-09;Bremen;0
2020-05-09;Hamburg;0
2020-05-09;Hessen;0
2020-05-09;Mecklenburg-Vorpommern;0
2020-05-09;Niedersachsen;0
2020-05-09;Nordrhein-Westfalen;0
2020-05-09;Rheinland-Pfalz;0
2020-05-09;Saarland;0
2020-05-09;Sachsen;0
2020-05-09;Sachsen-Anhalt;0
2020-05-09;Schleswig-Holstein;0
2020-05-09;Thüringen;0
2020-05-10;Baden-Württemberg;0
2020-05-10;Bayern;0
2020-05-10;Berlin;0
2020-05-10;Brandenburg;0
2020-05-10;Bremen;0
2020-05-10;Hamburg;0
2020-05-10;Hessen;0
2020-05-10;Mecklenburg-Vorpommern;0
2020-05-10;Niedersachsen;0
2020-05-10;Nordrhein-Westfalen;0
2020-05-10;Rheinland-Pfalz;0
2020-05-10;Saarland;0
2020-05-10;Sachsen;0
2020-05-10;Sachsen-Anhalt;0
2020-05-10;Schleswig-Holstein;0
2020-05-10;Thüringen;0
2020-05-11;Baden-Württemberg;0
2020-05-11;Bayern;0
2020-05-11;Berlin;0
2020-05-11;Brandenburg;0
2020-05-11;Bremen;0
2020-05-11;Hamburg;0
2020-05-11;Hessen;0
2020-05-11;Mecklenburg-Vorpommern;0
2020-05-11;Niedersachsen;0
2020-05-11;Nordrhein-Westfalen;0
2020-05-11;Rheinland-Pfalz;0
2020-05-11;Saarland;0
2020-05-11;Sachsen;0
2020-05-11;Sachsen-Anhalt;0
2020-05-11;Schleswig-Holstein;0
2020-05-11;Thüringen;0
2020-05-12;Baden-Württemberg;0
2020-05-12;Bayern;0
2020-05-12;Berlin;0
2020-05-12;Brandenburg;0
2020-05-12;Bremen;0
2020-05-12;Hamburg;0
2020-05-12;Hessen;0
2020-05-12;Mecklenburg-Vorpommern;0
2020-05-12;Niedersachsen;0
2020-05-12;Nordrhein-Westfalen;0
2020-05-12;Rheinland-Pfalz;0
2020-05-12;Saarland;0
2020-05-12;Sachsen;0
2020-05-12;Sachsen-Anhalt;0
2020-05-12;Schleswig-Holstein;0
2020-05-12;Thüringen;0
2020-05-13;Baden-Württemberg;0
2020-05-13;Bayern;0
2020-05-13;Berlin;0
2020-05-13;Brandenburg;0
2020-05-13;Bremen;0
2020-05-13;Hamburg;0
2020-05-13;Hessen;0
2020-05-13;Mecklenburg-Vorpommern;0
2020-05-13;Niedersachsen;0
2020-05-13;Nordrhein-Westfalen;0
2020-05-13;Rheinland-Pfalz;0
2020-05-13;Saarland;0
2020-05-13;Sachsen;0
2020-05-13;Sachsen-Anhalt;0
2020-05-13;Schleswig-Holstein;0
2020-05-13;Thüringen;0
2020-05-14;Baden-Württemberg;0
2020-05-14;Bayern;0
2020-05-14;Berlin;0
2020-05-14;Brandenburg;0
2020-05-14;Bremen;0
2020-05-14;Hamburg;0
2020-05-14;Hessen;0
2020-05-14;Mecklenburg-Vorpommern;0
2020-05-14;Niedersachsen;0
2020-05-14;Nordrhein-Westfalen;0
2020-05-14;Rheinland-Pfalz;0
2020-05-14;Saarland;0
2020-05-14;Sachsen;0
2020-05-14;Sachsen-Anhalt;0
2020-05-14;Schleswig-Holstein;0
2020-05-14;Thüringen;0
2020-05-15;Baden-Württemberg;0
2020-05-15;Bayern;0
2020-05-15;Berlin;0
2020-05-15;Brandenburg;0
2020-05-15;Bremen;0
2020-05-15;Hamburg;0
2020-05-15;Hessen;0
2020-05-15;Mecklenburg-Vorpommern;0
2020-05-15;Niedersachsen;0
2020-05-15;Nordrhein-Westfalen;0
2020-05-15;Rheinland-Pfalz;0
2020-05-15;Saarland;0
2020-05-15;Sachsen;0
2020-05-15;Sachsen-Anhalt;0
2020-05-15;Schleswig-Holstein;0
2020-05-15;Thüringen;0
2020-05-16;Baden-Württemberg;0
2020-05-16;Bayern;0
2020-05-16;Berlin;0
2020-05-16;Brandenburg;0
2020-05-16;Bremen;0
2020-05-16;Hamburg;0
2020-05-16;Hessen;0
2020-05-16;Mecklenburg-Vorpommern;0
2020-05-16;Niedersachsen;0
2020-05-16;Nordrhein-Westfalen;0
2020-05-16;Rheinland-Pfalz;0
2020-05-16;Saarland;0
2020-05-16;Sachsen;0
2020-05-16;Sachsen-Anhalt;0
2020-05-16;Schleswig-Holstein;0
2020-05-16;Thüringen;0
2020-05-17;Baden-Württemberg;0
2020-05-17;Bayern;0
2020-05-17;Berlin;0
2020-05-17;Brandenburg;0
2020-05-17;Bremen;0
2020-05-17;Hamburg;0
2020-05-17;Hessen;0
2020-05-17;Mecklenburg-Vorpommern;0
2020-05-17;Niedersachsen;0
2020-05-17;Nordrhein-Westfalen;0
2020-05-17;Rheinland-Pfalz;0
2020-05-17;Saarland;0
2020-05-17;Sachsen;0
2020-05-17;Sachsen-Anhalt;0
2020-05-17;Schleswig-Holstein;0
2020-05-17;Thüringen;0
2020-05-18;Baden-Württemberg;0
2020-05-18;Bayern;0
2020-05-18;Berlin;0
2020-05-18;Brandenburg;0
2020-05-18;Bremen;0
2020-05-18;Hamburg;0
2020-05-18;Hessen;0
2020-05-18;Mecklenburg-Vorpommern;0
2020-05-18;Niedersachsen;0
2020-05-18;Nordrhein-Westfalen;0
2020-05-18;Rheinland-Pfalz;0
2020-05-18;Saarland;0
2020-05-18;Sachsen;0
2020-05-18;Sachsen-Anhalt;0
2020-05-18;Schleswig-Holstein;0
2020-05-18;Thüringen;0
2020-05-19;Baden-Württemberg;0
2020-05-19;Bayern;0
2020-05-19;Berlin;0
2020-05-19;Brandenburg;0
2020-05-19;Bremen;0
2020-05-19;Hamburg;0
2020-05-19;Hessen;0
2020-05-19;Mecklenburg-Vorpommern;0
2020-05-19;Niedersachsen;0
2020-05-19;Nordrhein-Westfalen;0
2020-05-19;Rheinland-Pfalz;0
2020-05-19;Saarland;0
2020-05-19;Sachsen;0
2020-05-19;Sachsen-Anhalt;0
2020-05-19;Schleswig-Holstein;0
2020-05-19;Thüringen;0
2020-05-20;Baden-Württemberg;0
2020-05-20;Bayern;0
2020-05-20;Berlin;0
2020-05-20;Brandenburg;0
2020-05-20;Bremen;0
2020-05-20;Hamburg;0
2020-05-20;Hessen;0
2020-05-20;Mecklenburg-Vorpommern;0
2020-05-20;Niedersachsen;0
2020-05-20;Nordrhein-Westfalen;0
2020-05-20;Rheinland-Pfalz;0
2020-05-20;Saarland;0
2020-05-20;Sachsen;0
2020-05-20;Sachsen-Anhalt;0
2020-05-20;Schleswig-Holstein;0
2020-05-20;Thüringen;0
2020-05-21;Baden-Württemberg;1
2020-05-21;Bayern;1
2020-05-21;Berlin;1
2020-05-21;Brandenburg;1
2020-05-21;Bremen;1
2020-05-21;Hamburg;1
2020-05-21;Hessen;1
2020-05-21;Mecklenburg-Vorpommern;1
2020-05-21;Niedersachsen;1
2020-05-21;Nordrhein-Westfalen;1
2020-05-21;Rheinland-Pfalz;1
2020-05-21;Saarland;1
2020-05-21;Sachsen;1
2020-05-21;Sachsen-Anhalt;1
2020-05-21;Schleswig-Holstein;1
2020-05-21;Thüringen;1
2020-05-22;Baden-Württemberg;0
2020-05-22;Bayern;0
2020-05-22;Berlin;0
2020-05-22;Brandenburg;0
2020-05-22;Bremen;0
2020-05-22;Hamburg;0
2020-05-22;Hessen;0
2020-05-22;Mecklenburg-Vorpommern;0
2020-05-22;Niedersachsen;0
2020-05-22;Nordrhein-Westfalen;0
2020-05-22;Rheinland-Pfalz;0
2020-05-22;Saarland;0
2020-05-22;Sachsen;0
2020-05-22;Sachsen-Anhalt;0
2020-05-22;Schleswig-Holstein;0
2020-05-22;Thüringen;0
2020-05-23;Baden-Württemberg;0
2020-05-23;Bayern;0
2020-05-23;Berlin;0
2020-05-23;Brandenburg;0
2020-05-23;Bremen;0
2020-05-23;Hamburg;0
2020-05-23;Hessen;0
2020-05-23;Mecklenburg-Vorpommern;0
2020-05-23;Niedersachsen;0
2020-05-23;Nordrhein-Westfalen;0
2020-05-23;Rheinland-Pfalz;0
2020-05-23;Saarland;0
2020-05-23;Sachsen;0
2020-05-23;Sachsen-Anhalt;0
2020-05-23;Schleswig-Holstein;0
2020-05-23;Thüringen;0
2020-05-24;Baden-Württemberg;0
2020-05-24;Bayern;0
2020-05-24;Berlin;0
2020-05-24;Brandenburg;0
2020-05-24;Bremen;0
2020-05-24;Hamburg;0
2020-05-24;Hessen;0
2020-05-24;Mecklenburg-Vorpommern;0
2020-05-24;Niedersachsen;0
2020-05-24;Nordrhein-Westfalen;0
2020-05-24;Rheinland-Pfalz;0
2020-05-24;Saarland;0
2020-05-24;Sachsen;0
2020-05-24;Sachsen-Anhalt;0
2020-05-24;Schleswig-Holstein;0
2020-05-24;Thüringen;0
2020-05-25;Baden-Württemberg;0
2020-05-25;Bayern;0
2020-05-25;Berlin;0
2020-05-25;Brandenburg;0
2020-05-25;Bremen;0
2020-05-25;Hamburg;0
2020-05-25;Hessen;0
2020-05-25;Mecklenburg-Vorpommern;0
2020-05-25;Niedersachsen;0
2020-05-25;Nordrhein-Westfalen;0
2020-05-25;Rheinland-Pfalz;0
2020-05-25;Saarland;0
2020-05-25;Sachsen;0
2020-05-25;Sachsen-Anhalt;0
2020-05-25;Schleswig-Holstein;0
2020-05-25;Thüringen;0
2020-05-26;Baden-Württemberg;0
2020-05-26;Bayern;0
2020-05-26;Berlin;0
2020-05-26;Brandenburg;0
2020-05-26;Bremen;0
2020-05-26;Hamburg;0
2020-05-26;Hessen;0
2020-05-26;Mecklenburg-Vorpommern;0
2020-05-26;Niedersachsen;0
2020-05-26;Nordrhein-Westfalen;0
2020-05-26;Rheinland-Pfalz;0
2020-05-26;Saarland;0
2020-05-26;Sachsen;0
2020-05-26;Sachsen-Anhalt;0
2020-05-26;Schleswig-Holstein;0
2020-05-26;Thüringen;0
2020-05-27;Baden-Württemberg;0
2020-05-27;Bayern;0
2020-05-27;Berlin;0
2020-05-27;Brandenburg;0
2020-05-27;Bremen;0
2020-05-27;Hamburg;0
2020-05-27;Hessen;0
2020-05-27;Mecklenburg-Vorpommern;0
2020-05-27;Niedersachsen;0
2020-05-27;Nordrhein-Westfalen;0
2020-05-27;Rheinland-Pfalz;0
2020-05-27;Saarland;0
2020-05-27;Sachsen;0
2020-05-27;Sachsen-Anhalt;0
2020-05-27;Schleswig-Holstein;0
2020-05-27;Thüringen;0
2020-05-28;Baden-Württemberg;0
2020-05-28;Bayern;0
2020-05-28;Berlin;0
2020-05-28;Brandenburg;0
2020-05-28;Bremen;0
2020-05-28;Hamburg;0
2020-05-28;Hessen;0
2020-05-28;Mecklenburg-Vorpommern;0
2020-05-28;Niedersachsen;0
2020-05-28;Nordrhein-Westfalen;0
2020-05-28;Rheinland-Pfalz;0
2020-05-28;Saarland;0
2020-05-28;Sachsen;0
2020-05-28;Sachsen-Anhalt;0
2020-05-28;Schleswig-Holstein;0
2020-05-28;Thüringen;0
2020-05-29;Baden-Württemberg;0
2020-05-29;Bayern;0
2020-05-29;Berlin;0
2020-05-29;Brandenburg;0
2020-05-29;Bremen;0
2020-05-29;Hamburg;0
2020-05-29;Hessen;0
2020-05-29;Mecklenburg-Vorpommern;0
2020-05-29;Niedersachsen;0
2020-05-29;Nordrhein-Westfalen;0
2020-05-29;Rheinland-Pfalz;0
2020-05-29;Saarland;0
2020-05-29;Sachsen;0
2020-05-29;Sachsen-Anhalt;0
2020-05-29;Schleswig-Holstein;0
2020-05-29;Thüringen;0
2020-05-30;Baden-Württemberg;0
2020-05-30;Bayern;0
2020-05-30;Berlin;0
2020-05-30;Brandenburg;0
2020-05-30;Bremen;0
2020-05-30;Hamburg;0
2020-05-30;Hessen;0
2020-05-30;Mecklenburg-Vorpommern;0
2020-05-30;Niedersachsen;0
2020-05-30;Nordrhein-Westfalen;0
2020-05-30;Rheinland-Pfalz;0
2020-05-30;Saarland;0
2020-05-30;Sachsen;0
2020-05-30;Sachsen-Anhalt;0
2020-05-30;Schleswig-Holstein;0
2020-05-30;Thüringen;0
2020-05-31;Baden-Württemberg;0
2020-05-31;Bayern;0
2020-05-31;Berlin;0
2020-05-31;Brandenburg;1
2020-05-31;Bremen;0
2020-05-31;Hamburg;0
2020-05-31;Hessen;0
2020-05-31;Mecklenburg-Vorpommern;0
2020-05-31;Niedersachsen;0
2020-05-31;Nordrhein-Westfalen;0
2020-05-31;Rheinland-Pfalz;0
2020-05-31;Saarland;0
2020-05-31;Sachsen;0
2020-05-31;Sachsen-Anhalt;0
2020-05-31;Schleswig-Holstein;0
2020-05-31;Thüringen;0
2020-06-01;Baden-Württemberg;1
2020-06-01;Bayern;1
2020-06-01;Berlin;1
2020-06-01;Brandenburg;1
2020-06-01;Bremen;1
2020-06-01;Hamburg;1
2020-06-01;Hessen;1
2020-06-01;Mecklenburg-Vorpommern;1
2020-06-01;Niedersachsen;1
2020-06-01;Nordrhein-Westfalen;1
2020-06-01;Rheinland-Pfalz;1
2020-06-01;Saarland;1
2020-06-01;Sachsen;1
2020-06-01;Sachsen-Anhalt;1
2020-06-01;Schleswig-Holstein;1
2020-06-01;Thüringen;1
2020-06-02;Baden-Württemberg;0
2020-06-02;Bayern;0
2020-06-02;Berlin;0
2020-06-02;Brandenburg;0
2020-06-02;Bremen;0
2020-06-02;Hamburg;0
2020-06-02;Hessen;0
2020-06-02;Mecklenburg-Vorpommern;0
2020-06-02;Niedersachsen;0
2020-06-02;Nordrhein-Westfalen;0
2020-06-02;Rheinland-Pfalz;0
2020-06-02;Saarland;0
2020-06-02;Sachsen;0
2020-06-02;Sachsen-Anhalt;0
2020-06-02;Schleswig-Holstein;0
2020-06-02;Thüringen;0
2020-06-03;Baden-Württemberg;0
2020-06-03;Bayern;0
2020-06-03;Berlin;0
2020-06-03;Brandenburg;0
2020-06-03;Bremen;0
2020-06-03;Hamburg;0
2020-06-03;Hessen;0
2020-06-03;Mecklenburg-Vorpommern;0
2020-06-03;Niedersachsen;0
2020-06-03;Nordrhein-Westfalen;0
2020-06-03;Rheinland-Pfalz;0
2020-06-03;Saarland;0
2020-06-03;Sachsen;0
2020-06-03;Sachsen-Anhalt;0
2020-06-03;Schleswig-Holstein;0
2020-06-03;Thüringen;0
2020-06-04;Baden-Württemberg;0
2020-06-04;Bayern;0
2020-06-04;Berlin;0
2020-06-04;Brandenburg;0
2020-06-04;Bremen;0
2020-06-04;Hamburg;0
2020-06-04;Hessen;0
2020-06-04;Mecklenburg-Vorpommern;0
2020-06-04;Niedersachsen;0
2020-06-04;Nordrhein-Westfalen;0
2020-06-04;Rheinland-Pfalz;0
2020-06-04;Saarland;0
2020-06-04;Sachsen;0
2020-06-04;Sachsen-Anhalt;0
2020-06-04;Schleswig-Holstein;0
2020-06-04;Thüringen;0
2020-06-05;Baden-Württemberg;0
2020-06-05;Bayern;0
2020-06-05;Berlin;0
2020-06-05;Brandenburg;0
2020-06-05;Bremen;0
2020-06-05;Hamburg;0
2020-06-05;Hessen;0
2020-06-05;Mecklenburg-Vorpommern;0
2020-06-05;Niedersachsen;0
2020-06-05;Nordrhein-Westfalen;0
2020-06-05;Rheinland-Pfalz;0
2020-06-05;Saarland;0
2020-06-05;Sachsen;0
2020-06-05;Sachsen-Anhalt;0
2020-06-05;Schleswig-Holstein;0
2020-06-05;Thüringen;0
2020-06-06;Baden-Württemberg;0
2020-06-06;Bayern;0
2020-06-06;Berlin;0
2020-06-06;Brandenburg;0
2020-06-06;Bremen;0
2020-06-06;Hamburg;0
2020-06-06;Hessen;0
2020-06-06;Mecklenburg-Vorpommern;0
2020-06-06;Niedersachsen;0
2020-06-06;Nordrhein-Westfalen;0
2020-06-06;Rheinland-Pfalz;0
2020-06-06;Saarland;0
2020-06-06;Sachsen;0
2020-06-06;Sachsen-Anhalt;0
2020-06-06;Schleswig-Holstein;0
2020-06-06;Thüringen;0
2020-06-07;Baden-Württemberg;0
2020-06-07;Bayern;0
2020-06-07;Berlin;0
2020-06-07;Brandenburg;0
2020-06-07;Bremen;0
2020-06-07;Hamburg;0
2020-06-07;Hessen;0
2020-06-07;Mecklenburg-Vorpommern;0
2020-06-07;Niedersachsen;0
2020-06-07;Nordrhein-Westfalen;0
2020-06-07;Rheinland-Pfalz;0
2020-06-07;Saarland;0
2020-06-07;Sachsen;0
2020-06-07;Sachsen-Anhalt;0
2020-06-07;Schleswig-Holstein;0
2020-06-07;Thüringen;0
2020-06-08;Baden-Württemberg;0
2020-06-08;Bayern;0
2020-06-08;Berlin;0
2020-06-08;Brandenburg;0
2020-06-08;Bremen;0
2020-06-08;Hamburg;0
2020-06-08;Hessen;0
2020-06-08;Mecklenburg-Vorpommern;0
2020-06-08;Niedersachsen;0
2020-06-08;Nordrhein-Westfalen;0
2020-06-08;Rheinland-Pfalz;0
2020-06-08;Saarland;0
2020-06-08;Sachsen;0
2020-06-08;Sachsen-Anhalt;0
2020-06-08;Schleswig-Holstein;0
2020-06-08;Thüringen;0
2020-06-09;Baden-Württemberg;0
2020-06-09;Bayern;0
2020-06-09;Berlin;0
2020-06-09;Brandenburg;0
2020-06-09;Bremen;0
2020-06-09;Hamburg;0
2020-06-09;Hessen;0
2020-06-09;Mecklenburg-Vorpommern;0
2020-06-09;Niedersachsen;0
2020-06-09;Nordrhein-Westfalen;0
2020-06-09;Rheinland-Pfalz;0
2020-06-09;Saarland;0
2020-06-09;Sachsen;0
2020-06-09;Sachsen-Anhalt;0
2020-06-09;Schleswig-Holstein;0
2020-06-09;Thüringen;0
2020-06-10;Baden-Württemberg;0
2020-06-10;Bayern;0
2020-06-10;Berlin;0
2020-06-10;Brandenburg;0
2020-06-10;Bremen;0
2020-06-10;Hamburg;0
2020-06-10;Hessen;0
2020-06-10;Mecklenburg-Vorpommern;0
2020-06-10;Niedersachsen;0
2020-06-10;Nordrhein-Westfalen;0
2020-06-10;Rheinland-Pfalz;0
2020-06-10;Saarland;0
2020-06-10;Sachsen;0
2020-06-10;Sachsen-Anhalt;0
2020-06-10;Schleswig-Holstein;0
2020-06-10;Thüringen;0
2020-06-11;Baden-Württemberg;1
2020-06-11;Bayern;1
2020-06-11;Berlin;0
2020-06-11;Brandenburg;0
2020-06-11;Bremen;0
2020-06-11;Hamburg;0
2020-06-11;Hessen;1
2020-06-11;Mecklenburg-Vorpommern;0
2020-06-11;Niedersachsen;0
2020-06-11;Nordrhein-Westfalen;1
2020-06-11;Rheinland-Pfalz;1
2020-06-11;Saarland;1
2020-06-11;Sachsen;0
2020-06-11;Sachsen-Anhalt;0
2020-06-11;Schleswig-Holstein;0
2020-06-11;Thüringen;0
2020-06-12;Baden-Württemberg;0
2020-06-12;Bayern;0
2020-06-12;Berlin;0
2020-06-12;Brandenburg;0
2020-06-12;Bremen;0
2020-06-12;Hamburg;0
2020-06-12;Hessen;0
2020-06-12;Mecklenburg-Vorpommern;0
2020-06-12;Niedersachsen;0
2020-06-12;Nordrhein-Westfalen;0
2020-06-12;Rheinland-Pfalz;0
2020-06-12;Saarland;0
2020-06-12;Sachsen;0
2020-06-12;Sachsen-Anhalt;0
2020-06-12;Schleswig-Holstein;0
2020-06-12;Thüringen;0
2020-06-13;Baden-Württemberg;0
2020-06-13;Bayern;0
2020-06-13;Berlin;0
2020-06-13;Brandenburg;0
2020-06-13;Bremen;0
2020-06-13;Hamburg;0
2020-06-13;Hessen;0
2020-06-13;Mecklenburg-Vorpommern;0
2020-06-13;Niedersachsen;0
2020-06-13;Nordrhein-Westfalen;0
2020-06-13;Rheinland-Pfalz;0
2020-06-13;Saarland;0
2020-06-13;Sachsen;0
2020-06-13;Sachsen-Anhalt;0
2020-06-13;Schleswig-Holstein;0
2020-06-13;Thüringen;0
2020-06-14;Baden-Württemberg;0
2020-06-14;Bayern;0
2020-06-14;Berlin;0
2020-06-14;Brandenburg;0
2020-06-14;Bremen;0
2020-06-14;Hamburg;0
2020-06-14;Hessen;0
2020-06-14;Mecklenburg-Vorpommern;0
2020-06-14;Niedersachsen;0
2020-06-14;Nordrhein-Westfalen;0
2020-06-14;Rheinland-Pfalz;0
2020-06-14;Saarland;0
2020-06-14;Sachsen;0
2020-06-14;Sachsen-Anhalt;0
2020-06-14;Schleswig-Holstein;0
2020-06-14;Thüringen;0
2020-06-15;Baden-Württemberg;0
2020-06-15;Bayern;0
2020-06-15;Berlin;0
2020-06-15;Brandenburg;0
2020-06-15;Bremen;0
2020-06-15;Hamburg;0
2020-06-15;Hessen;0
2020-06-15;Mecklenburg-Vorpommern;0
2020-06-15;Niedersachsen;0
2020-06-15;Nordrhein-Westfalen;0
2020-06-15;Rheinland-Pfalz;0
2020-06-15;Saarland;0
2020-06-15;Sachsen;0
2020-06-15;Sachsen-Anhalt;0
2020-06-15;Schleswig-Holstein;0
2020-06-15;Thüringen;0
2020-06-16;Baden-Württemberg;0
2020-06-16;Bayern;0
2020-06-16;Berlin;0
2020-06-16;Brandenburg;0
2020-06-16;Bremen;0
2020-06-16;Hamburg;0
2020-06-16;Hessen;0
2020-06-16;Mecklenburg-Vorpommern;0
2020-06-16;Niedersachsen;0
2020-06-16;Nordrhein-Westfalen;0
2020-06-16;Rheinland-Pfalz;0
2020-06-16;Saarland;0
2020-06-16;Sachsen;0
2020-06-16;Sachsen-Anhalt;0
2020-06-16;Schleswig-Holstein;0
2020-06-16;Thüringen;0
2020-06-17;Baden-Württemberg;0
2020-06-17;Bayern;0
2020-06-17;Berlin;0
2020-06-17;Brandenburg;0
2020-06-17;Bremen;0
2020-06-17;Hamburg;0
2020-06-17;Hessen;0
2020-06-17;Mecklenburg-Vorpommern;0
2020-06-17;Niedersachsen;0
2020-06-17;Nordrhein-Westfalen;0
2020-06-17;Rheinland-Pfalz;0
2020-06-17;Saarland;0
2020-06-17;Sachsen;0
2020-06-17;Sachsen-Anhalt;0
2020-06-17;Schleswig-Holstein;0
2020-06-17;Thüringen;0
2020-06-18;Baden-Württemberg;0
2020-06-18;Bayern;0
2020-06-18;Berlin;0
2020-06-18;Brandenburg;0
2020-06-18;Bremen;0
2020-06-18;Hamburg;0
2020-06-18;Hessen;0
2020-06-18;Mecklenburg-Vorpommern;0
2020-06-18;Niedersachsen;0
2020-06-18;Nordrhein-Westfalen;0
2020-06-18;Rheinland-Pfalz;0
2020-06-18;Saarland;0
2020-06-18;Sachsen;0
2020-06-18;Sachsen-Anhalt;0
2020-06-18;Schleswig-Holstein;0
2020-06-18;Thüringen;0
2020-06-19;Baden-Württemberg;0
2020-06-19;Bayern;0
2020-06-19;Berlin;0
2020-06-19;Brandenburg;0
2020-06-19;Bremen;0
2020-06-19;Hamburg;0
2020-06-19;Hessen;0
2020-06-19;Mecklenburg-Vorpommern;0
2020-06-19;Niedersachsen;0
2020-06-19;Nordrhein-Westfalen;0
2020-06-19;Rheinland-Pfalz;0
2020-06-19;Saarland;0
2020-06-19;Sachsen;0
2020-06-19;Sachsen-Anhalt;0
2020-06-19;Schleswig-Holstein;0
2020-06-19;Thüringen;0
2020-06-20;Baden-Württemberg;0
2020-06-20;Bayern;0
2020-06-20;Berlin;0
2020-06-20;Brandenburg;0
2020-06-20;Bremen;0
2020-06-20;Hamburg;0
2020-06-20;Hessen;0
2020-06-20;Mecklenburg-Vorpommern;0
2020-06-20;Niedersachsen;0
2020-06-20;Nordrhein-Westfalen;0
2020-06-20;Rheinland-Pfalz;0
2020-06-20;Saarland;0
2020-06-20;Sachsen;0
2020-06-20;Sachsen-Anhalt;0
2020-06-20;Schleswig-Holstein;0
2020-06-20;Thüringen;0
2020-06-21;Baden-Württemberg;0
2020-06-21;Bayern;0
2020-06-21;Berlin;0
2020-06-21;Brandenburg;0
2020-06-21;Bremen;0
2020-06-21;Hamburg;0
2020-06-21;Hessen;0
2020-06-21;Mecklenburg-Vorpommern;0
2020-06-21;Niedersachsen;0
2020-06-21;Nordrhein-Westfalen;0
2020-06-21;Rheinland-Pfalz;0
2020-06-21;Saarland;0
2020-06-21;Sachsen;0
2020-06-21;Sachsen-Anhalt;0
2020-06-21;Schleswig-Holstein;0
2020-06-21;Thüringen;0
2020-06-22;Baden-Württemberg;0
2020-06-22;Bayern;0
2020-06-22;Berlin;0
2020-06-22;Brandenburg;0
2020-06-22;Bremen;0
2020-06-22;Hamburg;0
2020-06-22;Hessen;0
2020-06-22;Mecklenburg-Vorpommern;0
2020-06-22;Niedersachsen;0
2020-06-22;Nordrhein-Westfalen;0
2020-06-22;Rheinland-Pfalz;0
2020-06-22;Saarland;0
2020-06-22;Sachsen;0
2020-06-22;Sachsen-Anhalt;0
2020-06-22;Schleswig-Holstein;0
2020-06-22;Thüringen;0
2020-06-23;Baden-Württemberg;0
2020-06-23;Bayern;0
2020-06-23;Berlin;0
2020-06-23;Brandenburg;0
2020-06-23;Bremen;0
2020-06-23;Hamburg;0
2020-06-23;Hessen;0
2020-06-23;Mecklenburg-Vorpommern;0
2020-06-23;Niedersachsen;0
2020-06-23;Nordrhein-Westfalen;0
2020-06-23;Rheinland-Pfalz;0
2020-06-23;Saarland;0
2020-06-23;Sachsen;0
2020-06-23;Sachsen-Anhalt;0
2020-06-23;Schleswig-Holstein;0
2020-06-23;Thüringen;0
2020-06-24;Baden-Württemberg;0
2020-06-24;Bayern;0
2020-06-24;Berlin;0
2020-06-24;Brandenburg;0
2020-06-24;Bremen;0
2020-06-24;Hamburg;0
2020-06-24;Hessen;0
2020-06-24;Mecklenburg-Vorpommern;0
2020-06-24;Niedersachsen;0
2020-06-24;Nordrhein-Westfalen;0
2020-06-24;Rheinland-Pfalz;0
2020-06-24;Saarland;0
2020-06-24;Sachsen;0
2020-06-24;Sachsen-Anhalt;0
2020-06-24;Schleswig-Holstein;0
2020-06-24;Thüringen;0
2020-06-25;Baden-Württemberg;0
2020-06-25;Bayern;0
2020-06-25;Berlin;0
2020-06-25;Brandenburg;0
2020-06-25;Bremen;0
2020-06-25;Hamburg;0
2020-06-25;Hessen;0
2020-06-25;Mecklenburg-Vorpommern;0
2020-06-25;Niedersachsen;0
2020-06-25;Nordrhein-Westfalen;0
2020-06-25;Rheinland-Pfalz;0
2020-06-25;Saarland;0
2020-06-25;Sachsen;0
2020-06-25;Sachsen-Anhalt;0
2020-06-25;Schleswig-Holstein;0
2020-06-25;Thüringen;0
2020-06-26;Baden-Württemberg;0
2020-06-26;Bayern;0
2020-06-26;Berlin;0
2020-06-26;Brandenburg;0
2020-06-26;Bremen;0
2020-06-26;Hamburg;0
2020-06-26;Hessen;0
2020-06-26;Mecklenburg-Vorpommern;0
2020-06-26;Niedersachsen;0
2020-06-26;Nordrhein-Westfalen;0
2020-06-26;Rheinland-Pfalz;0
2020-06-26;Saarland;0
2020-06-26;Sachsen;0
2020-06-26;Sachsen-Anhalt;0
2020-06-26;Schleswig-Holstein;0
2020-06-26;Thüringen;0
2020-06-27;Baden-Württemberg;0
2020-06-27;Bayern;0
2020-06-27;Berlin;0
2020-06-27;Brandenburg;0
2020-06-27;Bremen;0
2020-06-27;Hamburg;0
2020-06-27;Hessen;0
2020-06-27;Mecklenburg-Vorpommern;0
2020-06-27;Niedersachsen;0
2020-06-27;Nordrhein-Westfalen;0
2020-06-27;Rheinland-Pfalz;0
2020-06-27;Saarland;0
2020-06-27;Sachsen;0
2020-06-27;Sachsen-Anhalt;0
2020-06-27;Schleswig-Holstein;0
2020-06-27;Thüringen;0
2020-06-28;Baden-Württemberg;0
2020-06-28;Bayern;0
2020-06-28;Berlin;0
2020-06-28;Brandenburg;0
2020-06-28;Bremen;0
2020-06-28;Hamburg;0
2020-06-28;Hessen;0
2020-06-28;Mecklenburg-Vorpommern;0
2020-06-28;Niedersachsen;0
2020-06-28;Nordrhein-Westfalen;0
2020-06-28;Rheinland-Pfalz;0
2020-06-28;Saarland;0
2020-06-28;Sachsen;0
2020-06-28;Sachsen-Anhalt;0
2020-06-28;Schleswig-Holstein;0
2020-06-28;Thüringen;0
2020-06-29;Baden-Württemberg;0
2020-06-29;Bayern;0
2020-06-29;Berlin;0
2020-06-29;Brandenburg;0
2020-06-29;Bremen;0
2020-06-29;Hamburg;0
2020-06-29;Hessen;0
2020-06-29;Mecklenburg-Vorpommern;0
2020-06-29;Niedersachsen;0
2020-06-29;Nordrhein-Westfalen;0
2020-06-29;Rheinland-Pfalz;0
2020-06-29;Saarland;0
2020-06-29;Sachsen;0
2020-06-29;Sachsen-Anhalt;0
2020-06-29;Schleswig-Holstein;0
2020-06-29;Thüringen;0
2020-06-30;Baden-Württemberg;0
2020-06-30;Bayern;0
2020-06-30;Berlin;0
2020-06-30;Brandenburg;0
2020-06-30;Bremen;0
2020-06-30;Hamburg;0
2020-06-30;Hessen;0
2020-06-30;Mecklenburg-Vorpommern;0
2020-06-30;Niedersachsen;0
2020-06-30;Nordrhein-Westfalen;0
2020-06-30;Rheinland-Pfalz;0
2020-06-30;Saarland;0
2020-06-30;Sachsen;0
2020-06-30;Sachsen-Anhalt;0
2020-06-30;Schleswig-Holstein;0
2020-06-30;Thüringen;0
2020-07-01;Baden-Württemberg;0
2020-07-01;Bayern;0
2020-07-01;Berlin;0
2020-07-01;Brandenburg;0
2020-07-01;Bremen;0
2020-07-01;Hamburg;0
2020-07-01;Hessen;0
2020-07-01;Mecklenburg-Vorpommern;0
2020-07-01;Niedersachsen;0
2020-07-01;Nordrhein-Westfalen;0
2020-07-01;Rheinland-Pfalz;0
2020-07-01;Saarland;0
2020-07-01;Sachsen;0
2020-07-01;Sachsen-Anhalt;0
2020-07-01;Schleswig-Holstein;0
2020-07-01;Thüringen;0
2020-07-02;Baden-Württemberg;0
2020-07-02;Bayern;0
2020-07-02;Berlin;0
2020-07-02;Brandenburg;0
2020-07-02;Bremen;0
2020-07-02;Hamburg;0
2020-07-02;Hessen;0
2020-07-02;Mecklenburg-Vorpommern;0
2020-07-02;Niedersachsen;0
2020-07-02;Nordrhein-Westfalen;0
2020-07-02;Rheinland-Pfalz;0
2020-07-02;Saarland;0
2020-07-02;Sachsen;0
2020-07-02;Sachsen-Anhalt;0
2020-07-02;Schleswig-Holstein;0
2020-07-02;Thüringen;0
2020-07-03;Baden-Württemberg;0
2020-07-03;Bayern;0
2020-07-03;Berlin;0
2020-07-03;Brandenburg;0
2020-07-03;Bremen;0
2020-07-03;Hamburg;0
2020-07-03;Hessen;0
2020-07-03;Mecklenburg-Vorpommern;0
2020-07-03;Niedersachsen;0
2020-07-03;Nordrhein-Westfalen;0
2020-07-03;Rheinland-Pfalz;0
2020-07-03;Saarland;0
2020-07-03;Sachsen;0
2020-07-03;Sachsen-Anhalt;0
2020-07-03;Schleswig-Holstein;0
2020-07-03;Thüringen;0
2020-07-04;Baden-Württemberg;0
2020-07-04;Bayern;0
2020-07-04;Berlin;0
2020-07-04;Brandenburg;0
2020-07-04;Bremen;0
2020-07-04;Hamburg;0
2020-07-04;Hessen;0
2020-07-04;Mecklenburg-Vorpommern;0
2020-07-04;Niedersachsen;0
2020-07-04;Nordrhein-Westfalen;0
2020-07-04;Rheinland-Pfalz;0
2020-07-04;Saarland;0
2020-07-04;Sachsen;0
2020-07-04;Sachsen-Anhalt;0
2020-07-04;Schleswig-Holstein;0
2020-07-04;Thüringen;0
2020-07-05;Baden-Württemberg;0
2020-07-05;Bayern;0
2020-07-05;Berlin;0
2020-07-05;Brandenburg;0
2020-07-05;Bremen;0
2020-07-05;Hamburg;0
2020-07-05;Hessen;0
2020-07-05;Mecklenburg-Vorpommern;0
2020-07-05;Niedersachsen;0
2020-07-05;Nordrhein-Westfalen;0
2020-07-05;Rheinland-Pfalz;0
2020-07-05;Saarland;0
2020-07-05;Sachsen;0
2020-07-05;Sachsen-Anhalt;0
2020-07-05;Schleswig-Holstein;0
2020-07-05;Thüringen;0
2020-07-06;Baden-Württemberg;0
2020-07-06;Bayern;0
2020-07-06;Berlin;0
2020-07-06;Brandenburg;0
2020-07-06;Bremen;0
2020-07-06;Hamburg;0
2020-07-06;Hessen;0
2020-07-06;Mecklenburg-Vorpommern;0
2020-07-06;Niedersachsen;0
2020-07-06;Nordrhein-Westfalen;0
2020-07-06;Rheinland-Pfalz;0
2020-07-06;Saarland;0
2020-07-06;Sachsen;0
2020-07-06;Sachsen-Anhalt;0
2020-07-06;Schleswig-Holstein;0
2020-07-06;Thüringen;0
2020-07-07;Baden-Württemberg;0
2020-07-07;Bayern;0
2020-07-07;Berlin;0
2020-07-07;Brandenburg;0
2020-07-07;Bremen;0
2020-07-07;Hamburg;0
2020-07-07;Hessen;0
2020-07-07;Mecklenburg-Vorpommern;0
2020-07-07;Niedersachsen;0
2020-07-07;Nordrhein-Westfalen;0
2020-07-07;Rheinland-Pfalz;0
2020-07-07;Saarland;0
2020-07-07;Sachsen;0
2020-07-07;Sachsen-Anhalt;0
2020-07-07;Schleswig-Holstein;0
2020-07-07;Thüringen;0
2020-07-08;Baden-Württemberg;0
2020-07-08;Bayern;0
2020-07-08;Berlin;0
2020-07-08;Brandenburg;0
2020-07-08;Bremen;0
2020-07-08;Hamburg;0
2020-07-08;Hessen;0
2020-07-08;Mecklenburg-Vorpommern;0
2020-07-08;Niedersachsen;0
2020-07-08;Nordrhein-Westfalen;0
2020-07-08;Rheinland-Pfalz;0
2020-07-08;Saarland;0
2020-07-08;Sachsen;0
2020-07-08;Sachsen-Anhalt;0
2020-07-08;Schleswig-Holstein;0
2020-07-08;Thüringen;0
2020-07-09;Baden-Württemberg;0
2020-07-09;Bayern;0
2020-07-09;Berlin;0
2020-07-09;Brandenburg;0
2020-07-09;Bremen;0
2020-07-09;Hamburg;0
2020-07-09;Hessen;0
2020-07-09;Mecklenburg-Vorpommern;0
2020-07-09;Niedersachsen;0
2020-07-09;Nordrhein-Westfalen;0
2020-07-09;Rheinland-Pfalz;0
2020-07-09;Saarland;0
2020-07-09;Sachsen;0
2020-07-09;Sachsen-Anhalt;0
2020-07-09;Schleswig-Holstein;0
2020-07-09;Thüringen;0
2020-07-10;Baden-Württemberg;0
2020-07-10;Bayern;0
2020-07-10;Berlin;0
2020-07-10;Brandenburg;0
2020-07-10;Bremen;0
2020-07-10;Hamburg;0
2020-07-10;Hessen;0
2020-07-10;Mecklenburg-Vorpommern;0
2020-07-10;Niedersachsen;0
2020-07-10;Nordrhein-Westfalen;0
2020-07-10;Rheinland-Pfalz;0
2020-07-10;Saarland;0
2020-07-10;Sachsen;0
2020-07-10;Sachsen-Anhalt;0
2020-07-10;Schleswig-Holstein;0
2020-07-10;Thüringen;0
2020-07-11;Baden-Württemberg;0
2020-07-11;Bayern;0
2020-07-11;Berlin;0
2020-07-11;Brandenburg;0
2020-07-11;Bremen;0
2020-07-11;Hamburg;0
2020-07-11;Hessen;0
2020-07-11;Mecklenburg-Vorpommern;0
2020-07-11;Niedersachsen;0
2020-07-11;Nordrhein-Westfalen;0
2020-07-11;Rheinland-Pfalz;0
2020-07-11;Saarland;0
2020-07-11;Sachsen;0
2020-07-11;Sachsen-Anhalt;0
2020-07-11;Schleswig-Holstein;0
2020-07-11;Thüringen;0
2020-07-12;Baden-Württemberg;0
2020-07-12;Bayern;0
2020-07-12;Berlin;0
2020-07-12;Brandenburg;0
2020-07-12;Bremen;0
2020-07-12;Hamburg;0
2020-07-12;Hessen;0
2020-07-12;Mecklenburg-Vorpommern;0
2020-07-12;Niedersachsen;0
2020-07-12;Nordrhein-Westfalen;0
2020-07-12;Rheinland-Pfalz;0
2020-07-12;Saarland;0
2020-07-12;Sachsen;0
2020-07-12;Sachsen-Anhalt;0
2020-07-12;Schleswig-Holstein;0
2020-07-12;Thüringen;0
2020-07-13;Baden-Württemberg;0
2020-07-13;Bayern;0
2020-07-13;Berlin;0
2020-07-13;Brandenburg;0
2020-07-13;Bremen;0
2020-07-13;Hamburg;0
2020-07-13;Hessen;0
2020-07-13;Mecklenburg-Vorpommern;0
2020-07-13;Niedersachsen;0
2020-07-13;Nordrhein-Westfalen;0
2020-07-13;Rheinland-Pfalz;0
2020-07-13;Saarland;0
2020-07-13;Sachsen;0
2020-07-13;Sachsen-Anhalt;0
2020-07-13;Schleswig-Holstein;0
2020-07-13;Thüringen;0
2020-07-14;Baden-Württemberg;0
2020-07-14;Bayern;0
2020-07-14;Berlin;0
2020-07-14;Brandenburg;0
2020-07-14;Bremen;0
2020-07-14;Hamburg;0
2020-07-14;Hessen;0
2020-07-14;Mecklenburg-Vorpommern;0
2020-07-14;Niedersachsen;0
2020-07-14;Nordrhein-Westfalen;0
2020-07-14;Rheinland-Pfalz;0
2020-07-14;Saarland;0
2020-07-14;Sachsen;0
2020-07-14;Sachsen-Anhalt;0
2020-07-14;Schleswig-Holstein;0
2020-07-14;Thüringen;0
2020-07-15;Baden-Württemberg;0
2020-07-15;Bayern;0
2020-07-15;Berlin;0
2020-07-15;Brandenburg;0
2020-07-15;Bremen;0
2020-07-15;Hamburg;0
2020-07-15;Hessen;0
2020-07-15;Mecklenburg-Vorpommern;0
2020-07-15;Niedersachsen;0
2020-07-15;Nordrhein-Westfalen;0
2020-07-15;Rheinland-Pfalz;0
2020-07-15;Saarland;0
2020-07-15;Sachsen;0
2020-07-15;Sachsen-Anhalt;0
2020-07-15;Schleswig-Holstein;0
2020-07-15;Thüringen;0
2020-07-16;Baden-Württemberg;0
2020-07-16;Bayern;0
2020-07-16;Berlin;0
2020-07-16;Brandenburg;0
2020-07-16;Bremen;0
2020-07-16;Hamburg;0
2020-07-16;Hessen;0
2020-07-16;Mecklenburg-Vorpommern;0
2020-07-16;Niedersachsen;0
2020-07-16;Nordrhein-Westfalen;0
2020-07-16;Rheinland-Pfalz;0
2020-07-16;Saarland;0
2020-07-16;Sachsen;0
2020-07-16;Sachsen-Anhalt;0
2020-07-16;Schleswig-Holstein;0
2020-07-16;Thüringen;0
2020-07-17;Baden-Württemberg;0
2020-07-17;Bayern;0
2020-07-17;Berlin;0
2020-07-17;Brandenburg;0
2020-07-17;Bremen;0
2020-07-17;Hamburg;0
2020-07-17;Hessen;0
2020-07-17;Mecklenburg-Vorpommern;0
2020-07-17;Niedersachsen;0
2020-07-17;Nordrhein-Westfalen;0
2020-07-17;Rheinland-Pfalz;0
2020-07-17;Saarland;0
2020-07-17;Sachsen;0
2020-07-17;Sachsen-Anhalt;0
2020-07-17;Schleswig-Holstein;0
2020-07-17;Thüringen;0
2020-07-18;Baden-Württemberg;0
2020-07-18;Bayern;0
2020-07-18;Berlin;0
2020-07-18;Brandenburg;0
2020-07-18;Bremen;0
2020-07-18;Hamburg;0
2020-07-18;Hessen;0
2020-07-18;Mecklenburg-Vorpommern;0
2020-07-18;Niedersachsen;0
2020-07-18;Nordrhein-Westfalen;0
2020-07-18;Rheinland-Pfalz;0
2020-07-18;Saarland;0
2020-07-18;Sachsen;0
2020-07-18;Sachsen-Anhalt;0
2020-07-18;Schleswig-Holstein;0
2020-07-18;Thüringen;0
2020-07-19;Baden-Württemberg;0
2020-07-19;Bayern;0
2020-07-19;Berlin;0
2020-07-19;Brandenburg;0
2020-07-19;Bremen;0
2020-07-19;Hamburg;0
2020-07-19;Hessen;0
2020-07-19;Mecklenburg-Vorpommern;0
2020-07-19;Niedersachsen;0
2020-07-19;Nordrhein-Westfalen;0
2020-07-19;Rheinland-Pfalz;0
2020-07-19;Saarland;0
2020-07-19;Sachsen;0
2020-07-19;Sachsen-Anhalt;0
2020-07-19;Schleswig-Holstein;0
2020-07-19;Thüringen;0
2020-07-20;Baden-Württemberg;0
2020-07-20;Bayern;0
2020-07-20;Berlin;0
2020-07-20;Brandenburg;0
2020-07-20;Bremen;0
2020-07-20;Hamburg;0
2020-07-20;Hessen;0
2020-07-20;Mecklenburg-Vorpommern;0
2020-07-20;Niedersachsen;0
2020-07-20;Nordrhein-Westfalen;0
2020-07-20;Rheinland-Pfalz;0
2020-07-20;Saarland;0
2020-07-20;Sachsen;0
2020-07-20;Sachsen-Anhalt;0
2020-07-20;Schleswig-Holstein;0
2020-07-20;Thüringen;0
2020-07-21;Baden-Württemberg;0
2020-07-21;Bayern;0
2020-07-21;Berlin;0
2020-07-21;Brandenburg;0
2020-07-21;Bremen;0
2020-07-21;Hamburg;0
2020-07-21;Hessen;0
2020-07-21;Mecklenburg-Vorpommern;0
2020-07-21;Niedersachsen;0
2020-07-21;Nordrhein-Westfalen;0
2020-07-21;Rheinland-Pfalz;0
2020-07-21;Saarland;0
2020-07-21;Sachsen;0
2020-07-21;Sachsen-Anhalt;0
2020-07-21;Schleswig-Holstein;0
2020-07-21;Thüringen;0
2020-07-22;Baden-Württemberg;0
2020-07-22;Bayern;0
2020-07-22;Berlin;0
2020-07-22;Brandenburg;0
2020-07-22;Bremen;0
2020-07-22;Hamburg;0
2020-07-22;Hessen;0
2020-07-22;Mecklenburg-Vorpommern;0
2020-07-22;Niedersachsen;0
2020-07-22;Nordrhein-Westfalen;0
2020-07-22;Rheinland-Pfalz;0
2020-07-22;Saarland;0
2020-07-22;Sachsen;0
2020-07-22;Sachsen-Anhalt;0
2020-07-22;Schleswig-Holstein;0
2020-07-22;Thüringen;0
2020-07-23;Baden-Württemberg;0
2020-07-23;Bayern;0
2020-07-23;Berlin;0
2020-07-23;Brandenburg;0
2020-07-23;Bremen;0
2020-07-23;Hamburg;0
2020-07-23;Hessen;0
2020-07-23;Mecklenburg-Vorpommern;0
2020-07-23;Niedersachsen;0
2020-07-23;Nordrhein-Westfalen;0
2020-07-23;Rheinland-Pfalz;0
2020-07-23;Saarland;0
2020-07-23;Sachsen;0
2020-07-23;Sachsen-Anhalt;0
2020-07-23;Schleswig-Holstein;0
2020-07-23;Thüringen;0
2020-07-24;Baden-Württemberg;0
2020-07-24;Bayern;0
2020-07-24;Berlin;0
2020-07-24;Brandenburg;0
2020-07-24;Bremen;0
2020-07-24;Hamburg;0
2020-07-24;Hessen;0
2020-07-24;Mecklenburg-Vorpommern;0
2020-07-24;Niedersachsen;0
2020-07-24;Nordrhein-Westfalen;0
2020-07-24;Rheinland-Pfalz;0
2020-07-24;Saarland;0
2020-07-24;Sachsen;0
2020-07-24;Sachsen-Anhalt;0
2020-07-24;Schleswig-Holstein;0
2020-07-24;Thüringen;0
2020-07-25;Baden-Württemberg;0
2020-07-25;Bayern;0
2020-07-25;Berlin;0
2020-07-25;Brandenburg;0
2020-07-25;Bremen;0
2020-07-25;Hamburg;0
2020-07-25;Hessen;0
2020-07-25;Mecklenburg-Vorpommern;0
2020-07-25;Niedersachsen;0
2020-07-25;Nordrhein-Westfalen;0
2020-07-25;Rheinland-Pfalz;0
2020-07-25;Saarland;0
2020-07-25;Sachsen;0
2020-07-25;Sachsen-Anhalt;0
2020-07-25;Schleswig-Holstein;0
2020-07-25;Thüringen;0
2020-07-26;Baden-Württemberg;0
2020-07-26;Bayern;0
2020-07-26;Berlin;0
2020-07-26;Brandenburg;0
2020-07-26;Bremen;0
2020-07-26;Hamburg;0
2020-07-26;Hessen;0
2020-07-26;Mecklenburg-Vorpommern;0
2020-07-26;Niedersachsen;0
2020-07-26;Nordrhein-Westfalen;0
2020-07-26;Rheinland-Pfalz;0
2020-07-26;Saarland;0
2020-07-26;Sachsen;0
2020-07-26;Sachsen-Anhalt;0
2020-07-26;Schleswig-Holstein;0
2020-07-26;Thüringen;0
2020-07-27;Baden-Württemberg;0
2020-07-27;Bayern;0
2020-07-27;Berlin;0
2020-07-27;Brandenburg;0
2020-07-27;Bremen;0
2020-07-27;Hamburg;0
2020-07-27;Hessen;0
2020-07-27;Mecklenburg-Vorpommern;0
2020-07-27;Niedersachsen;0
2020-07-27;Nordrhein-Westfalen;0
2020-07-27;Rheinland-Pfalz;0
2020-07-27;Saarland;0
2020-07-27;Sachsen;0
2020-07-27;Sachsen-Anhalt;0
2020-07-27;Schleswig-Holstein;0
2020-07-27;Thüringen;0
2020-07-28;Baden-Württemberg;0
2020-07-28;Bayern;0
2020-07-28;Berlin;0
2020-07-28;Brandenburg;0
2020-07-28;Bremen;0
2020-07-28;Hamburg;0
2020-07-28;Hessen;0
2020-07-28;Mecklenburg-Vorpommern;0
2020-07-28;Niedersachsen;0
2020-07-28;Nordrhein-Westfalen;0
2020-07-28;Rheinland-Pfalz;0
2020-07-28;Saarland;0
2020-07-28;Sachsen;0
2020-07-28;Sachsen-Anhalt;0
2020-07-28;Schleswig-Holstein;0
2020-07-28;Thüringen;0
2020-07-29;Baden-Württemberg;0
2020-07-29;Bayern;0
2020-07-29;Berlin;0
2020-07-29;Brandenburg;0
2020-07-29;Bremen;0
2020-07-29;Hamburg;0
2020-07-29;Hessen;0
2020-07-29;Mecklenburg-Vorpommern;0
2020-07-29;Niedersachsen;0
2020-07-29;Nordrhein-Westfalen;0
2020-07-29;Rheinland-Pfalz;0
2020-07-29;Saarland;0
2020-07-29;Sachsen;0
2020-07-29;Sachsen-Anhalt;0
2020-07-29;Schleswig-Holstein;0
2020-07-29;Thüringen;0
2020-07-30;Baden-Württemberg;0
2020-07-30;Bayern;0
2020-07-30;Berlin;0
2020-07-30;Brandenburg;0
2020-07-30;Bremen;0
2020-07-30;Hamburg;0
2020-07-30;Hessen;0
2020-07-30;Mecklenburg-Vorpommern;0
2020-07-30;Niedersachsen;0
2020-07-30;Nordrhein-Westfalen;0
2020-07-30;Rheinland-Pfalz;0
2020-07-30;Saarland;0
2020-07-30;Sachsen;0
2020-07-30;Sachsen-Anhalt;0
2020-07-30;Schleswig-Holstein;0
2020-07-30;Thüringen;0
2020-07-31;Baden-Württemberg;0
2020-07-31;Bayern;0
2020-07-31;Berlin;0
2020-07-31;Brandenburg;0
2020-07-31;Bremen;0
2020-07-31;Hamburg;0
2020-07-31;Hessen;0
2020-07-31;Mecklenburg-Vorpommern;0
2020-07-31;Niedersachsen;0
2020-07-31;Nordrhein-Westfalen;0
2020-07-31;Rheinland-Pfalz;0
2020-07-31;Saarland;0
2020-07-31;Sachsen;0
2020-07-31;Sachsen-Anhalt;0
2020-07-31;Schleswig-Holstein;0
2020-07-31;Thüringen;0
2020-08-01;Baden-Württemberg;0
2020-08-01;Bayern;0
2020-08-01;Berlin;0
2020-08-01;Brandenburg;0
2020-08-01;Bremen;0
2020-08-01;Hamburg;0
2020-08-01;Hessen;0
2020-08-01;Mecklenburg-Vorpommern;0
2020-08-01;Niedersachsen;0
2020-08-01;Nordrhein-Westfalen;0
2020-08-01;Rheinland-Pfalz;0
2020-08-01;Saarland;0
2020-08-01;Sachsen;0
2020-08-01;Sachsen-Anhalt;0
2020-08-01;Schleswig-Holstein;0
2020-08-01;Thüringen;0
2020-08-02;Baden-Württemberg;0
2020-08-02;Bayern;0
2020-08-02;Berlin;0
2020-08-02;Brandenburg;0
2020-08-02;Bremen;0
2020-08-02;Hamburg;0
2020-08-02;Hessen;0
2020-08-02;Mecklenburg-Vorpommern;0
2020-08-02;Niedersachsen;0
2020-08-02;Nordrhein-Westfalen;0
2020-08-02;Rheinland-Pfalz;0
2020-08-02;Saarland;0
2020-08-02;Sachsen;0
2020-08-02;Sachsen-Anhalt;0
2020-08-02;Schleswig-Holstein;0
2020-08-02;Thüringen;0
2020-08-03;Baden-Württemberg;0
2020-08-03;Bayern;0
2020-08-03;Berlin;0
2020-08-03;Brandenburg;0
2020-08-03;Bremen;0
2020-08-03;Hamburg;0
2020-08-03;Hessen;0
2020-08-03;Mecklenburg-Vorpommern;0
2020-08-03;Niedersachsen;0
2020-08-03;Nordrhein-Westfalen;0
2020-08-03;Rheinland-Pfalz;0
2020-08-03;Saarland;0
2020-08-03;Sachsen;0
2020-08-03;Sachsen-Anhalt;0
2020-08-03;Schleswig-Holstein;0
2020-08-03;Thüringen;0
2020-08-04;Baden-Württemberg;0
2020-08-04;Bayern;0
2020-08-04;Berlin;0
2020-08-04;Brandenburg;0
2020-08-04;Bremen;0
2020-08-04;Hamburg;0
2020-08-04;Hessen;0
2020-08-04;Mecklenburg-Vorpommern;0
2020-08-04;Niedersachsen;0
2020-08-04;Nordrhein-Westfalen;0
2020-08-04;Rheinland-Pfalz;0
2020-08-04;Saarland;0
2020-08-04;Sachsen;0
2020-08-04;Sachsen-Anhalt;0
2020-08-04;Schleswig-Holstein;0
2020-08-04;Thüringen;0
2020-08-05;Baden-Württemberg;0
2020-08-05;Bayern;0
2020-08-05;Berlin;0
2020-08-05;Brandenburg;0
2020-08-05;Bremen;0
2020-08-05;Hamburg;0
2020-08-05;Hessen;0
2020-08-05;Mecklenburg-Vorpommern;0
2020-08-05;Niedersachsen;0
2020-08-05;Nordrhein-Westfalen;0
2020-08-05;Rheinland-Pfalz;0
2020-08-05;Saarland;0
2020-08-05;Sachsen;0
2020-08-05;Sachsen-Anhalt;0
2020-08-05;Schleswig-Holstein;0
2020-08-05;Thüringen;0
2020-08-06;Baden-Württemberg;0
2020-08-06;Bayern;0
2020-08-06;Berlin;0
2020-08-06;Brandenburg;0
2020-08-06;Bremen;0
2020-08-06;Hamburg;0
2020-08-06;Hessen;0
2020-08-06;Mecklenburg-Vorpommern;0
2020-08-06;Niedersachsen;0
2020-08-06;Nordrhein-Westfalen;0
2020-08-06;Rheinland-Pfalz;0
2020-08-06;Saarland;0
2020-08-06;Sachsen;0
2020-08-06;Sachsen-Anhalt;0
2020-08-06;Schleswig-Holstein;0
2020-08-06;Thüringen;0
2020-08-07;Baden-Württemberg;0
2020-08-07;Bayern;0
2020-08-07;Berlin;0
2020-08-07;Brandenburg;0
2020-08-07;Bremen;0
2020-08-07;Hamburg;0
2020-08-07;Hessen;0
2020-08-07;Mecklenburg-Vorpommern;0
2020-08-07;Niedersachsen;0
2020-08-07;Nordrhein-Westfalen;0
2020-08-07;Rheinland-Pfalz;0
2020-08-07;Saarland;0
2020-08-07;Sachsen;0
2020-08-07;Sachsen-Anhalt;0
2020-08-07;Schleswig-Holstein;0
2020-08-07;Thüringen;0
2020-08-08;Baden-Württemberg;0
2020-08-08;Bayern;1
2020-08-08;Berlin;0
2020-08-08;Brandenburg;0
2020-08-08;Bremen;0
2020-08-08;Hamburg;0
2020-08-08;Hessen;0
2020-08-08;Mecklenburg-Vorpommern;0
2020-08-08;Niedersachsen;0
2020-08-08;Nordrhein-Westfalen;0
2020-08-08;Rheinland-Pfalz;0
2020-08-08;Saarland;0
2020-08-08;Sachsen;0
2020-08-08;Sachsen-Anhalt;0
2020-08-08;Schleswig-Holstein;0
2020-08-08;Thüringen;0
2020-08-09;Baden-Württemberg;0
2020-08-09;Bayern;0
2020-08-09;Berlin;0
2020-08-09;Brandenburg;0
2020-08-09;Bremen;0
2020-08-09;Hamburg;0
2020-08-09;Hessen;0
2020-08-09;Mecklenburg-Vorpommern;0
2020-08-09;Niedersachsen;0
2020-08-09;Nordrhein-Westfalen;0
2020-08-09;Rheinland-Pfalz;0
2020-08-09;Saarland;0
2020-08-09;Sachsen;0
2020-08-09;Sachsen-Anhalt;0
2020-08-09;Schleswig-Holstein;0
2020-08-09;Thüringen;0
2020-08-10;Baden-Württemberg;0
2020-08-10;Bayern;0
2020-08-10;Berlin;0
2020-08-10;Brandenburg;0
2020-08-10;Bremen;0
2020-08-10;Hamburg;0
2020-08-10;Hessen;0
2020-08-10;Mecklenburg-Vorpommern;0
2020-08-10;Niedersachsen;0
2020-08-10;Nordrhein-Westfalen;0
2020-08-10;Rheinland-Pfalz;0
2020-08-10;Saarland;0
2020-08-10;Sachsen;0
2020-08-10;Sachsen-Anhalt;0
2020-08-10;Schleswig-Holstein;0
2020-08-10;Thüringen;0
2020-08-11;Baden-Württemberg;0
2020-08-11;Bayern;0
2020-08-11;Berlin;0
2020-08-11;Brandenburg;0
2020-08-11;Bremen;0
2020-08-11;Hamburg;0
2020-08-11;Hessen;0
2020-08-11;Mecklenburg-Vorpommern;0
2020-08-11;Niedersachsen;0
2020-08-11;Nordrhein-Westfalen;0
2020-08-11;Rheinland-Pfalz;0
2020-08-11;Saarland;0
2020-08-11;Sachsen;0
2020-08-11;Sachsen-Anhalt;0
2020-08-11;Schleswig-Holstein;0
2020-08-11;Thüringen;0
2020-08-12;Baden-Württemberg;0
2020-08-12;Bayern;0
2020-08-12;Berlin;0
2020-08-12;Brandenburg;0
2020-08-12;Bremen;0
2020-08-12;Hamburg;0
2020-08-12;Hessen;0
2020-08-12;Mecklenburg-Vorpommern;0
2020-08-12;Niedersachsen;0
2020-08-12;Nordrhein-Westfalen;0
2020-08-12;Rheinland-Pfalz;0
2020-08-12;Saarland;0
2020-08-12;Sachsen;0
2020-08-12;Sachsen-Anhalt;0
2020-08-12;Schleswig-Holstein;0
2020-08-12;Thüringen;0
2020-08-13;Baden-Württemberg;0
2020-08-13;Bayern;0
2020-08-13;Berlin;0
2020-08-13;Brandenburg;0
2020-08-13;Bremen;0
2020-08-13;Hamburg;0
2020-08-13;Hessen;0
2020-08-13;Mecklenburg-Vorpommern;0
2020-08-13;Niedersachsen;0
2020-08-13;Nordrhein-Westfalen;0
2020-08-13;Rheinland-Pfalz;0
2020-08-13;Saarland;0
2020-08-13;Sachsen;0
2020-08-13;Sachsen-Anhalt;0
2020-08-13;Schleswig-Holstein;0
2020-08-13;Thüringen;0
2020-08-14;Baden-Württemberg;0
2020-08-14;Bayern;0
2020-08-14;Berlin;0
2020-08-14;Brandenburg;0
2020-08-14;Bremen;0
2020-08-14;Hamburg;0
2020-08-14;Hessen;0
2020-08-14;Mecklenburg-Vorpommern;0
2020-08-14;Niedersachsen;0
2020-08-14;Nordrhein-Westfalen;0
2020-08-14;Rheinland-Pfalz;0
2020-08-14;Saarland;0
2020-08-14;Sachsen;0
2020-08-14;Sachsen-Anhalt;0
2020-08-14;Schleswig-Holstein;0
2020-08-14;Thüringen;0
2020-08-15;Baden-Württemberg;0
2020-08-15;Bayern;1
2020-08-15;Berlin;0
2020-08-15;Brandenburg;0
2020-08-15;Bremen;0
2020-08-15;Hamburg;0
2020-08-15;Hessen;0
2020-08-15;Mecklenburg-Vorpommern;0
2020-08-15;Niedersachsen;0
2020-08-15;Nordrhein-Westfalen;0
2020-08-15;Rheinland-Pfalz;0
2020-08-15;Saarland;1
2020-08-15;Sachsen;0
2020-08-15;Sachsen-Anhalt;0
2020-08-15;Schleswig-Holstein;0
2020-08-15;Thüringen;0
2020-08-16;Baden-Württemberg;0
2020-08-16;Bayern;0
2020-08-16;Berlin;0
2020-08-16;Brandenburg;0
2020-08-16;Bremen;0
2020-08-16;Hamburg;0
2020-08-16;Hessen;0
2020-08-16;Mecklenburg-Vorpommern;0
2020-08-16;Niedersachsen;0
2020-08-16;Nordrhein-Westfalen;0
2020-08-16;Rheinland-Pfalz;0
2020-08-16;Saarland;0
2020-08-16;Sachsen;0
2020-08-16;Sachsen-Anhalt;0
2020-08-16;Schleswig-Holstein;0
2020-08-16;Thüringen;0
2020-08-17;Baden-Württemberg;0
2020-08-17;Bayern;0
2020-08-17;Berlin;0
2020-08-17;Brandenburg;0
2020-08-17;Bremen;0
2020-08-17;Hamburg;0
2020-08-17;Hessen;0
2020-08-17;Mecklenburg-Vorpommern;0
2020-08-17;Niedersachsen;0
2020-08-17;Nordrhein-Westfalen;0
2020-08-17;Rheinland-Pfalz;0
2020-08-17;Saarland;0
2020-08-17;Sachsen;0
2020-08-17;Sachsen-Anhalt;0
2020-08-17;Schleswig-Holstein;0
2020-08-17;Thüringen;0
2020-08-18;Baden-Württemberg;0
2020-08-18;Bayern;0
2020-08-18;Berlin;0
2020-08-18;Brandenburg;0
2020-08-18;Bremen;0
2020-08-18;Hamburg;0
2020-08-18;Hessen;0
2020-08-18;Mecklenburg-Vorpommern;0
2020-08-18;Niedersachsen;0
2020-08-18;Nordrhein-Westfalen;0
2020-08-18;Rheinland-Pfalz;0
2020-08-18;Saarland;0
2020-08-18;Sachsen;0
2020-08-18;Sachsen-Anhalt;0
2020-08-18;Schleswig-Holstein;0
2020-08-18;Thüringen;0
2020-08-19;Baden-Württemberg;0
2020-08-19;Bayern;0
2020-08-19;Berlin;0
2020-08-19;Brandenburg;0
2020-08-19;Bremen;0
2020-08-19;Hamburg;0
2020-08-19;Hessen;0
2020-08-19;Mecklenburg-Vorpommern;0
2020-08-19;Niedersachsen;0
2020-08-19;Nordrhein-Westfalen;0
2020-08-19;Rheinland-Pfalz;0
2020-08-19;Saarland;0
2020-08-19;Sachsen;0
2020-08-19;Sachsen-Anhalt;0
2020-08-19;Schleswig-Holstein;0
2020-08-19;Thüringen;0
2020-08-20;Baden-Württemberg;0
2020-08-20;Bayern;0
2020-08-20;Berlin;0
2020-08-20;Brandenburg;0
2020-08-20;Bremen;0
2020-08-20;Hamburg;0
2020-08-20;Hessen;0
2020-08-20;Mecklenburg-Vorpommern;0
2020-08-20;Niedersachsen;0
2020-08-20;Nordrhein-Westfalen;0
2020-08-20;Rheinland-Pfalz;0
2020-08-20;Saarland;0
2020-08-20;Sachsen;0
2020-08-20;Sachsen-Anhalt;0
2020-08-20;Schleswig-Holstein;0
2020-08-20;Thüringen;0
2020-08-21;Baden-Württemberg;0
2020-08-21;Bayern;0
2020-08-21;Berlin;0
2020-08-21;Brandenburg;0
2020-08-21;Bremen;0
2020-08-21;Hamburg;0
2020-08-21;Hessen;0
2020-08-21;Mecklenburg-Vorpommern;0
2020-08-21;Niedersachsen;0
2020-08-21;Nordrhein-Westfalen;0
2020-08-21;Rheinland-Pfalz;0
2020-08-21;Saarland;0
2020-08-21;Sachsen;0
2020-08-21;Sachsen-Anhalt;0
2020-08-21;Schleswig-Holstein;0
2020-08-21;Thüringen;0
2020-08-22;Baden-Württemberg;0
2020-08-22;Bayern;0
2020-08-22;Berlin;0
2020-08-22;Brandenburg;0
2020-08-22;Bremen;0
2020-08-22;Hamburg;0
2020-08-22;Hessen;0
2020-08-22;Mecklenburg-Vorpommern;0
2020-08-22;Niedersachsen;0
2020-08-22;Nordrhein-Westfalen;0
2020-08-22;Rheinland-Pfalz;0
2020-08-22;Saarland;0
2020-08-22;Sachsen;0
2020-08-22;Sachsen-Anhalt;0
2020-08-22;Schleswig-Holstein;0
2020-08-22;Thüringen;0
2020-08-23;Baden-Württemberg;0
2020-08-23;Bayern;0
2020-08-23;Berlin;0
2020-08-23;Brandenburg;0
2020-08-23;Bremen;0
2020-08-23;Hamburg;0
2020-08-23;Hessen;0
2020-08-23;Mecklenburg-Vorpommern;0
2020-08-23;Niedersachsen;0
2020-08-23;Nordrhein-Westfalen;0
2020-08-23;Rheinland-Pfalz;0
2020-08-23;Saarland;0
2020-08-23;Sachsen;0
2020-08-23;Sachsen-Anhalt;0
2020-08-23;Schleswig-Holstein;0
2020-08-23;Thüringen;0
2020-08-24;Baden-Württemberg;0
2020-08-24;Bayern;0
2020-08-24;Berlin;0
2020-08-24;Brandenburg;0
2020-08-24;Bremen;0
2020-08-24;Hamburg;0
2020-08-24;Hessen;0
2020-08-24;Mecklenburg-Vorpommern;0
2020-08-24;Niedersachsen;0
2020-08-24;Nordrhein-Westfalen;0
2020-08-24;Rheinland-Pfalz;0
2020-08-24;Saarland;0
2020-08-24;Sachsen;0
2020-08-24;Sachsen-Anhalt;0
2020-08-24;Schleswig-Holstein;0
2020-08-24;Thüringen;0
2020-08-25;Baden-Württemberg;0
2020-08-25;Bayern;0
2020-08-25;Berlin;0
2020-08-25;Brandenburg;0
2020-08-25;Bremen;0
2020-08-25;Hamburg;0
2020-08-25;Hessen;0
2020-08-25;Mecklenburg-Vorpommern;0
2020-08-25;Niedersachsen;0
2020-08-25;Nordrhein-Westfalen;0
2020-08-25;Rheinland-Pfalz;0
2020-08-25;Saarland;0
2020-08-25;Sachsen;0
2020-08-25;Sachsen-Anhalt;0
2020-08-25;Schleswig-Holstein;0
2020-08-25;Thüringen;0
2020-08-26;Baden-Württemberg;0
2020-08-26;Bayern;0
2020-08-26;Berlin;0
2020-08-26;Brandenburg;0
2020-08-26;Bremen;0
2020-08-26;Hamburg;0
2020-08-26;Hessen;0
2020-08-26;Mecklenburg-Vorpommern;0
2020-08-26;Niedersachsen;0
2020-08-26;Nordrhein-Westfalen;0
2020-08-26;Rheinland-Pfalz;0
2020-08-26;Saarland;0
2020-08-26;Sachsen;0
2020-08-26;Sachsen-Anhalt;0
2020-08-26;Schleswig-Holstein;0
2020-08-26;Thüringen;0
2020-08-27;Baden-Württemberg;0
2020-08-27;Bayern;0
2020-08-27;Berlin;0
2020-08-27;Brandenburg;0
2020-08-27;Bremen;0
2020-08-27;Hamburg;0
2020-08-27;Hessen;0
2020-08-27;Mecklenburg-Vorpommern;0
2020-08-27;Niedersachsen;0
2020-08-27;Nordrhein-Westfalen;0
2020-08-27;Rheinland-Pfalz;0
2020-08-27;Saarland;0
2020-08-27;Sachsen;0
2020-08-27;Sachsen-Anhalt;0
2020-08-27;Schleswig-Holstein;0
2020-08-27;Thüringen;0
2020-08-28;Baden-Württemberg;0
2020-08-28;Bayern;0
2020-08-28;Berlin;0
2020-08-28;Brandenburg;0
2020-08-28;Bremen;0
2020-08-28;Hamburg;0
2020-08-28;Hessen;0
2020-08-28;Mecklenburg-Vorpommern;0
2020-08-28;Niedersachsen;0
2020-08-28;Nordrhein-Westfalen;0
2020-08-28;Rheinland-Pfalz;0
2020-08-28;Saarland;0
2020-08-28;Sachsen;0
2020-08-28;Sachsen-Anhalt;0
2020-08-28;Schleswig-Holstein;0
2020-08-28;Thüringen;0
2020-08-29;Baden-Württemberg;0
2020-08-29;Bayern;0
2020-08-29;Berlin;0
2020-08-29;Brandenburg;0
2020-08-29;Bremen;0
2020-08-29;Hamburg;0
2020-08-29;Hessen;0
2020-08-29;Mecklenburg-Vorpommern;0
2020-08-29;Niedersachsen;0
2020-08-29;Nordrhein-Westfalen;0
2020-08-29;Rheinland-Pfalz;0
2020-08-29;Saarland;0
2020-08-29;Sachsen;0
2020-08-29;Sachsen-Anhalt;0
2020-08-29;Schleswig-Holstein;0
2020-08-29;Thüringen;0
2020-08-30;Baden-Württemberg;0
2020-08-30;Bayern;0
2020-08-30;Berlin;0
2020-08-30;Brandenburg;0
2020-08-30;Bremen;0
2020-08-30;Hamburg;0
2020-08-30;Hessen;0
2020-08-30;Mecklenburg-Vorpommern;0
2020-08-30;Niedersachsen;0
2020-08-30;Nordrhein-Westfalen;0
2020-08-30;Rheinland-Pfalz;0
2020-08-30;Saarland;0
2020-08-30;Sachsen;0
2020-08-30;Sachsen-Anhalt;0
2020-08-30;Schleswig-Holstein;0
2020-08-30;Thüringen;0
2020-08-31;Baden-Württemberg;0
2020-08-31;Bayern;0
2020-08-31;Berlin;0
2020-08-31;Brandenburg;0
2020-08-31;Bremen;0
2020-08-31;Hamburg;0
2020-08-31;Hessen;0
2020-08-31;Mecklenburg-Vorpommern;0
2020-08-31;Niedersachsen;0
2020-08-31;Nordrhein-Westfalen;0
2020-08-31;Rheinland-Pfalz;0
2020-08-31;Saarland;0
2020-08-31;Sachsen;0
2020-08-31;Sachsen-Anhalt;0
2020-08-31;Schleswig-Holstein;0
2020-08-31;Thüringen;0
2020-09-01;Baden-Württemberg;0
2020-09-01;Bayern;0
2020-09-01;Berlin;0
2020-09-01;Brandenburg;0
2020-09-01;Bremen;0
2020-09-01;Hamburg;0
2020-09-01;Hessen;0
2020-09-01;Mecklenburg-Vorpommern;0
2020-09-01;Niedersachsen;0
2020-09-01;Nordrhein-Westfalen;0
2020-09-01;Rheinland-Pfalz;0
2020-09-01;Saarland;0
2020-09-01;Sachsen;0
2020-09-01;Sachsen-Anhalt;0
2020-09-01;Schleswig-Holstein;0
2020-09-01;Thüringen;0
2020-09-02;Baden-Württemberg;0
2020-09-02;Bayern;0
2020-09-02;Berlin;0
2020-09-02;Brandenburg;0
2020-09-02;Bremen;0
2020-09-02;Hamburg;0
2020-09-02;Hessen;0
2020-09-02;Mecklenburg-Vorpommern;0
2020-09-02;Niedersachsen;0
2020-09-02;Nordrhein-Westfalen;0
2020-09-02;Rheinland-Pfalz;0
2020-09-02;Saarland;0
2020-09-02;Sachsen;0
2020-09-02;Sachsen-Anhalt;0
2020-09-02;Schleswig-Holstein;0
2020-09-02;Thüringen;0
2020-09-03;Baden-Württemberg;0
2020-09-03;Bayern;0
2020-09-03;Berlin;0
2020-09-03;Brandenburg;0
2020-09-03;Bremen;0
2020-09-03;Hamburg;0
2020-09-03;Hessen;0
2020-09-03;Mecklenburg-Vorpommern;0
2020-09-03;Niedersachsen;0
2020-09-03;Nordrhein-Westfalen;0
2020-09-03;Rheinland-Pfalz;0
2020-09-03;Saarland;0
2020-09-03;Sachsen;0
2020-09-03;Sachsen-Anhalt;0
2020-09-03;Schleswig-Holstein;0
2020-09-03;Thüringen;0
2020-09-04;Baden-Württemberg;0
2020-09-04;Bayern;0
2020-09-04;Berlin;0
2020-09-04;Brandenburg;0
2020-09-04;Bremen;0
2020-09-04;Hamburg;0
2020-09-04;Hessen;0
2020-09-04;Mecklenburg-Vorpommern;0
2020-09-04;Niedersachsen;0
2020-09-04;Nordrhein-Westfalen;0
2020-09-04;Rheinland-Pfalz;0
2020-09-04;Saarland;0
2020-09-04;Sachsen;0
2020-09-04;Sachsen-Anhalt;0
2020-09-04;Schleswig-Holstein;0
2020-09-04;Thüringen;0
2020-09-05;Baden-Württemberg;0
2020-09-05;Bayern;0
2020-09-05;Berlin;0
2020-09-05;Brandenburg;0
2020-09-05;Bremen;0
2020-09-05;Hamburg;0
2020-09-05;Hessen;0
2020-09-05;Mecklenburg-Vorpommern;0
2020-09-05;Niedersachsen;0
2020-09-05;Nordrhein-Westfalen;0
2020-09-05;Rheinland-Pfalz;0
2020-09-05;Saarland;0
2020-09-05;Sachsen;0
2020-09-05;Sachsen-Anhalt;0
2020-09-05;Schleswig-Holstein;0
2020-09-05;Thüringen;0
2020-09-06;Baden-Württemberg;0
2020-09-06;Bayern;0
2020-09-06;Berlin;0
2020-09-06;Brandenburg;0
2020-09-06;Bremen;0
2020-09-06;Hamburg;0
2020-09-06;Hessen;0
2020-09-06;Mecklenburg-Vorpommern;0
2020-09-06;Niedersachsen;0
2020-09-06;Nordrhein-Westfalen;0
2020-09-06;Rheinland-Pfalz;0
2020-09-06;Saarland;0
2020-09-06;Sachsen;0
2020-09-06;Sachsen-Anhalt;0
2020-09-06;Schleswig-Holstein;0
2020-09-06;Thüringen;0
2020-09-07;Baden-Württemberg;0
2020-09-07;Bayern;0
2020-09-07;Berlin;0
2020-09-07;Brandenburg;0
2020-09-07;Bremen;0
2020-09-07;Hamburg;0
2020-09-07;Hessen;0
2020-09-07;Mecklenburg-Vorpommern;0
2020-09-07;Niedersachsen;0
2020-09-07;Nordrhein-Westfalen;0
2020-09-07;Rheinland-Pfalz;0
2020-09-07;Saarland;0
2020-09-07;Sachsen;0
2020-09-07;Sachsen-Anhalt;0
2020-09-07;Schleswig-Holstein;0
2020-09-07;Thüringen;0
2020-09-08;Baden-Württemberg;0
2020-09-08;Bayern;0
2020-09-08;Berlin;0
2020-09-08;Brandenburg;0
2020-09-08;Bremen;0
2020-09-08;Hamburg;0
2020-09-08;Hessen;0
2020-09-08;Mecklenburg-Vorpommern;0
2020-09-08;Niedersachsen;0
2020-09-08;Nordrhein-Westfalen;0
2020-09-08;Rheinland-Pfalz;0
2020-09-08;Saarland;0
2020-09-08;Sachsen;0
2020-09-08;Sachsen-Anhalt;0
2020-09-08;Schleswig-Holstein;0
2020-09-08;Thüringen;0
2020-09-09;Baden-Württemberg;0
2020-09-09;Bayern;0
2020-09-09;Berlin;0
2020-09-09;Brandenburg;0
2020-09-09;Bremen;0
2020-09-09;Hamburg;0
2020-09-09;Hessen;0
2020-09-09;Mecklenburg-Vorpommern;0
2020-09-09;Niedersachsen;0
2020-09-09;Nordrhein-Westfalen;0
2020-09-09;Rheinland-Pfalz;0
2020-09-09;Saarland;0
2020-09-09;Sachsen;0
2020-09-09;Sachsen-Anhalt;0
2020-09-09;Schleswig-Holstein;0
2020-09-09;Thüringen;0
2020-09-10;Baden-Württemberg;0
2020-09-10;Bayern;0
2020-09-10;Berlin;0
2020-09-10;Brandenburg;0
2020-09-10;Bremen;0
2020-09-10;Hamburg;0
2020-09-10;Hessen;0
2020-09-10;Mecklenburg-Vorpommern;0
2020-09-10;Niedersachsen;0
2020-09-10;Nordrhein-Westfalen;0
2020-09-10;Rheinland-Pfalz;0
2020-09-10;Saarland;0
2020-09-10;Sachsen;0
2020-09-10;Sachsen-Anhalt;0
2020-09-10;Schleswig-Holstein;0
2020-09-10;Thüringen;0
2020-09-11;Baden-Württemberg;0
2020-09-11;Bayern;0
2020-09-11;Berlin;0
2020-09-11;Brandenburg;0
2020-09-11;Bremen;0
2020-09-11;Hamburg;0
2020-09-11;Hessen;0
2020-09-11;Mecklenburg-Vorpommern;0
2020-09-11;Niedersachsen;0
2020-09-11;Nordrhein-Westfalen;0
2020-09-11;Rheinland-Pfalz;0
2020-09-11;Saarland;0
2020-09-11;Sachsen;0
2020-09-11;Sachsen-Anhalt;0
2020-09-11;Schleswig-Holstein;0
2020-09-11;Thüringen;0
2020-09-12;Baden-Württemberg;0
2020-09-12;Bayern;0
2020-09-12;Berlin;0
2020-09-12;Brandenburg;0
2020-09-12;Bremen;0
2020-09-12;Hamburg;0
2020-09-12;Hessen;0
2020-09-12;Mecklenburg-Vorpommern;0
2020-09-12;Niedersachsen;0
2020-09-12;Nordrhein-Westfalen;0
2020-09-12;Rheinland-Pfalz;0
2020-09-12;Saarland;0
2020-09-12;Sachsen;0
2020-09-12;Sachsen-Anhalt;0
2020-09-12;Schleswig-Holstein;0
2020-09-12;Thüringen;0
2020-09-13;Baden-Württemberg;0
2020-09-13;Bayern;0
2020-09-13;Berlin;0
2020-09-13;Brandenburg;0
2020-09-13;Bremen;0
2020-09-13;Hamburg;0
2020-09-13;Hessen;0
2020-09-13;Mecklenburg-Vorpommern;0
2020-09-13;Niedersachsen;0
2020-09-13;Nordrhein-Westfalen;0
2020-09-13;Rheinland-Pfalz;0
2020-09-13;Saarland;0
2020-09-13;Sachsen;0
2020-09-13;Sachsen-Anhalt;0
2020-09-13;Schleswig-Holstein;0
2020-09-13;Thüringen;0
2020-09-14;Baden-Württemberg;0
2020-09-14;Bayern;0
2020-09-14;Berlin;0
2020-09-14;Brandenburg;0
2020-09-14;Bremen;0
2020-09-14;Hamburg;0
2020-09-14;Hessen;0
2020-09-14;Mecklenburg-Vorpommern;0
2020-09-14;Niedersachsen;0
2020-09-14;Nordrhein-Westfalen;0
2020-09-14;Rheinland-Pfalz;0
2020-09-14;Saarland;0
2020-09-14;Sachsen;0
2020-09-14;Sachsen-Anhalt;0
2020-09-14;Schleswig-Holstein;0
2020-09-14;Thüringen;0
2020-09-15;Baden-Württemberg;0
2020-09-15;Bayern;0
2020-09-15;Berlin;0
2020-09-15;Brandenburg;0
2020-09-15;Bremen;0
2020-09-15;Hamburg;0
2020-09-15;Hessen;0
2020-09-15;Mecklenburg-Vorpommern;0
2020-09-15;Niedersachsen;0
2020-09-15;Nordrhein-Westfalen;0
2020-09-15;Rheinland-Pfalz;0
2020-09-15;Saarland;0
2020-09-15;Sachsen;0
2020-09-15;Sachsen-Anhalt;0
2020-09-15;Schleswig-Holstein;0
2020-09-15;Thüringen;0
2020-09-16;Baden-Württemberg;0
2020-09-16;Bayern;0
2020-09-16;Berlin;0
2020-09-16;Brandenburg;0
2020-09-16;Bremen;0
2020-09-16;Hamburg;0
2020-09-16;Hessen;0
2020-09-16;Mecklenburg-Vorpommern;0
2020-09-16;Niedersachsen;0
2020-09-16;Nordrhein-Westfalen;0
2020-09-16;Rheinland-Pfalz;0
2020-09-16;Saarland;0
2020-09-16;Sachsen;0
2020-09-16;Sachsen-Anhalt;0
2020-09-16;Schleswig-Holstein;0
2020-09-16;Thüringen;0
2020-09-17;Baden-Württemberg;0
2020-09-17;Bayern;0
2020-09-17;Berlin;0
2020-09-17;Brandenburg;0
2020-09-17;Bremen;0
2020-09-17;Hamburg;0
2020-09-17;Hessen;0
2020-09-17;Mecklenburg-Vorpommern;0
2020-09-17;Niedersachsen;0
2020-09-17;Nordrhein-Westfalen;0
2020-09-17;Rheinland-Pfalz;0
2020-09-17;Saarland;0
2020-09-17;Sachsen;0
2020-09-17;Sachsen-Anhalt;0
2020-09-17;Schleswig-Holstein;0
2020-09-17;Thüringen;0
2020-09-18;Baden-Württemberg;0
2020-09-18;Bayern;0
2020-09-18;Berlin;0
2020-09-18;Brandenburg;0
2020-09-18;Bremen;0
2020-09-18;Hamburg;0
2020-09-18;Hessen;0
2020-09-18;Mecklenburg-Vorpommern;0
2020-09-18;Niedersachsen;0
2020-09-18;Nordrhein-Westfalen;0
2020-09-18;Rheinland-Pfalz;0
2020-09-18;Saarland;0
2020-09-18;Sachsen;0
2020-09-18;Sachsen-Anhalt;0
2020-09-18;Schleswig-Holstein;0
2020-09-18;Thüringen;0
2020-09-19;Baden-Württemberg;0
2020-09-19;Bayern;0
2020-09-19;Berlin;0
2020-09-19;Brandenburg;0
2020-09-19;Bremen;0
2020-09-19;Hamburg;0
2020-09-19;Hessen;0
2020-09-19;Mecklenburg-Vorpommern;0
2020-09-19;Niedersachsen;0
2020-09-19;Nordrhein-Westfalen;0
2020-09-19;Rheinland-Pfalz;0
2020-09-19;Saarland;0
2020-09-19;Sachsen;0
2020-09-19;Sachsen-Anhalt;0
2020-09-19;Schleswig-Holstein;0
2020-09-19;Thüringen;0
2020-09-20;Baden-Württemberg;0
2020-09-20;Bayern;0
2020-09-20;Berlin;0
2020-09-20;Brandenburg;0
2020-09-20;Bremen;0
2020-09-20;Hamburg;0
2020-09-20;Hessen;0
2020-09-20;Mecklenburg-Vorpommern;0
2020-09-20;Niedersachsen;0
2020-09-20;Nordrhein-Westfalen;0
2020-09-20;Rheinland-Pfalz;0
2020-09-20;Saarland;0
2020-09-20;Sachsen;0
2020-09-20;Sachsen-Anhalt;0
2020-09-20;Schleswig-Holstein;0
2020-09-20;Thüringen;1
2020-09-21;Baden-Württemberg;0
2020-09-21;Bayern;0
2020-09-21;Berlin;0
2020-09-21;Brandenburg;0
2020-09-21;Bremen;0
2020-09-21;Hamburg;0
2020-09-21;Hessen;0
2020-09-21;Mecklenburg-Vorpommern;0
2020-09-21;Niedersachsen;0
2020-09-21;Nordrhein-Westfalen;0
2020-09-21;Rheinland-Pfalz;0
2020-09-21;Saarland;0
2020-09-21;Sachsen;0
2020-09-21;Sachsen-Anhalt;0
2020-09-21;Schleswig-Holstein;0
2020-09-21;Thüringen;0
2020-09-22;Baden-Württemberg;0
2020-09-22;Bayern;0
2020-09-22;Berlin;0
2020-09-22;Brandenburg;0
2020-09-22;Bremen;0
2020-09-22;Hamburg;0
2020-09-22;Hessen;0
2020-09-22;Mecklenburg-Vorpommern;0
2020-09-22;Niedersachsen;0
2020-09-22;Nordrhein-Westfalen;0
2020-09-22;Rheinland-Pfalz;0
2020-09-22;Saarland;0
2020-09-22;Sachsen;0
2020-09-22;Sachsen-Anhalt;0
2020-09-22;Schleswig-Holstein;0
2020-09-22;Thüringen;0
2020-09-23;Baden-Württemberg;0
2020-09-23;Bayern;0
2020-09-23;Berlin;0
2020-09-23;Brandenburg;0
2020-09-23;Bremen;0
2020-09-23;Hamburg;0
2020-09-23;Hessen;0
2020-09-23;Mecklenburg-Vorpommern;0
2020-09-23;Niedersachsen;0
2020-09-23;Nordrhein-Westfalen;0
2020-09-23;Rheinland-Pfalz;0
2020-09-23;Saarland;0
2020-09-23;Sachsen;0
2020-09-23;Sachsen-Anhalt;0
2020-09-23;Schleswig-Holstein;0
2020-09-23;Thüringen;0
2020-09-24;Baden-Württemberg;0
2020-09-24;Bayern;0
2020-09-24;Berlin;0
2020-09-24;Brandenburg;0
2020-09-24;Bremen;0
2020-09-24;Hamburg;0
2020-09-24;Hessen;0
2020-09-24;Mecklenburg-Vorpommern;0
2020-09-24;Niedersachsen;0
2020-09-24;Nordrhein-Westfalen;0
2020-09-24;Rheinland-Pfalz;0
2020-09-24;Saarland;0
2020-09-24;Sachsen;0
2020-09-24;Sachsen-Anhalt;0
2020-09-24;Schleswig-Holstein;0
2020-09-24;Thüringen;0
2020-09-25;Baden-Württemberg;0
2020-09-25;Bayern;0
2020-09-25;Berlin;0
2020-09-25;Brandenburg;0
2020-09-25;Bremen;0
2020-09-25;Hamburg;0
2020-09-25;Hessen;0
2020-09-25;Mecklenburg-Vorpommern;0
2020-09-25;Niedersachsen;0
2020-09-25;Nordrhein-Westfalen;0
2020-09-25;Rheinland-Pfalz;0
2020-09-25;Saarland;0
2020-09-25;Sachsen;0
2020-09-25;Sachsen-Anhalt;0
2020-09-25;Schleswig-Holstein;0
2020-09-25;Thüringen;0
2020-09-26;Baden-Württemberg;0
2020-09-26;Bayern;0
2020-09-26;Berlin;0
2020-09-26;Brandenburg;0
2020-09-26;Bremen;0
2020-09-26;Hamburg;0
2020-09-26;Hessen;0
2020-09-26;Mecklenburg-Vorpommern;0
2020-09-26;Niedersachsen;0
2020-09-26;Nordrhein-Westfalen;0
2020-09-26;Rheinland-Pfalz;0
2020-09-26;Saarland;0
2020-09-26;Sachsen;0
2020-09-26;Sachsen-Anhalt;0
2020-09-26;Schleswig-Holstein;0
2020-09-26;Thüringen;0
2020-09-27;Baden-Württemberg;0
2020-09-27;Bayern;0
2020-09-27;Berlin;0
2020-09-27;Brandenburg;0
2020-09-27;Bremen;0
2020-09-27;Hamburg;0
2020-09-27;Hessen;0
2020-09-27;Mecklenburg-Vorpommern;0
2020-09-27;Niedersachsen;0
2020-09-27;Nordrhein-Westfalen;0
2020-09-27;Rheinland-Pfalz;0
2020-09-27;Saarland;0
2020-09-27;Sachsen;0
2020-09-27;Sachsen-Anhalt;0
2020-09-27;Schleswig-Holstein;0
2020-09-27;Thüringen;0
2020-09-28;Baden-Württemberg;0
2020-09-28;Bayern;0
2020-09-28;Berlin;0
2020-09-28;Brandenburg;0
2020-09-28;Bremen;0
2020-09-28;Hamburg;0
2020-09-28;Hessen;0
2020-09-28;Mecklenburg-Vorpommern;0
2020-09-28;Niedersachsen;0
2020-09-28;Nordrhein-Westfalen;0
2020-09-28;Rheinland-Pfalz;0
2020-09-28;Saarland;0
2020-09-28;Sachsen;0
2020-09-28;Sachsen-Anhalt;0
2020-09-28;Schleswig-Holstein;0
2020-09-28;Thüringen;0
2020-09-29;Baden-Württemberg;0
2020-09-29;Bayern;0
2020-09-29;Berlin;0
2020-09-29;Brandenburg;0
2020-09-29;Bremen;0
2020-09-29;Hamburg;0
2020-09-29;Hessen;0
2020-09-29;Mecklenburg-Vorpommern;0
2020-09-29;Niedersachsen;0
2020-09-29;Nordrhein-Westfalen;0
2020-09-29;Rheinland-Pfalz;0
2020-09-29;Saarland;0
2020-09-29;Sachsen;0
2020-09-29;Sachsen-Anhalt;0
2020-09-29;Schleswig-Holstein;0
2020-09-29;Thüringen;0
2020-09-30;Baden-Württemberg;0
2020-09-30;Bayern;0
2020-09-30;Berlin;0
2020-09-30;Brandenburg;0
2020-09-30;Bremen;0
2020-09-30;Hamburg;0
2020-09-30;Hessen;0
2020-09-30;Mecklenburg-Vorpommern;0
2020-09-30;Niedersachsen;0
2020-09-30;Nordrhein-Westfalen;0
2020-09-30;Rheinland-Pfalz;0
2020-09-30;Saarland;0
2020-09-30;Sachsen;0
2020-09-30;Sachsen-Anhalt;0
2020-09-30;Schleswig-Holstein;0
2020-09-30;Thüringen;0
2020-10-01;Baden-Württemberg;0
2020-10-01;Bayern;0
2020-10-01;Berlin;0
2020-10-01;Brandenburg;0
2020-10-01;Bremen;0
2020-10-01;Hamburg;0
2020-10-01;Hessen;0
2020-10-01;Mecklenburg-Vorpommern;0
2020-10-01;Niedersachsen;0
2020-10-01;Nordrhein-Westfalen;0
2020-10-01;Rheinland-Pfalz;0
2020-10-01;Saarland;0
2020-10-01;Sachsen;0
2020-10-01;Sachsen-Anhalt;0
2020-10-01;Schleswig-Holstein;0
2020-10-01;Thüringen;0
2020-10-02;Baden-Württemberg;0
2020-10-02;Bayern;0
2020-10-02;Berlin;0
2020-10-02;Brandenburg;0
2020-10-02;Bremen;0
2020-10-02;Hamburg;0
2020-10-02;Hessen;0
2020-10-02;Mecklenburg-Vorpommern;0
2020-10-02;Niedersachsen;0
2020-10-02;Nordrhein-Westfalen;0
2020-10-02;Rheinland-Pfalz;0
2020-10-02;Saarland;0
2020-10-02;Sachsen;0
2020-10-02;Sachsen-Anhalt;0
2020-10-02;Schleswig-Holstein;0
2020-10-02;Thüringen;0
2020-10-03;Baden-Württemberg;1
2020-10-03;Bayern;1
2020-10-03;Berlin;1
2020-10-03;Brandenburg;1
2020-10-03;Bremen;1
2020-10-03;Hamburg;1
2020-10-03;Hessen;1
2020-10-03;Mecklenburg-Vorpommern;1
2020-10-03;Niedersachsen;1
2020-10-03;Nordrhein-Westfalen;1
2020-10-03;Rheinland-Pfalz;1
2020-10-03;Saarland;1
2020-10-03;Sachsen;1
2020-10-03;Sachsen-Anhalt;1
2020-10-03;Schleswig-Holstein;1
2020-10-03;Thüringen;1
2020-10-04;Baden-Württemberg;0
2020-10-04;Bayern;0
2020-10-04;Berlin;0
2020-10-04;Brandenburg;0
2020-10-04;Bremen;0
2020-10-04;Hamburg;0
2020-10-04;Hessen;0
2020-10-04;Mecklenburg-Vorpommern;0
2020-10-04;Niedersachsen;0
2020-10-04;Nordrhein-Westfalen;0
2020-10-04;Rheinland-Pfalz;0
2020-10-04;Saarland;0
2020-10-04;Sachsen;0
2020-10-04;Sachsen-Anhalt;0
2020-10-04;Schleswig-Holstein;0
2020-10-04;Thüringen;0
2020-10-05;Baden-Württemberg;0
2020-10-05;Bayern;0
2020-10-05;Berlin;0
2020-10-05;Brandenburg;0
2020-10-05;Bremen;0
2020-10-05;Hamburg;0
2020-10-05;Hessen;0
2020-10-05;Mecklenburg-Vorpommern;0
2020-10-05;Niedersachsen;0
2020-10-05;Nordrhein-Westfalen;0
2020-10-05;Rheinland-Pfalz;0
2020-10-05;Saarland;0
2020-10-05;Sachsen;0
2020-10-05;Sachsen-Anhalt;0
2020-10-05;Schleswig-Holstein;0
2020-10-05;Thüringen;0
2020-10-06;Baden-Württemberg;0
2020-10-06;Bayern;0
2020-10-06;Berlin;0
2020-10-06;Brandenburg;0
2020-10-06;Bremen;0
2020-10-06;Hamburg;0
2020-10-06;Hessen;0
2020-10-06;Mecklenburg-Vorpommern;0
2020-10-06;Niedersachsen;0
2020-10-06;Nordrhein-Westfalen;0
2020-10-06;Rheinland-Pfalz;0
2020-10-06;Saarland;0
2020-10-06;Sachsen;0
2020-10-06;Sachsen-Anhalt;0
2020-10-06;Schleswig-Holstein;0
2020-10-06;Thüringen;0
2020-10-07;Baden-Württemberg;0
2020-10-07;Bayern;0
2020-10-07;Berlin;0
2020-10-07;Brandenburg;0
2020-10-07;Bremen;0
2020-10-07;Hamburg;0
2020-10-07;Hessen;0
2020-10-07;Mecklenburg-Vorpommern;0
2020-10-07;Niedersachsen;0
2020-10-07;Nordrhein-Westfalen;0
2020-10-07;Rheinland-Pfalz;0
2020-10-07;Saarland;0
2020-10-07;Sachsen;0
2020-10-07;Sachsen-Anhalt;0
2020-10-07;Schleswig-Holstein;0
2020-10-07;Thüringen;0
2020-10-08;Baden-Württemberg;0
2020-10-08;Bayern;0
2020-10-08;Berlin;0
2020-10-08;Brandenburg;0
2020-10-08;Bremen;0
2020-10-08;Hamburg;0
2020-10-08;Hessen;0
2020-10-08;Mecklenburg-Vorpommern;0
2020-10-08;Niedersachsen;0
2020-10-08;Nordrhein-Westfalen;0
2020-10-08;Rheinland-Pfalz;0
2020-10-08;Saarland;0
2020-10-08;Sachsen;0
2020-10-08;Sachsen-Anhalt;0
2020-10-08;Schleswig-Holstein;0
2020-10-08;Thüringen;0
2020-10-09;Baden-Württemberg;0
2020-10-09;Bayern;0
2020-10-09;Berlin;0
2020-10-09;Brandenburg;0
2020-10-09;Bremen;0
2020-10-09;Hamburg;0
2020-10-09;Hessen;0
2020-10-09;Mecklenburg-Vorpommern;0
2020-10-09;Niedersachsen;0
2020-10-09;Nordrhein-Westfalen;0
2020-10-09;Rheinland-Pfalz;0
2020-10-09;Saarland;0
2020-10-09;Sachsen;0
2020-10-09;Sachsen-Anhalt;0
2020-10-09;Schleswig-Holstein;0
2020-10-09;Thüringen;0
2020-10-10;Baden-Württemberg;0
2020-10-10;Bayern;0
2020-10-10;Berlin;0
2020-10-10;Brandenburg;0
2020-10-10;Bremen;0
2020-10-10;Hamburg;0
2020-10-10;Hessen;0
2020-10-10;Mecklenburg-Vorpommern;0
2020-10-10;Niedersachsen;0
2020-10-10;Nordrhein-Westfalen;0
2020-10-10;Rheinland-Pfalz;0
2020-10-10;Saarland;0
2020-10-10;Sachsen;0
2020-10-10;Sachsen-Anhalt;0
2020-10-10;Schleswig-Holstein;0
2020-10-10;Thüringen;0
2020-10-11;Baden-Württemberg;0
2020-10-11;Bayern;0
2020-10-11;Berlin;0
2020-10-11;Brandenburg;0
2020-10-11;Bremen;0
2020-10-11;Hamburg;0
2020-10-11;Hessen;0
2020-10-11;Mecklenburg-Vorpommern;0
2020-10-11;Niedersachsen;0
2020-10-11;Nordrhein-Westfalen;0
2020-10-11;Rheinland-Pfalz;0
2020-10-11;Saarland;0
2020-10-11;Sachsen;0
2020-10-11;Sachsen-Anhalt;0
2020-10-11;Schleswig-Holstein;0
2020-10-11;Thüringen;0
2020-10-12;Baden-Württemberg;0
2020-10-12;Bayern;0
2020-10-12;Berlin;0
2020-10-12;Brandenburg;0
2020-10-12;Bremen;0
2020-10-12;Hamburg;0
2020-10-12;Hessen;0
2020-10-12;Mecklenburg-Vorpommern;0
2020-10-12;Niedersachsen;0
2020-10-12;Nordrhein-Westfalen;0
2020-10-12;Rheinland-Pfalz;0
2020-10-12;Saarland;0
2020-10-12;Sachsen;0
2020-10-12;Sachsen-Anhalt;0
2020-10-12;Schleswig-Holstein;0
2020-10-12;Thüringen;0
2020-10-13;Baden-Württemberg;0
2020-10-13;Bayern;0
2020-10-13;Berlin;0
2020-10-13;Brandenburg;0
2020-10-13;Bremen;0
2020-10-13;Hamburg;0
2020-10-13;Hessen;0
2020-10-13;Mecklenburg-Vorpommern;0
2020-10-13;Niedersachsen;0
2020-10-13;Nordrhein-Westfalen;0
2020-10-13;Rheinland-Pfalz;0
2020-10-13;Saarland;0
2020-10-13;Sachsen;0
2020-10-13;Sachsen-Anhalt;0
2020-10-13;Schleswig-Holstein;0
2020-10-13;Thüringen;0
2020-10-14;Baden-Württemberg;0
2020-10-14;Bayern;0
2020-10-14;Berlin;0
2020-10-14;Brandenburg;0
2020-10-14;Bremen;0
2020-10-14;Hamburg;0
2020-10-14;Hessen;0
2020-10-14;Mecklenburg-Vorpommern;0
2020-10-14;Niedersachsen;0
2020-10-14;Nordrhein-Westfalen;0
2020-10-14;Rheinland-Pfalz;0
2020-10-14;Saarland;0
2020-10-14;Sachsen;0
2020-10-14;Sachsen-Anhalt;0
2020-10-14;Schleswig-Holstein;0
2020-10-14;Thüringen;0
2020-10-15;Baden-Württemberg;0
2020-10-15;Bayern;0
2020-10-15;Berlin;0
2020-10-15;Brandenburg;0
2020-10-15;Bremen;0
2020-10-15;Hamburg;0
2020-10-15;Hessen;0
2020-10-15;Mecklenburg-Vorpommern;0
2020-10-15;Niedersachsen;0
2020-10-15;Nordrhein-Westfalen;0
2020-10-15;Rheinland-Pfalz;0
2020-10-15;Saarland;0
2020-10-15;Sachsen;0
2020-10-15;Sachsen-Anhalt;0
2020-10-15;Schleswig-Holstein;0
2020-10-15;Thüringen;0
2020-10-16;Baden-Württemberg;0
2020-10-16;Bayern;0
2020-10-16;Berlin;0
2020-10-16;Brandenburg;0
2020-10-16;Bremen;0
2020-10-16;Hamburg;0
2020-10-16;Hessen;0
2020-10-16;Mecklenburg-Vorpommern;0
2020-10-16;Niedersachsen;0
2020-10-16;Nordrhein-Westfalen;0
2020-10-16;Rheinland-Pfalz;0
2020-10-16;Saarland;0
2020-10-16;Sachsen;0
2020-10-16;Sachsen-Anhalt;0
2020-10-16;Schleswig-Holstein;0
2020-10-16;Thüringen;0
2020-10-17;Baden-Württemberg;0
2020-10-17;Bayern;0
2020-10-17;Berlin;0
2020-10-17;Brandenburg;0
2020-10-17;Bremen;0
2020-10-17;Hamburg;0
2020-10-17;Hessen;0
2020-10-17;Mecklenburg-Vorpommern;0
2020-10-17;Niedersachsen;0
2020-10-17;Nordrhein-Westfalen;0
2020-10-17;Rheinland-Pfalz;0
2020-10-17;Saarland;0
2020-10-17;Sachsen;0
2020-10-17;Sachsen-Anhalt;0
2020-10-17;Schleswig-Holstein;0
2020-10-17;Thüringen;0
2020-10-18;Baden-Württemberg;0
2020-10-18;Bayern;0
2020-10-18;Berlin;0
2020-10-18;Brandenburg;0
2020-10-18;Bremen;0
2020-10-18;Hamburg;0
2020-10-18;Hessen;0
2020-10-18;Mecklenburg-Vorpommern;0
2020-10-18;Niedersachsen;0
2020-10-18;Nordrhein-Westfalen;0
2020-10-18;Rheinland-Pfalz;0
2020-10-18;Saarland;0
2020-10-18;Sachsen;0
2020-10-18;Sachsen-Anhalt;0
2020-10-18;Schleswig-Holstein;0
2020-10-18;Thüringen;0
2020-10-19;Baden-Württemberg;0
2020-10-19;Bayern;0
2020-10-19;Berlin;0
2020-10-19;Brandenburg;0
2020-10-19;Bremen;0
2020-10-19;Hamburg;0
2020-10-19;Hessen;0
2020-10-19;Mecklenburg-Vorpommern;0
2020-10-19;Niedersachsen;0
2020-10-19;Nordrhein-Westfalen;0
2020-10-19;Rheinland-Pfalz;0
2020-10-19;Saarland;0
2020-10-19;Sachsen;0
2020-10-19;Sachsen-Anhalt;0
2020-10-19;Schleswig-Holstein;0
2020-10-19;Thüringen;0
2020-10-20;Baden-Württemberg;0
2020-10-20;Bayern;0
2020-10-20;Berlin;0
2020-10-20;Brandenburg;0
2020-10-20;Bremen;0
2020-10-20;Hamburg;0
2020-10-20;Hessen;0
2020-10-20;Mecklenburg-Vorpommern;0
2020-10-20;Niedersachsen;0
2020-10-20;Nordrhein-Westfalen;0
2020-10-20;Rheinland-Pfalz;0
2020-10-20;Saarland;0
2020-10-20;Sachsen;0
2020-10-20;Sachsen-Anhalt;0
2020-10-20;Schleswig-Holstein;0
2020-10-20;Thüringen;0
2020-10-21;Baden-Württemberg;0
2020-10-21;Bayern;0
2020-10-21;Berlin;0
2020-10-21;Brandenburg;0
2020-10-21;Bremen;0
2020-10-21;Hamburg;0
2020-10-21;Hessen;0
2020-10-21;Mecklenburg-Vorpommern;0
2020-10-21;Niedersachsen;0
2020-10-21;Nordrhein-Westfalen;0
2020-10-21;Rheinland-Pfalz;0
2020-10-21;Saarland;0
2020-10-21;Sachsen;0
2020-10-21;Sachsen-Anhalt;0
2020-10-21;Schleswig-Holstein;0
2020-10-21;Thüringen;0
2020-10-22;Baden-Württemberg;0
2020-10-22;Bayern;0
2020-10-22;Berlin;0
2020-10-22;Brandenburg;0
2020-10-22;Bremen;0
2020-10-22;Hamburg;0
2020-10-22;Hessen;0
2020-10-22;Mecklenburg-Vorpommern;0
2020-10-22;Niedersachsen;0
2020-10-22;Nordrhein-Westfalen;0
2020-10-22;Rheinland-Pfalz;0
2020-10-22;Saarland;0
2020-10-22;Sachsen;0
2020-10-22;Sachsen-Anhalt;0
2020-10-22;Schleswig-Holstein;0
2020-10-22;Thüringen;0
2020-10-23;Baden-Württemberg;0
2020-10-23;Bayern;0
2020-10-23;Berlin;0
2020-10-23;Brandenburg;0
2020-10-23;Bremen;0
2020-10-23;Hamburg;0
2020-10-23;Hessen;0
2020-10-23;Mecklenburg-Vorpommern;0
2020-10-23;Niedersachsen;0
2020-10-23;Nordrhein-Westfalen;0
2020-10-23;Rheinland-Pfalz;0
2020-10-23;Saarland;0
2020-10-23;Sachsen;0
2020-10-23;Sachsen-Anhalt;0
2020-10-23;Schleswig-Holstein;0
2020-10-23;Thüringen;0
2020-10-24;Baden-Württemberg;0
2020-10-24;Bayern;0
2020-10-24;Berlin;0
2020-10-24;Brandenburg;0
2020-10-24;Bremen;0
2020-10-24;Hamburg;0
2020-10-24;Hessen;0
2020-10-24;Mecklenburg-Vorpommern;0
2020-10-24;Niedersachsen;0
2020-10-24;Nordrhein-Westfalen;0
2020-10-24;Rheinland-Pfalz;0
2020-10-24;Saarland;0
2020-10-24;Sachsen;0
2020-10-24;Sachsen-Anhalt;0
2020-10-24;Schleswig-Holstein;0
2020-10-24;Thüringen;0
2020-10-25;Baden-Württemberg;0
2020-10-25;Bayern;0
2020-10-25;Berlin;0
2020-10-25;Brandenburg;0
2020-10-25;Bremen;0
2020-10-25;Hamburg;0
2020-10-25;Hessen;0
2020-10-25;Mecklenburg-Vorpommern;0
2020-10-25;Niedersachsen;0
2020-10-25;Nordrhein-Westfalen;0
2020-10-25;Rheinland-Pfalz;0
2020-10-25;Saarland;0
2020-10-25;Sachsen;0
2020-10-25;Sachsen-Anhalt;0
2020-10-25;Schleswig-Holstein;0
2020-10-25;Thüringen;0
2020-10-26;Baden-Württemberg;0
2020-10-26;Bayern;0
2020-10-26;Berlin;0
2020-10-26;Brandenburg;0
2020-10-26;Bremen;0
2020-10-26;Hamburg;0
2020-10-26;Hessen;0
2020-10-26;Mecklenburg-Vorpommern;0
2020-10-26;Niedersachsen;0
2020-10-26;Nordrhein-Westfalen;0
2020-10-26;Rheinland-Pfalz;0
2020-10-26;Saarland;0
2020-10-26;Sachsen;0
2020-10-26;Sachsen-Anhalt;0
2020-10-26;Schleswig-Holstein;0
2020-10-26;Thüringen;0
2020-10-27;Baden-Württemberg;0
2020-10-27;Bayern;0
2020-10-27;Berlin;0
2020-10-27;Brandenburg;0
2020-10-27;Bremen;0
2020-10-27;Hamburg;0
2020-10-27;Hessen;0
2020-10-27;Mecklenburg-Vorpommern;0
2020-10-27;Niedersachsen;0
2020-10-27;Nordrhein-Westfalen;0
2020-10-27;Rheinland-Pfalz;0
2020-10-27;Saarland;0
2020-10-27;Sachsen;0
2020-10-27;Sachsen-Anhalt;0
2020-10-27;Schleswig-Holstein;0
2020-10-27;Thüringen;0
2020-10-28;Baden-Württemberg;0
2020-10-28;Bayern;0
2020-10-28;Berlin;0
2020-10-28;Brandenburg;0
2020-10-28;Bremen;0
2020-10-28;Hamburg;0
2020-10-28;Hessen;0
2020-10-28;Mecklenburg-Vorpommern;0
2020-10-28;Niedersachsen;0
2020-10-28;Nordrhein-Westfalen;0
2020-10-28;Rheinland-Pfalz;0
2020-10-28;Saarland;0
2020-10-28;Sachsen;0
2020-10-28;Sachsen-Anhalt;0
2020-10-28;Schleswig-Holstein;0
2020-10-28;Thüringen;0
2020-10-29;Baden-Württemberg;0
2020-10-29;Bayern;0
2020-10-29;Berlin;0
2020-10-29;Brandenburg;0
2020-10-29;Bremen;0
2020-10-29;Hamburg;0
2020-10-29;Hessen;0
2020-10-29;Mecklenburg-Vorpommern;0
2020-10-29;Niedersachsen;0
2020-10-29;Nordrhein-Westfalen;0
2020-10-29;Rheinland-Pfalz;0
2020-10-29;Saarland;0
2020-10-29;Sachsen;0
2020-10-29;Sachsen-Anhalt;0
2020-10-29;Schleswig-Holstein;0
2020-10-29;Thüringen;0
2020-10-30;Baden-Württemberg;0
2020-10-30;Bayern;0
2020-10-30;Berlin;0
2020-10-30;Brandenburg;0
2020-10-30;Bremen;0
2020-10-30;Hamburg;0
2020-10-30;Hessen;0
2020-10-30;Mecklenburg-Vorpommern;0
2020-10-30;Niedersachsen;0
2020-10-30;Nordrhein-Westfalen;0
2020-10-30;Rheinland-Pfalz;0
2020-10-30;Saarland;0
2020-10-30;Sachsen;0
2020-10-30;Sachsen-Anhalt;0
2020-10-30;Schleswig-Holstein;0
2020-10-30;Thüringen;0
2020-10-31;Baden-Württemberg;0
2020-10-31;Bayern;0
2020-10-31;Berlin;0
2020-10-31;Brandenburg;1
2020-10-31;Bremen;1
2020-10-31;Hamburg;1
2020-10-31;Hessen;0
2020-10-31;Mecklenburg-Vorpommern;1
2020-10-31;Niedersachsen;1
2020-10-31;Nordrhein-Westfalen;0
2020-10-31;Rheinland-Pfalz;0
2020-10-31;Saarland;0
2020-10-31;Sachsen;1
2020-10-31;Sachsen-Anhalt;1
2020-10-31;Schleswig-Holstein;1
2020-10-31;Thüringen;1
2020-11-01;Baden-Württemberg;1
2020-11-01;Bayern;1
2020-11-01;Berlin;0
2020-11-01;Brandenburg;0
2020-11-01;Bremen;0
2020-11-01;Hamburg;0
2020-11-01;Hessen;0
2020-11-01;Mecklenburg-Vorpommern;0
2020-11-01;Niedersachsen;0
2020-11-01;Nordrhein-Westfalen;1
2020-11-01;Rheinland-Pfalz;1
2020-11-01;Saarland;1
2020-11-01;Sachsen;0
2020-11-01;Sachsen-Anhalt;0
2020-11-01;Schleswig-Holstein;0
2020-11-01;Thüringen;0
2020-11-02;Baden-Württemberg;0
2020-11-02;Bayern;0
2020-11-02;Berlin;0
2020-11-02;Brandenburg;0
2020-11-02;Bremen;0
2020-11-02;Hamburg;0
2020-11-02;Hessen;0
2020-11-02;Mecklenburg-Vorpommern;0
2020-11-02;Niedersachsen;0
2020-11-02;Nordrhein-Westfalen;0
2020-11-02;Rheinland-Pfalz;0
2020-11-02;Saarland;0
2020-11-02;Sachsen;0
2020-11-02;Sachsen-Anhalt;0
2020-11-02;Schleswig-Holstein;0
2020-11-02;Thüringen;0
2020-11-03;Baden-Württemberg;0
2020-11-03;Bayern;0
2020-11-03;Berlin;0
2020-11-03;Brandenburg;0
2020-11-03;Bremen;0
2020-11-03;Hamburg;0
2020-11-03;Hessen;0
2020-11-03;Mecklenburg-Vorpommern;0
2020-11-03;Niedersachsen;0
2020-11-03;Nordrhein-Westfalen;0
2020-11-03;Rheinland-Pfalz;0
2020-11-03;Saarland;0
2020-11-03;Sachsen;0
2020-11-03;Sachsen-Anhalt;0
2020-11-03;Schleswig-Holstein;0
2020-11-03;Thüringen;0
2020-11-04;Baden-Württemberg;0
2020-11-04;Bayern;0
2020-11-04;Berlin;0
2020-11-04;Brandenburg;0
2020-11-04;Bremen;0
2020-11-04;Hamburg;0
2020-11-04;Hessen;0
2020-11-04;Mecklenburg-Vorpommern;0
2020-11-04;Niedersachsen;0
2020-11-04;Nordrhein-Westfalen;0
2020-11-04;Rheinland-Pfalz;0
2020-11-04;Saarland;0
2020-11-04;Sachsen;0
2020-11-04;Sachsen-Anhalt;0
2020-11-04;Schleswig-Holstein;0
2020-11-04;Thüringen;0
2020-11-05;Baden-Württemberg;0
2020-11-05;Bayern;0
2020-11-05;Berlin;0
2020-11-05;Brandenburg;0
2020-11-05;Bremen;0
2020-11-05;Hamburg;0
2020-11-05;Hessen;0
2020-11-05;Mecklenburg-Vorpommern;0
2020-11-05;Niedersachsen;0
2020-11-05;Nordrhein-Westfalen;0
2020-11-05;Rheinland-Pfalz;0
2020-11-05;Saarland;0
2020-11-05;Sachsen;0
2020-11-05;Sachsen-Anhalt;0
2020-11-05;Schleswig-Holstein;0
2020-11-05;Thüringen;0
2020-11-06;Baden-Württemberg;0
2020-11-06;Bayern;0
2020-11-06;Berlin;0
2020-11-06;Brandenburg;0
2020-11-06;Bremen;0
2020-11-06;Hamburg;0
2020-11-06;Hessen;0
2020-11-06;Mecklenburg-Vorpommern;0
2020-11-06;Niedersachsen;0
2020-11-06;Nordrhein-Westfalen;0
2020-11-06;Rheinland-Pfalz;0
2020-11-06;Saarland;0
2020-11-06;Sachsen;0
2020-11-06;Sachsen-Anhalt;0
2020-11-06;Schleswig-Holstein;0
2020-11-06;Thüringen;0
2020-11-07;Baden-Württemberg;0
2020-11-07;Bayern;0
2020-11-07;Berlin;0
2020-11-07;Brandenburg;0
2020-11-07;Bremen;0
2020-11-07;Hamburg;0
2020-11-07;Hessen;0
2020-11-07;Mecklenburg-Vorpommern;0
2020-11-07;Niedersachsen;0
2020-11-07;Nordrhein-Westfalen;0
2020-11-07;Rheinland-Pfalz;0
2020-11-07;Saarland;0
2020-11-07;Sachsen;0
2020-11-07;Sachsen-Anhalt;0
2020-11-07;Schleswig-Holstein;0
2020-11-07;Thüringen;0
2020-11-08;Baden-Württemberg;0
2020-11-08;Bayern;0
2020-11-08;Berlin;0
2020-11-08;Brandenburg;0
2020-11-08;Bremen;0
2020-11-08;Hamburg;0
2020-11-08;Hessen;0
2020-11-08;Mecklenburg-Vorpommern;0
2020-11-08;Niedersachsen;0
2020-11-08;Nordrhein-Westfalen;0
2020-11-08;Rheinland-Pfalz;0
2020-11-08;Saarland;0
2020-11-08;Sachsen;0
2020-11-08;Sachsen-Anhalt;0
2020-11-08;Schleswig-Holstein;0
2020-11-08;Thüringen;0
2020-11-09;Baden-Württemberg;0
2020-11-09;Bayern;0
2020-11-09;Berlin;0
2020-11-09;Brandenburg;0
2020-11-09;Bremen;0
2020-11-09;Hamburg;0
2020-11-09;Hessen;0
2020-11-09;Mecklenburg-Vorpommern;0
2020-11-09;Niedersachsen;0
2020-11-09;Nordrhein-Westfalen;0
2020-11-09;Rheinland-Pfalz;0
2020-11-09;Saarland;0
2020-11-09;Sachsen;0
2020-11-09;Sachsen-Anhalt;0
2020-11-09;Schleswig-Holstein;0
2020-11-09;Thüringen;0
2020-11-10;Baden-Württemberg;0
2020-11-10;Bayern;0
2020-11-10;Berlin;0
2020-11-10;Brandenburg;0
2020-11-10;Bremen;0
2020-11-10;Hamburg;0
2020-11-10;Hessen;0
2020-11-10;Mecklenburg-Vorpommern;0
2020-11-10;Niedersachsen;0
2020-11-10;Nordrhein-Westfalen;0
2020-11-10;Rheinland-Pfalz;0
2020-11-10;Saarland;0
2020-11-10;Sachsen;0
2020-11-10;Sachsen-Anhalt;0
2020-11-10;Schleswig-Holstein;0
2020-11-10;Thüringen;0
2020-11-11;Baden-Württemberg;0
2020-11-11;Bayern;0
2020-11-11;Berlin;0
2020-11-11;Brandenburg;0
2020-11-11;Bremen;0
2020-11-11;Hamburg;0
2020-11-11;Hessen;0
2020-11-11;Mecklenburg-Vorpommern;0
2020-11-11;Niedersachsen;0
2020-11-11;Nordrhein-Westfalen;0
2020-11-11;Rheinland-Pfalz;0
2020-11-11;Saarland;0
2020-11-11;Sachsen;0
2020-11-11;Sachsen-Anhalt;0
2020-11-11;Schleswig-Holstein;0
2020-11-11;Thüringen;0
2020-11-12;Baden-Württemberg;0
2020-11-12;Bayern;0
2020-11-12;Berlin;0
2020-11-12;Brandenburg;0
2020-11-12;Bremen;0
2020-11-12;Hamburg;0
2020-11-12;Hessen;0
2020-11-12;Mecklenburg-Vorpommern;0
2020-11-12;Niedersachsen;0
2020-11-12;Nordrhein-Westfalen;0
2020-11-12;Rheinland-Pfalz;0
2020-11-12;Saarland;0
2020-11-12;Sachsen;0
2020-11-12;Sachsen-Anhalt;0
2020-11-12;Schleswig-Holstein;0
2020-11-12;Thüringen;0
2020-11-13;Baden-Württemberg;0
2020-11-13;Bayern;0
2020-11-13;Berlin;0
2020-11-13;Brandenburg;0
2020-11-13;Bremen;0
2020-11-13;Hamburg;0
2020-11-13;Hessen;0
2020-11-13;Mecklenburg-Vorpommern;0
2020-11-13;Niedersachsen;0
2020-11-13;Nordrhein-Westfalen;0
2020-11-13;Rheinland-Pfalz;0
2020-11-13;Saarland;0
2020-11-13;Sachsen;0
2020-11-13;Sachsen-Anhalt;0
2020-11-13;Schleswig-Holstein;0
2020-11-13;Thüringen;0
2020-11-14;Baden-Württemberg;0
2020-11-14;Bayern;0
2020-11-14;Berlin;0
2020-11-14;Brandenburg;0
2020-11-14;Bremen;0
2020-11-14;Hamburg;0
2020-11-14;Hessen;0
2020-11-14;Mecklenburg-Vorpommern;0
2020-11-14;Niedersachsen;0
2020-11-14;Nordrhein-Westfalen;0
2020-11-14;Rheinland-Pfalz;0
2020-11-14;Saarland;0
2020-11-14;Sachsen;0
2020-11-14;Sachsen-Anhalt;0
2020-11-14;Schleswig-Holstein;0
2020-11-14;Thüringen;0
2020-11-15;Baden-Württemberg;0
2020-11-15;Bayern;0
2020-11-15;Berlin;0
2020-11-15;Brandenburg;0
2020-11-15;Bremen;0
2020-11-15;Hamburg;0
2020-11-15;Hessen;0
2020-11-15;Mecklenburg-Vorpommern;0
2020-11-15;Niedersachsen;0
2020-11-15;Nordrhein-Westfalen;0
2020-11-15;Rheinland-Pfalz;0
2020-11-15;Saarland;0
2020-11-15;Sachsen;0
2020-11-15;Sachsen-Anhalt;0
2020-11-15;Schleswig-Holstein;0
2020-11-15;Thüringen;0
2020-11-16;Baden-Württemberg;0
2020-11-16;Bayern;0
2020-11-16;Berlin;0
2020-11-16;Brandenburg;0
2020-11-16;Bremen;0
2020-11-16;Hamburg;0
2020-11-16;Hessen;0
2020-11-16;Mecklenburg-Vorpommern;0
2020-11-16;Niedersachsen;0
2020-11-16;Nordrhein-Westfalen;0
2020-11-16;Rheinland-Pfalz;0
2020-11-16;Saarland;0
2020-11-16;Sachsen;0
2020-11-16;Sachsen-Anhalt;0
2020-11-16;Schleswig-Holstein;0
2020-11-16;Thüringen;0
2020-11-17;Baden-Württemberg;0
2020-11-17;Bayern;0
2020-11-17;Berlin;0
2020-11-17;Brandenburg;0
2020-11-17;Bremen;0
2020-11-17;Hamburg;0
2020-11-17;Hessen;0
2020-11-17;Mecklenburg-Vorpommern;0
2020-11-17;Niedersachsen;0
2020-11-17;Nordrhein-Westfalen;0
2020-11-17;Rheinland-Pfalz;0
2020-11-17;Saarland;0
2020-11-17;Sachsen;0
2020-11-17;Sachsen-Anhalt;0
2020-11-17;Schleswig-Holstein;0
2020-11-17;Thüringen;0
2020-11-18;Baden-Württemberg;0
2020-11-18;Bayern;0
2020-11-18;Berlin;0
2020-11-18;Brandenburg;0
2020-11-18;Bremen;0
2020-11-18;Hamburg;0
2020-11-18;Hessen;0
2020-11-18;Mecklenburg-Vorpommern;0
2020-11-18;Niedersachsen;0
2020-11-18;Nordrhein-Westfalen;0
2020-11-18;Rheinland-Pfalz;0
2020-11-18;Saarland;0
2020-11-18;Sachsen;1
2020-11-18;Sachsen-Anhalt;0
2020-11-18;Schleswig-Holstein;0
2020-11-18;Thüringen;0
2020-11-19;Baden-Württemberg;0
2020-11-19;Bayern;0
2020-11-19;Berlin;0
2020-11-19;Brandenburg;0
2020-11-19;Bremen;0
2020-11-19;Hamburg;0
2020-11-19;Hessen;0
2020-11-19;Mecklenburg-Vorpommern;0
2020-11-19;Niedersachsen;0
2020-11-19;Nordrhein-Westfalen;0
2020-11-19;Rheinland-Pfalz;0
2020-11-19;Saarland;0
2020-11-19;Sachsen;0
2020-11-19;Sachsen-Anhalt;0
2020-11-19;Schleswig-Holstein;0
2020-11-19;Thüringen;0
2020-11-20;Baden-Württemberg;0
2020-11-20;Bayern;0
2020-11-20;Berlin;0
2020-11-20;Brandenburg;0
2020-11-20;Bremen;0
2020-11-20;Hamburg;0
2020-11-20;Hessen;0
2020-11-20;Mecklenburg-Vorpommern;0
2020-11-20;Niedersachsen;0
2020-11-20;Nordrhein-Westfalen;0
2020-11-20;Rheinland-Pfalz;0
2020-11-20;Saarland;0
2020-11-20;Sachsen;0
2020-11-20;Sachsen-Anhalt;0
2020-11-20;Schleswig-Holstein;0
2020-11-20;Thüringen;0
2020-11-21;Baden-Württemberg;0
2020-11-21;Bayern;0
2020-11-21;Berlin;0
2020-11-21;Brandenburg;0
2020-11-21;Bremen;0
2020-11-21;Hamburg;0
2020-11-21;Hessen;0
2020-11-21;Mecklenburg-Vorpommern;0
2020-11-21;Niedersachsen;0
2020-11-21;Nordrhein-Westfalen;0
2020-11-21;Rheinland-Pfalz;0
2020-11-21;Saarland;0
2020-11-21;Sachsen;0
2020-11-21;Sachsen-Anhalt;0
2020-11-21;Schleswig-Holstein;0
2020-11-21;Thüringen;0
2020-11-22;Baden-Württemberg;0
2020-11-22;Bayern;0
2020-11-22;Berlin;0
2020-11-22;Brandenburg;0
2020-11-22;Bremen;0
2020-11-22;Hamburg;0
2020-11-22;Hessen;0
2020-11-22;Mecklenburg-Vorpommern;0
2020-11-22;Niedersachsen;0
2020-11-22;Nordrhein-Westfalen;0
2020-11-22;Rheinland-Pfalz;0
2020-11-22;Saarland;0
2020-11-22;Sachsen;0
2020-11-22;Sachsen-Anhalt;0
2020-11-22;Schleswig-Holstein;0
2020-11-22;Thüringen;0
2020-11-23;Baden-Württemberg;0
2020-11-23;Bayern;0
2020-11-23;Berlin;0
2020-11-23;Brandenburg;0
2020-11-23;Bremen;0
2020-11-23;Hamburg;0
2020-11-23;Hessen;0
2020-11-23;Mecklenburg-Vorpommern;0
2020-11-23;Niedersachsen;0
2020-11-23;Nordrhein-Westfalen;0
2020-11-23;Rheinland-Pfalz;0
2020-11-23;Saarland;0
2020-11-23;Sachsen;0
2020-11-23;Sachsen-Anhalt;0
2020-11-23;Schleswig-Holstein;0
2020-11-23;Thüringen;0
2020-11-24;Baden-Württemberg;0
2020-11-24;Bayern;0
2020-11-24;Berlin;0
2020-11-24;Brandenburg;0
2020-11-24;Bremen;0
2020-11-24;Hamburg;0
2020-11-24;Hessen;0
2020-11-24;Mecklenburg-Vorpommern;0
2020-11-24;Niedersachsen;0
2020-11-24;Nordrhein-Westfalen;0
2020-11-24;Rheinland-Pfalz;0
2020-11-24;Saarland;0
2020-11-24;Sachsen;0
2020-11-24;Sachsen-Anhalt;0
2020-11-24;Schleswig-Holstein;0
2020-11-24;Thüringen;0
2020-11-25;Baden-Württemberg;0
2020-11-25;Bayern;0
2020-11-25;Berlin;0
2020-11-25;Brandenburg;0
2020-11-25;Bremen;0
2020-11-25;Hamburg;0
2020-11-25;Hessen;0
2020-11-25;Mecklenburg-Vorpommern;0
2020-11-25;Niedersachsen;0
2020-11-25;Nordrhein-Westfalen;0
2020-11-25;Rheinland-Pfalz;0
2020-11-25;Saarland;0
2020-11-25;Sachsen;0
2020-11-25;Sachsen-Anhalt;0
2020-11-25;Schleswig-Holstein;0
2020-11-25;Thüringen;0
2020-11-26;Baden-Württemberg;0
2020-11-26;Bayern;0
2020-11-26;Berlin;0
2020-11-26;Brandenburg;0
2020-11-26;Bremen;0
2020-11-26;Hamburg;0
2020-11-26;Hessen;0
2020-11-26;Mecklenburg-Vorpommern;0
2020-11-26;Niedersachsen;0
2020-11-26;Nordrhein-Westfalen;0
2020-11-26;Rheinland-Pfalz;0
2020-11-26;Saarland;0
2020-11-26;Sachsen;0
2020-11-26;Sachsen-Anhalt;0
2020-11-26;Schleswig-Holstein;0
2020-11-26;Thüringen;0
2020-11-27;Baden-Württemberg;0
2020-11-27;Bayern;0
2020-11-27;Berlin;0
2020-11-27;Brandenburg;0
2020-11-27;Bremen;0
2020-11-27;Hamburg;0
2020-11-27;Hessen;0
2020-11-27;Mecklenburg-Vorpommern;0
2020-11-27;Niedersachsen;0
2020-11-27;Nordrhein-Westfalen;0
2020-11-27;Rheinland-Pfalz;0
2020-11-27;Saarland;0
2020-11-27;Sachsen;0
2020-11-27;Sachsen-Anhalt;0
2020-11-27;Schleswig-Holstein;0
2020-11-27;Thüringen;0
2020-11-28;Baden-Württemberg;0
2020-11-28;Bayern;0
2020-11-28;Berlin;0
2020-11-28;Brandenburg;0
2020-11-28;Bremen;0
2020-11-28;Hamburg;0
2020-11-28;Hessen;0
2020-11-28;Mecklenburg-Vorpommern;0
2020-11-28;Niedersachsen;0
2020-11-28;Nordrhein-Westfalen;0
2020-11-28;Rheinland-Pfalz;0
2020-11-28;Saarland;0
2020-11-28;Sachsen;0
2020-11-28;Sachsen-Anhalt;0
2020-11-28;Schleswig-Holstein;0
2020-11-28;Thüringen;0
2020-11-29;Baden-Württemberg;0
2020-11-29;Bayern;0
2020-11-29;Berlin;0
2020-11-29;Brandenburg;0
2020-11-29;Bremen;0
2020-11-29;Hamburg;0
2020-11-29;Hessen;0
2020-11-29;Mecklenburg-Vorpommern;0
2020-11-29;Niedersachsen;0
2020-11-29;Nordrhein-Westfalen;0
2020-11-29;Rheinland-Pfalz;0
2020-11-29;Saarland;0
2020-11-29;Sachsen;0
2020-11-29;Sachsen-Anhalt;0
2020-11-29;Schleswig-Holstein;0
2020-11-29;Thüringen;0
2020-11-30;Baden-Württemberg;0
2020-11-30;Bayern;0
2020-11-30;Berlin;0
2020-11-30;Brandenburg;0
2020-11-30;Bremen;0
2020-11-30;Hamburg;0
2020-11-30;Hessen;0
2020-11-30;Mecklenburg-Vorpommern;0
2020-11-30;Niedersachsen;0
2020-11-30;Nordrhein-Westfalen;0
2020-11-30;Rheinland-Pfalz;0
2020-11-30;Saarland;0
2020-11-30;Sachsen;0
2020-11-30;Sachsen-Anhalt;0
2020-11-30;Schleswig-Holstein;0
2020-11-30;Thüringen;0
2020-12-01;Baden-Württemberg;0
2020-12-01;Bayern;0
2020-12-01;Berlin;0
2020-12-01;Brandenburg;0
2020-12-01;Bremen;0
2020-12-01;Hamburg;0
2020-12-01;Hessen;0
2020-12-01;Mecklenburg-Vorpommern;0
2020-12-01;Niedersachsen;0
2020-12-01;Nordrhein-Westfalen;0
2020-12-01;Rheinland-Pfalz;0
2020-12-01;Saarland;0
2020-12-01;Sachsen;0
2020-12-01;Sachsen-Anhalt;0
2020-12-01;Schleswig-Holstein;0
2020-12-01;Thüringen;0
2020-12-02;Baden-Württemberg;0
2020-12-02;Bayern;0
2020-12-02;Berlin;0
2020-12-02;Brandenburg;0
2020-12-02;Bremen;0
2020-12-02;Hamburg;0
2020-12-02;Hessen;0
2020-12-02;Mecklenburg-Vorpommern;0
2020-12-02;Niedersachsen;0
2020-12-02;Nordrhein-Westfalen;0
2020-12-02;Rheinland-Pfalz;0
2020-12-02;Saarland;0
2020-12-02;Sachsen;0
2020-12-02;Sachsen-Anhalt;0
2020-12-02;Schleswig-Holstein;0
2020-12-02;Thüringen;0
2020-12-03;Baden-Württemberg;0
2020-12-03;Bayern;0
2020-12-03;Berlin;0
2020-12-03;Brandenburg;0
2020-12-03;Bremen;0
2020-12-03;Hamburg;0
2020-12-03;Hessen;0
2020-12-03;Mecklenburg-Vorpommern;0
2020-12-03;Niedersachsen;0
2020-12-03;Nordrhein-Westfalen;0
2020-12-03;Rheinland-Pfalz;0
2020-12-03;Saarland;0
2020-12-03;Sachsen;0
2020-12-03;Sachsen-Anhalt;0
2020-12-03;Schleswig-Holstein;0
2020-12-03;Thüringen;0
2020-12-04;Baden-Württemberg;0
2020-12-04;Bayern;0
2020-12-04;Berlin;0
2020-12-04;Brandenburg;0
2020-12-04;Bremen;0
2020-12-04;Hamburg;0
2020-12-04;Hessen;0
2020-12-04;Mecklenburg-Vorpommern;0
2020-12-04;Niedersachsen;0
2020-12-04;Nordrhein-Westfalen;0
2020-12-04;Rheinland-Pfalz;0
2020-12-04;Saarland;0
2020-12-04;Sachsen;0
2020-12-04;Sachsen-Anhalt;0
2020-12-04;Schleswig-Holstein;0
2020-12-04;Thüringen;0
2020-12-05;Baden-Württemberg;0
2020-12-05;Bayern;0
2020-12-05;Berlin;0
2020-12-05;Brandenburg;0
2020-12-05;Bremen;0
2020-12-05;Hamburg;0
2020-12-05;Hessen;0
2020-12-05;Mecklenburg-Vorpommern;0
2020-12-05;Niedersachsen;0
2020-12-05;Nordrhein-Westfalen;0
2020-12-05;Rheinland-Pfalz;0
2020-12-05;Saarland;0
2020-12-05;Sachsen;0
2020-12-05;Sachsen-Anhalt;0
2020-12-05;Schleswig-Holstein;0
2020-12-05;Thüringen;0
2020-12-06;Baden-Württemberg;0
2020-12-06;Bayern;0
2020-12-06;Berlin;0
2020-12-06;Brandenburg;0
2020-12-06;Bremen;0
2020-12-06;Hamburg;0
2020-12-06;Hessen;0
2020-12-06;Mecklenburg-Vorpommern;0
2020-12-06;Niedersachsen;0
2020-12-06;Nordrhein-Westfalen;0
2020-12-06;Rheinland-Pfalz;0
2020-12-06;Saarland;0
2020-12-06;Sachsen;0
2020-12-06;Sachsen-Anhalt;0
2020-12-06;Schleswig-Holstein;0
2020-12-06;Thüringen;0
2020-12-07;Baden-Württemberg;0
2020-12-07;Bayern;0
2020-12-07;Berlin;0
2020-12-07;Brandenburg;0
2020-12-07;Bremen;0
2020-12-07;Hamburg;0
2020-12-07;Hessen;0
2020-12-07;Mecklenburg-Vorpommern;0
2020-12-07;Niedersachsen;0
2020-12-07;Nordrhein-Westfalen;0
2020-12-07;Rheinland-Pfalz;0
2020-12-07;Saarland;0
2020-12-07;Sachsen;0
2020-12-07;Sachsen-Anhalt;0
2020-12-07;Schleswig-Holstein;0
2020-12-07;Thüringen;0
2020-12-08;Baden-Württemberg;0
2020-12-08;Bayern;0
2020-12-08;Berlin;0
2020-12-08;Brandenburg;0
2020-12-08;Bremen;0
2020-12-08;Hamburg;0
2020-12-08;Hessen;0
2020-12-08;Mecklenburg-Vorpommern;0
2020-12-08;Niedersachsen;0
2020-12-08;Nordrhein-Westfalen;0
2020-12-08;Rheinland-Pfalz;0
2020-12-08;Saarland;0
2020-12-08;Sachsen;0
2020-12-08;Sachsen-Anhalt;0
2020-12-08;Schleswig-Holstein;0
2020-12-08;Thüringen;0
2020-12-09;Baden-Württemberg;0
2020-12-09;Bayern;0
2020-12-09;Berlin;0
2020-12-09;Brandenburg;0
2020-12-09;Bremen;0
2020-12-09;Hamburg;0
2020-12-09;Hessen;0
2020-12-09;Mecklenburg-Vorpommern;0
2020-12-09;Niedersachsen;0
2020-12-09;Nordrhein-Westfalen;0
2020-12-09;Rheinland-Pfalz;0
2020-12-09;Saarland;0
2020-12-09;Sachsen;0
2020-12-09;Sachsen-Anhalt;0
2020-12-09;Schleswig-Holstein;0
2020-12-09;Thüringen;0
2020-12-10;Baden-Württemberg;0
2020-12-10;Bayern;0
2020-12-10;Berlin;0
2020-12-10;Brandenburg;0
2020-12-10;Bremen;0
2020-12-10;Hamburg;0
2020-12-10;Hessen;0
2020-12-10;Mecklenburg-Vorpommern;0
2020-12-10;Niedersachsen;0
2020-12-10;Nordrhein-Westfalen;0
2020-12-10;Rheinland-Pfalz;0
2020-12-10;Saarland;0
2020-12-10;Sachsen;0
2020-12-10;Sachsen-Anhalt;0
2020-12-10;Schleswig-Holstein;0
2020-12-10;Thüringen;0
2020-12-11;Baden-Württemberg;0
2020-12-11;Bayern;0
2020-12-11;Berlin;0
2020-12-11;Brandenburg;0
2020-12-11;Bremen;0
2020-12-11;Hamburg;0
2020-12-11;Hessen;0
2020-12-11;Mecklenburg-Vorpommern;0
2020-12-11;Niedersachsen;0
2020-12-11;Nordrhein-Westfalen;0
2020-12-11;Rheinland-Pfalz;0
2020-12-11;Saarland;0
2020-12-11;Sachsen;0
2020-12-11;Sachsen-Anhalt;0
2020-12-11;Schleswig-Holstein;0
2020-12-11;Thüringen;0
2020-12-12;Baden-Württemberg;0
2020-12-12;Bayern;0
2020-12-12;Berlin;0
2020-12-12;Brandenburg;0
2020-12-12;Bremen;0
2020-12-12;Hamburg;0
2020-12-12;Hessen;0
2020-12-12;Mecklenburg-Vorpommern;0
2020-12-12;Niedersachsen;0
2020-12-12;Nordrhein-Westfalen;0
2020-12-12;Rheinland-Pfalz;0
2020-12-12;Saarland;0
2020-12-12;Sachsen;0
2020-12-12;Sachsen-Anhalt;0
2020-12-12;Schleswig-Holstein;0
2020-12-12;Thüringen;0
2020-12-13;Baden-Württemberg;0
2020-12-13;Bayern;0
2020-12-13;Berlin;0
2020-12-13;Brandenburg;0
2020-12-13;Bremen;0
2020-12-13;Hamburg;0
2020-12-13;Hessen;0
2020-12-13;Mecklenburg-Vorpommern;0
2020-12-13;Niedersachsen;0
2020-12-13;Nordrhein-Westfalen;0
2020-12-13;Rheinland-Pfalz;0
2020-12-13;Saarland;0
2020-12-13;Sachsen;0
2020-12-13;Sachsen-Anhalt;0
2020-12-13;Schleswig-Holstein;0
2020-12-13;Thüringen;0
2020-12-14;Baden-Württemberg;0
2020-12-14;Bayern;0
2020-12-14;Berlin;0
2020-12-14;Brandenburg;0
2020-12-14;Bremen;0
2020-12-14;Hamburg;0
2020-12-14;Hessen;0
2020-12-14;Mecklenburg-Vorpommern;0
2020-12-14;Niedersachsen;0
2020-12-14;Nordrhein-Westfalen;0
2020-12-14;Rheinland-Pfalz;0
2020-12-14;Saarland;0
2020-12-14;Sachsen;0
2020-12-14;Sachsen-Anhalt;0
2020-12-14;Schleswig-Holstein;0
2020-12-14;Thüringen;0
2020-12-15;Baden-Württemberg;0
2020-12-15;Bayern;0
2020-12-15;Berlin;0
2020-12-15;Brandenburg;0
2020-12-15;Bremen;0
2020-12-15;Hamburg;0
2020-12-15;Hessen;0
2020-12-15;Mecklenburg-Vorpommern;0
2020-12-15;Niedersachsen;0
2020-12-15;Nordrhein-Westfalen;0
2020-12-15;Rheinland-Pfalz;0
2020-12-15;Saarland;0
2020-12-15;Sachsen;0
2020-12-15;Sachsen-Anhalt;0
2020-12-15;Schleswig-Holstein;0
2020-12-15;Thüringen;0
2020-12-16;Baden-Württemberg;0
2020-12-16;Bayern;0
2020-12-16;Berlin;0
2020-12-16;Brandenburg;0
2020-12-16;Bremen;0
2020-12-16;Hamburg;0
2020-12-16;Hessen;0
2020-12-16;Mecklenburg-Vorpommern;0
2020-12-16;Niedersachsen;0
2020-12-16;Nordrhein-Westfalen;0
2020-12-16;Rheinland-Pfalz;0
2020-12-16;Saarland;0
2020-12-16;Sachsen;0
2020-12-16;Sachsen-Anhalt;0
2020-12-16;Schleswig-Holstein;0
2020-12-16;Thüringen;0
2020-12-17;Baden-Württemberg;0
2020-12-17;Bayern;0
2020-12-17;Berlin;0
2020-12-17;Brandenburg;0
2020-12-17;Bremen;0
2020-12-17;Hamburg;0
2020-12-17;Hessen;0
2020-12-17;Mecklenburg-Vorpommern;0
2020-12-17;Niedersachsen;0
2020-12-17;Nordrhein-Westfalen;0
2020-12-17;Rheinland-Pfalz;0
2020-12-17;Saarland;0
2020-12-17;Sachsen;0
2020-12-17;Sachsen-Anhalt;0
2020-12-17;Schleswig-Holstein;0
2020-12-17;Thüringen;0
2020-12-18;Baden-Württemberg;0
2020-12-18;Bayern;0
2020-12-18;Berlin;0
2020-12-18;Brandenburg;0
2020-12-18;Bremen;0
2020-12-18;Hamburg;0
2020-12-18;Hessen;0
2020-12-18;Mecklenburg-Vorpommern;0
2020-12-18;Niedersachsen;0
2020-12-18;Nordrhein-Westfalen;0
2020-12-18;Rheinland-Pfalz;0
2020-12-18;Saarland;0
2020-12-18;Sachsen;0
2020-12-18;Sachsen-Anhalt;0
2020-12-18;Schleswig-Holstein;0
2020-12-18;Thüringen;0
2020-12-19;Baden-Württemberg;0
2020-12-19;Bayern;0
2020-12-19;Berlin;0
2020-12-19;Brandenburg;0
2020-12-19;Bremen;0
2020-12-19;Hamburg;0
2020-12-19;Hessen;0
2020-12-19;Mecklenburg-Vorpommern;0
2020-12-19;Niedersachsen;0
2020-12-19;Nordrhein-Westfalen;0
2020-12-19;Rheinland-Pfalz;0
2020-12-19;Saarland;0
2020-12-19;Sachsen;0
2020-12-19;Sachsen-Anhalt;0
2020-12-19;Schleswig-Holstein;0
2020-12-19;Thüringen;0
2020-12-20;Baden-Württemberg;0
2020-12-20;Bayern;0
2020-12-20;Berlin;0
2020-12-20;Brandenburg;0
2020-12-20;Bremen;0
2020-12-20;Hamburg;0
2020-12-20;Hessen;0
2020-12-20;Mecklenburg-Vorpommern;0
2020-12-20;Niedersachsen;0
2020-12-20;Nordrhein-Westfalen;0
2020-12-20;Rheinland-Pfalz;0
2020-12-20;Saarland;0
2020-12-20;Sachsen;0
2020-12-20;Sachsen-Anhalt;0
2020-12-20;Schleswig-Holstein;0
2020-12-20;Thüringen;0
2020-12-21;Baden-Württemberg;0
2020-12-21;Bayern;0
2020-12-21;Berlin;0
2020-12-21;Brandenburg;0
2020-12-21;Bremen;0
2020-12-21;Hamburg;0
2020-12-21;Hessen;0
2020-12-21;Mecklenburg-Vorpommern;0
2020-12-21;Niedersachsen;0
2020-12-21;Nordrhein-Westfalen;0
2020-12-21;Rheinland-Pfalz;0
2020-12-21;Saarland;0
2020-12-21;Sachsen;0
2020-12-21;Sachsen-Anhalt;0
2020-12-21;Schleswig-Holstein;0
2020-12-21;Thüringen;0
2020-12-22;Baden-Württemberg;0
2020-12-22;Bayern;0
2020-12-22;Berlin;0
2020-12-22;Brandenburg;0
2020-12-22;Bremen;0
2020-12-22;Hamburg;0
2020-12-22;Hessen;0
2020-12-22;Mecklenburg-Vorpommern;0
2020-12-22;Niedersachsen;0
2020-12-22;Nordrhein-Westfalen;0
2020-12-22;Rheinland-Pfalz;0
2020-12-22;Saarland;0
2020-12-22;Sachsen;0
2020-12-22;Sachsen-Anhalt;0
2020-12-22;Schleswig-Holstein;0
2020-12-22;Thüringen;0
2020-12-23;Baden-Württemberg;0
2020-12-23;Bayern;0
2020-12-23;Berlin;0
2020-12-23;Brandenburg;0
2020-12-23;Bremen;0
2020-12-23;Hamburg;0
2020-12-23;Hessen;0
2020-12-23;Mecklenburg-Vorpommern;0
2020-12-23;Niedersachsen;0
2020-12-23;Nordrhein-Westfalen;0
2020-12-23;Rheinland-Pfalz;0
2020-12-23;Saarland;0
2020-12-23;Sachsen;0
2020-12-23;Sachsen-Anhalt;0
2020-12-23;Schleswig-Holstein;0
2020-12-23;Thüringen;0
2020-12-24;Baden-Württemberg;0
2020-12-24;Bayern;0
2020-12-24;Berlin;0
2020-12-24;Brandenburg;0
2020-12-24;Bremen;0
2020-12-24;Hamburg;0
2020-12-24;Hessen;0
2020-12-24;Mecklenburg-Vorpommern;0
2020-12-24;Niedersachsen;0
2020-12-24;Nordrhein-Westfalen;0
2020-12-24;Rheinland-Pfalz;0
2020-12-24;Saarland;0
2020-12-24;Sachsen;0
2020-12-24;Sachsen-Anhalt;0
2020-12-24;Schleswig-Holstein;0
2020-12-24;Thüringen;0
2020-12-25;Baden-Württemberg;1
2020-12-25;Bayern;1
2020-12-25;Berlin;1
2020-12-25;Brandenburg;1
2020-12-25;Bremen;1
2020-12-25;Hamburg;1
2020-12-25;Hessen;1
2020-12-25;Mecklenburg-Vorpommern;1
2020-12-25;Niedersachsen;1
2020-12-25;Nordrhein-Westfalen;1
2020-12-25;Rheinland-Pfalz;1
2020-12-25;Saarland;1
2020-12-25;Sachsen;1
2020-12-25;Sachsen-Anhalt;1
2020-12-25;Schleswig-Holstein;1
2020-12-25;Thüringen;1
2020-12-26;Baden-Württemberg;1
2020-12-26;Bayern;1
2020-12-26;Berlin;1
2020-12-26;Brandenburg;1
2020-12-26;Bremen;1
2020-12-26;Hamburg;1
2020-12-26;Hessen;1
2020-12-26;Mecklenburg-Vorpommern;1
2020-12-26;Niedersachsen;1
2020-12-26;Nordrhein-Westfalen;1
2020-12-26;Rheinland-Pfalz;1
2020-12-26;Saarland;1
2020-12-26;Sachsen;1
2020-12-26;Sachsen-Anhalt;1
2020-12-26;Schleswig-Holstein;1
2020-12-26;Thüringen;1
2020-12-27;Baden-Württemberg;0
2020-12-27;Bayern;0
2020-12-27;Berlin;0
2020-12-27;Brandenburg;0
2020-12-27;Bremen;0
2020-12-27;Hamburg;0
2020-12-27;Hessen;0
2020-12-27;Mecklenburg-Vorpommern;0
2020-12-27;Niedersachsen;0
2020-12-27;Nordrhein-Westfalen;0
2020-12-27;Rheinland-Pfalz;0
2020-12-27;Saarland;0
2020-12-27;Sachsen;0
2020-12-27;Sachsen-Anhalt;0
2020-12-27;Schleswig-Holstein;0
2020-12-27;Thüringen;0
2020-12-28;Baden-Württemberg;0
2020-12-28;Bayern;0
2020-12-28;Berlin;0
2020-12-28;Brandenburg;0
2020-12-28;Bremen;0
2020-12-28;Hamburg;0
2020-12-28;Hessen;0
2020-12-28;Mecklenburg-Vorpommern;0
2020-12-28;Niedersachsen;0
2020-12-28;Nordrhein-Westfalen;0
2020-12-28;Rheinland-Pfalz;0
2020-12-28;Saarland;0
2020-12-28;Sachsen;0
2020-12-28;Sachsen-Anhalt;0
2020-12-28;Schleswig-Holstein;0
2020-12-28;Thüringen;0
2020-12-29;Baden-Württemberg;0
2020-12-29;Bayern;0
2020-12-29;Berlin;0
2020-12-29;Brandenburg;0
2020-12-29;Bremen;0
2020-12-29;Hamburg;0
2020-12-29;Hessen;0
2020-12-29;Mecklenburg-Vorpommern;0
2020-12-29;Niedersachsen;0
2020-12-29;Nordrhein-Westfalen;0
2020-12-29;Rheinland-Pfalz;0
2020-12-29;Saarland;0
2020-12-29;Sachsen;0
2020-12-29;Sachsen-Anhalt;0
2020-12-29;Schleswig-Holstein;0
2020-12-29;Thüringen;0
2020-12-30;Baden-Württemberg;0
2020-12-30;Bayern;0
2020-12-30;Berlin;0
2020-12-30;Brandenburg;0
2020-12-30;Bremen;0
2020-12-30;Hamburg;0
2020-12-30;Hessen;0
2020-12-30;Mecklenburg-Vorpommern;0
2020-12-30;Niedersachsen;0
2020-12-30;Nordrhein-Westfalen;0
2020-12-30;Rheinland-Pfalz;0
2020-12-30;Saarland;0
2020-12-30;Sachsen;0
2020-12-30;Sachsen-Anhalt;0
2020-12-30;Schleswig-Holstein;0
2020-12-30;Thüringen;0
2020-12-31;Baden-Württemberg;0
2020-12-31;Bayern;0
2020-12-31;Berlin;0
2020-12-31;Brandenburg;0
2020-12-31;Bremen;0
2020-12-31;Hamburg;0
2020-12-31;Hessen;0
2020-12-31;Mecklenburg-Vorpommern;0
2020-12-31;Niedersachsen;0
2020-12-31;Nordrhein-Westfalen;0
2020-12-31;Rheinland-Pfalz;0
2020-12-31;Saarland;0
2020-12-31;Sachsen;0
2020-12-31;Sachsen-Anhalt;0
2020-12-31;Schleswig-Holstein;0
2020-12-31;Thüringen;0
2023-01-01;Berlin;1
2023-01-02;Berlin;0
2023-01-03;Berlin;0
2023-01-04;Berlin;0
2023-01-05;Berlin;0
2023-01-06;Berlin;0
2023-01-07;Berlin;0
2023-01-08;Berlin;0
2023-01-09;Berlin;0
2023-01-10;Berlin;0
2023-01-11;Berlin;0
2023-01-12;Berlin;0
2023-01-13;Berlin;0
2023-01-14;Berlin;0
2023-01-15;Berlin;0
2023-01-16;Berlin;0
2023-01-17;Berlin;0
2023-01-18;Berlin;0
2023-01-19;Berlin;0
2023-01-20;Berlin;0
2023-01-21;Berlin;0
2023-01-22;Berlin;0
2023-01-23;Berlin;0
2023-01-24;Berlin;0
2023-01-25;Berlin;0
2023-01-26;Berlin;0
2023-01-27;Berlin;0
2023-01-28;Berlin;0
2023-01-29;Berlin;0
2023-01-30;Berlin;0
2023-01-31;Berlin;0
2023-02-01;Berlin;0
2023-02-02;Berlin;0
2023-02-03;Berlin;0
2023-02-04;Berlin;0
2023-02-05;Berlin;0
2023-02-06;Berlin;0
2023-02-07;Berlin;0
2023-02-08;Berlin;0
2023-02-09;Berlin;0
2023-02-10;Berlin;0
2023-02-11;Berlin;0
2023-02-12;Berlin;0
2023-02-13;Berlin;0
2023-02-14;Berlin;0
2023-02-15;Berlin;0
2023-02-16;Berlin;0
2023-02-17;Berlin;0
2023-02-18;Berlin;0
2023-02-19;Berlin;0
2023-02-20;Berlin;0
2023-02-21;Berlin;0
2023-02-22;Berlin;0
2023-02-23;Berlin;0
2023-02-24;Berlin;0
2023-02-25;Berlin;0
2023-02-26;Berlin;0
2023-02-27;Berlin;0
2023-02-28;Berlin;0
2023-03-01;Berlin;0
2023-03-02;Berlin;0
2023-03-03;Berlin;0
2023-03-04;Berlin;0
2023-03-05;Berlin;0
2023-03-06;Berlin;0
2023-03-07;Berlin;0
2023-03-08;Berlin;1
2023-03-09;Berlin;0
2023-03-10;Berlin;0
2023-03-11;Berlin;0
2023-03-12;Berlin;0
2023-03-13;Berlin;0
2023-03-14;Berlin;0
2023-03-15;Berlin;0
2023-03-16;Berlin;0
2023-03-17;Berlin;0
2023-03-18;Berlin;0
2023-03-19;Berlin;0
2023-03-20;Berlin;0
2023-03-21;Berlin;0
2023-03-22;Berlin;0
2023-03-23;Berlin;0
2023-03-24;Berlin;0
2023-03-25;Berlin;0
2023-03-26;Berlin;0
2023-03-27;Berlin;0
2023-03-28;Berlin;0
2023-03-29;Berlin;0
2023-03-30;Berlin;0
2023-03-31;Berlin;0
2023-04-01;Berlin;0
2023-04-02;Berlin;0
2023-04-03;Berlin;0
2023-04-04;Berlin;0
2023-04-05;Berlin;0
2023-04-06;Berlin;0
2023-04-07;Berlin;1
2023-04-08;Berlin;0
2023-04-09;Berlin;0
2023-04-10;Berlin;1
2023-04-11;Berlin;0
2023-04-12;Berlin;0
2023-04-13;Berlin;0
2023-04-14;Berlin;0
2023-04-15;Berlin;0
2023-04-16;Berlin;0
2023-04-17;Berlin;0
2023-04-18;Berlin;0
2023-04-19;Berlin;0
2023-04-20;Berlin;0
2023-04-21;Berlin;0
2023-04-22;Berlin;0
2023-04-23;Berlin;0
2023-04-24;Berlin;0
2023-04-25;Berlin;0
2023-04-26;Berlin;0
2023-04-27;Berlin;0
2023-04-28;Berlin;0
2023-04-29;Berlin;0
2023-04-30;Berlin;0
2023-05-01;Berlin;1
2023-05-02;Berlin;0
2023-05-03;Berlin;0
2023-05-04;Berlin;0
2023-05-05;Berlin;0
2023-05-06;Berlin;0
2023-05-07;Berlin;0
2023-05-08;Berlin;0
2023-05-09;Berlin;0
2023-05-10;Berlin;0
2023-05-11;Berlin;0
2023-05-12;Berlin;0
2023-05-13;Berlin;0
2023-05-14;Berlin;0
2023-05-15;Berlin;0
2023-05-16;Berlin;0
2023-05-17;Berlin;0
2023-05-18;Berlin;1
2023-05-19;Berlin;0
2023-05-20;Berlin;0
2023-05-21;Berlin;0
2023-05-22;Berlin;0
2023-05-23;Berlin;0
2023-05-24;Berlin;0
2023-05-25;Berlin;0
2023-05-26;Berlin;0
2023-05-27;Berlin;0
2023-05-28;Berlin;0
2023-05-29;Berlin;1
2023-05-30;Berlin;0
2023-05-31;Berlin;0
2023-06-01;Berlin;0
2023-06-02;Berlin;0
2023-06-03;Berlin;0
2023-06-04;Berlin;0
2023-06-05;Berlin;0
2023-06-06;Berlin;0
2023-06-07;Berlin;0
2023-06-08;Berlin;0
2023-06-09;Berlin;0
2023-06-10;Berlin;0
2023-06-11;Berlin;0
2023-06-12;Berlin;0
2023-06-13;Berlin;0
2023-06-14;Berlin;0
2023-06-15;Berlin;0
2023-06-16;Berlin;0
2023-06-17;Berlin;0
2023-06-18;Berlin;0
2023-06-19;Berlin;0
2023-06-20;Berlin;0
2023-06-21;Berlin;0
2023-06-22;Berlin;0
2023-06-23;Berlin;0
2023-06-24;Berlin;0
2023-06-25;Berlin;0
2023-06-26;Berlin;0
2023-06-27;Berlin;0
2023-06-28;Berlin;0
2023-06-29;Berlin;0
2023-06-30;Berlin;0
2023-07-01;Berlin;0
2023-07-02;Berlin;0
2023-07-03;Berlin;0
2023-07-04;Berlin;0
2023-07-05;Berlin;0
2023-07-06;Berlin;0
2023-07-07;Berlin;0
2023-07-08;Berlin;0
2023-07-09;Berlin;0
2023-07-10;Berlin;0
2023-07-11;Berlin;0
2023-07-12;Berlin;0
2023-07-13;Berlin;0
2023-07-14;Berlin;0
2023-07-15;Berlin;0
2023-07-16;Berlin;0
2023-07-17;Berlin;0
2023-07-18;Berlin;0
2023-07-19;Berlin;0
2023-07-20;Berlin;0
2023-07-21;Berlin;0
2023-07-22;Berlin;0
2023-07-23;Berlin;0
2023-07-24;Berlin;0
2023-07-25;Berlin;0
2023-07-26;Berlin;0
2023-07-27;Berlin;0
2023-07-28;Berlin;0
2023-07-29;Berlin;0
2023-07-30;Berlin;0
2023-07-31;Berlin;0
2023-08-01;Berlin;0
2023-08-02;Berlin;0
2023-08-03;Berlin;0
2023-08-04;Berlin;0
2023-08-05;Berlin;0
2023-08-06;Berlin;0
2023-08-07;Berlin;0
2023-08-08;Berlin;0
2023-08-09;Berlin;0
2023-08-10;Berlin;0
2023-08-11;Berlin;0
2023-08-12;Berlin;0
2023-08-13;Berlin;0
2023-08-14;Berlin;0
2023-08-15;Berlin;0
2023-08-16;Berlin;0
2023-08-17;Berlin;0
2023-08-18;Berlin;0
2023-08-19;Berlin;0
2023-08-20;Berlin;0
2023-08-21;Berlin;0
2023-08-22;Berlin;0
2023-08-23;Berlin;0
2023-08-24;Berlin;0
2023-08-25;Berlin;0
2023-08-26;Berlin;0
2023-08-27;Berlin;0
2023-08-28;Berlin;0
2023-08-29;Berlin;0
2023-08-30;Berlin;0
2023-08-31;Berlin;0
2023-09-01;Berlin;0
2023-09-02;Berlin;0
2023-09-03;Berlin;0
2023-09-04;Berlin;0
2023-09-05;Berlin;0
2023-09-06;Berlin;0
2023-09-07;Berlin;0
2023-09-08;Berlin;0
2023-09-09;Berlin;0
2023-09-10;Berlin;0
2023-09-11;Berlin;0
2023-09-12;Berlin;0
2023-09-13;Berlin;0
2023-09-14;Berlin;0
2023-09-15;Berlin;0
2023-09-16;Berlin;0
2023-09-17;Berlin;0
2023-09-18;Berlin;0
2023-09-19;Berlin;0
2023-09-20;Berlin;0
2023-09-21;Berlin;0
2023-09-22;Berlin;0
2023-09-23;Berlin;0
2023-09-24;Berlin;0
2023-09-25;Berlin;0
2023-09-26;Berlin;0
2023-09-27;Berlin;0
2023-09-28;Berlin;0
2023-09-29;Berlin;0
2023-09-30;Berlin;0
2023-10-01;Berlin;0
2023-10-02;Berlin;0
2023-10-03;Berlin;1
2023-10-04;Berlin;0
2023-10-05;Berlin;0
2023-10-06;Berlin;0
2023-10-07;Berlin;0
2023-10-08;Berlin;0
2023-10-09;Berlin;0
2023-10-10;Berlin;0
2023-10-11;Berlin;0
2023-10-12;Berlin;0
2023-10-13;Berlin;0
2023-10-14;Berlin;0
2023-10-15;Berlin;0
2023-10-16;Berlin;0
2023-10-17;Berlin;0
2023-10-18;Berlin;0
2023-10-19;Berlin;0
2023-10-20;Berlin;0
2023-10-21;Berlin;0
2023-10-22;Berlin;0
2023-10-23;Berlin;0
2023-10-24;Berlin;0
2023-10-25;Berlin;0
2023-10-26;Berlin;0
2023-10-27;Berlin;0
2023-10-28;Berlin;0
2023-10-29;Berlin;0
2023-10-30;Berlin;0
2023-10-31;Berlin;0
2023-11-01;Berlin;0
2023-11-02;Berlin;0
2023-11-03;Berlin;0
2023-11-04;Berlin;0
2023-11-05;Berlin;0
2023-11-06;Berlin;0
2023-11-07;Berlin;0
2023-11-08;Berlin;0
2023-11-09;Berlin;0
2023-11-10;Berlin;0
2023-11-11;Berlin;0
2023-11-12;Berlin;0
2023-11-13;Berlin;0
2023-11-14;Berlin;0
2023-11-15;Berlin;0
2023-11-16;Berlin;0
2023-11-17;Berlin;0
2023-11-18;Berlin;0
2023-11-19;Berlin;0
2023-11-20;Berlin;0
2023-11-21;Berlin;0
2023-11-22;Berlin;0
2023-11-23;Berlin;0
2023-11-24;Berlin;0
2023-11-25;Berlin;0
2023-11-26;Berlin;0
2023-11-27;Berlin;0
2023-11-28;Berlin;0
2023-11-29;Berlin;0
2023-11-30;Berlin;0
2023-12-01;Berlin;0
2023-12-02;Berlin;0
2023-12-03;Berlin;0
2023-12-04;Berlin;0
2023-12-05;Berlin;0
2023-12-06;Berlin;0
2023-12-07;Berlin;0
2023-12-08;Berlin;0
2023-12-09;Berlin;0
2023-12-10;Berlin;0
2023-12-11;Berlin;0
2023-12-12;Berlin;0
2023-12-13;Berlin;0
2023-12-14;Berlin;0
2023-12-15;Berlin;0
2023-12-16;Berlin;0
2023-12-17;Berlin;0
2023-12-18;Berlin;0
2023-12-19;Berlin;0
2023-12-20;Berlin;0
2023-12-21;Berlin;0
2023-12-22;Berlin;0
2023-12-23;Berlin;0
2023-12-24;Berlin;0
2023-12-25;Berlin;1
2023-12-26;Berlin;1
2023-12-27;Berlin;0
2023-12-28;Berlin;0
2023-12-29;Berlin;0
2023-12-30;Berlin;0
2023-12-31;Berlin;0