date,federalState,pubHoliday,schoolVacation,population,EinwohnerInnenJeKm2,tmax,tavg,prcp,EinwohnerInnen,EinwohnerInnenRelativ,sunrise,sunset,daylight,outOfHomeDuration,percentageChangeComparedToBeforeCorona,Hospital_Cases,Hospital_Incidence,logHospital_Cases,logHospital_Incidence,Infection_Cases,Infection_Incidence,logInfection_Cases,logInfection_Incidence,Death_Cases,Death_Incidence,logDeath_Cases,logDeath_Incidence,Reffective,index,Infection_Cases_Norm,logInfection_Cases_Norm,Infection_Incidence_Norm,logInfection_Incidence_Norm,Hospital_Cases_Norm,logHospital_Cases_Norm,Hospital_Incidence_Norm,logHospital_Incidence_Norm,Death_Cases_Norm,logDeath_Cases_Norm,Death_Incidence_Norm,logDeath_Incidence_Norm,Reffective_Norm,timeCounter
2020-04-05,Berlin,0,0,3755251,4090,10.214285714285715,5.285714285714286,0.0857142857142857,3677472,0.04418067111497029,2024-04-10T04:30:00Z,2024-04-10T17:47:00Z,13.283333333333331,4.67,-35,248,6.74,2.39445168082622,0.82865989653532,1241,33.7,3.09377178149873,1.52762990087134,15,0.399440676535337,1.17609125905568,-0.398547711384864,0.922857142857143,0,0.13097909531120822,0.5365300129850054,0.13075586446568202,0.5358923527605591,0.32865168539325845,0.7279667573696385,0.3285123966942149,0.7279685434379435,0.10638297872340426,0.9904734675208189,0.10638297872340419,0.9903243160227597,0.2244389027431423,0
2020-04-05,Bremen,0,5,684864,1629,11.257142857142858,5.7,0.8999999999999999,676463,0.0081269386481926,2024-04-10T04:30:00Z,2024-04-10T17:47:00Z,13.283333333333331,5.28,-29,20,2.96,1.30102999566398,0.471291711058939,101,14.9,2.00432137378264,1.17318626841227,4,0.584057564713578,0.602059991327962,-0.233544346713941,0.922857142857143,1,0.05874673629242821,0.4485052120251647,0.058719646799117,0.44989039004560977,0.28985507246376807,0.9947189201382856,0.2901960784313726,0.9946805672013145,0.2,0.9931000701141347,0.19999999999999998,0.993042681103865,0.2244389027431423,0
2020-04-05,Hamburg,0,0,1892122,2438,10.771428571428572,5.414285714285715,0.7714285714285714,1853935,0.02227293437000538,2024-04-10T04:30:00Z,2024-04-10T17:47:00Z,13.283333333333331,4.76,-32,118,6.36,2.07188200730613,0.803457115648414,916,49.4,2.96189547366785,1.69372694892365,17,0.898462149903653,1.2304489213782701,-0.0465002139742919,0.922857142857143,2,0.2932598833441348,0.7840231669932173,0.2930930930930931,0.78352255978224,0.7134146341463415,0.9343391246246896,0.7129943502824859,0.9351530421668959,0.288135593220339,0.9946900013158773,0.2881355932203388,0.9946225285833598,0.2244389027431423,0
2020-04-12,Berlin,1,5,3755251,4090,19.97142857142857,12.371428571428572,0.22857142857142856,3677472,0.04418067111497029,2024-04-10T04:14:00Z,2024-04-10T18:00:00Z,13.766666666666667,4.9,-32,220,5.98,2.34242268082221,0.776701183988411,948,25.8,2.97680833733807,1.41161970596323,27,0.718993217763606,1.43136376415899,-0.143275206281559,0.835714285714286,0,0.09637415849769695,0.47204734053006076,0.09643788010425718,0.4718882113280642,0.28932584269662925,0.6976257616115917,0.2892561983471075,0.6976818702949332,0.1914893617021277,0.9929724832482105,0.19148936170212738,0.9928624574173581,0.07231920199501256,1
2020-04-12,Bremen,1,5,684864,1629,19.37142857142857,11.971428571428572,0.02857142857142857,676463,0.0081269386481926,2024-04-10T04:14:00Z,2024-04-10T18:00:00Z,13.766666666666667,5.54,-26,19,2.81,1.27875360095283,0.44870631990508,90,13.3,1.95424250943932,1.12385164096709,9,1.31412952060555,0.954242509439325,0.118638171397421,0.835714285714286,1,0.051566579634464774,0.4251798796972173,0.05165562913907284,0.4269867196669138,0.27536231884057966,0.9945001785194432,0.2754901960784314,0.9944569685065949,0.45,0.9965766637689715,0.44999999999999984,0.9965481907436845,0.07231920199501256,1
2020-04-12,Hamburg,1,0,1892122,2438,18.62857142857143,11.2,0,1853935,0.02227293437000538,2024-04-10T04:14:00Z,2024-04-10T18:00:00Z,13.766666666666667,4.91,-30,112,6.04,2.04921802267018,0.781036938621132,814,43.9,2.9106244048892,1.64246452024212,41,2.16687930270881,1.61278385671974,0.33583472136717,0.835714285714286,2,0.26020738820479583,0.7630923430655111,0.2600600600600601,0.7625548322359903,0.676829268292683,0.9241185389491626,0.6768361581920903,0.9251903787510538,0.6949152542372882,0.9984468229183703,0.6949152542372876,0.9984270871127675,0.07231920199501256,1
2020-04-19,Berlin,1,5,3755251,4090,15.085714285714284,9.485714285714286,0,3677472,0.04418067111497029,2024-04-10T03:58:00Z,2024-04-10T18:12:00Z,14.233333333333333,4.76,-34,149,4.05,2.17318626841227,0.607455023214668,592,16.1,2.77232170672292,1.20682587603185,40,1.06517513742756,1.60205999132796,0.0274210208874147,0.794285714285714,0,0.054328569741348795,0.35931259235302093,0.05430060816681148,0.35890113061664103,0.18960674157303375,0.5989346226190873,0.18956611570247933,0.5990284799239537,0.28368794326241137,0.9946435310413486,0.2836879432624098,0.9945596678549022,0,2
2020-04-19,Bremen,1,2,684864,1629,14.785714285714285,8.700000000000001,0.02857142857142857,676463,0.0081269386481926,2024-04-10T03:58:00Z,2024-04-10T18:12:00Z,14.233333333333333,5.38,-28,16,2.37,1.20411998265592,0.374748346010104,106,15.7,2.02530586526477,1.19589965240923,9,1.31412952060555,0.954242509439325,0.118638171397421,0.794285714285714,1,0.06201044386422978,0.4582792003927529,0.06225165562913906,0.46043511060378345,0.23188405797101447,0.9937673185258036,0.23235294117647062,0.9937247736858648,0.45,0.9965766637689715,0.44999999999999984,0.9965481907436845,0,2
2020-04-19,Hamburg,1,0,1892122,2438,13.785714285714286,8.014285714285714,0,1853935,0.02227293437000538,2024-04-10T03:58:00Z,2024-04-10T18:12:00Z,14.233333333333333,4.8,-32,69,3.72,1.83884909073726,0.570542939881898,466,25.1,2.66838591669,1.39967372148104,37,1.95547644390795,1.568201724067,0.291252588714429,0.794285714285714,2,0.1474400518470512,0.6642012673420692,0.14714714714714716,0.663246792213428,0.41463414634146345,0.8292502390086633,0.4146892655367232,0.8316549504651023,0.6271186440677967,0.9980087590545871,0.6271186440677959,0.9979834568886768,0,2
2020-04-26,Berlin,0,0,3755251,4090,18.47142857142857,12.3,0,3677472,0.04418067111497029,2024-04-10T03:43:00Z,2024-04-10T18:24:00Z,14.683333333333334,5.3,-26,133,3.62,2.12385164096709,0.558708570533166,447,12.2,2.65030752313194,1.08635983067475,28,0.745622596199295,1.44715803134222,-0.127480939098327,0.822857142857143,0,0.0372032597141845,0.2920454159132827,0.0373588184187663,0.29243864591039065,0.16713483146067418,0.5701648649469447,0.16735537190082647,0.5706142293223242,0.19858156028368792,0.993127102806935,0.19858156028368765,0.9930194977665288,0.0498753117206983,3
2020-04-26,Bremen,0,0,684864,1629,18.085714285714285,11.614285714285714,0,676463,0.0081269386481926,2024-04-10T03:43:00Z,2024-04-10T18:24:00Z,14.683333333333334,5.84,-22,33,4.88,1.51851393987789,0.688419822002711,192,28.4,2.28330122870355,1.45331834004704,3,0.438043173535184,0.477121254719662,-0.358483083322241,0.822857142857143,1,0.11814621409921673,0.578446214365427,0.11832229580573951,0.5799420994327381,0.47826086956521735,0.9968544896793369,0.4784313725490196,0.9968301674390622,0.15000000000000002,0.9918667288873609,0.1500000000000002,0.9917990817681682,0.0498753117206983,3
2020-04-26,Hamburg,0,0,1892122,2438,16.9,10.5,0,1853935,0.02227293437000538,2024-04-10T03:43:00Z,2024-04-10T18:24:00Z,14.683333333333334,5.26,-25,46,2.48,1.66275783168157,0.394451680826216,296,16,2.47129171105894,1.20411998265592,50,2.64253573501074,1.69897000433602,0.422020868983452,0.822857142857143,2,0.09235255994815295,0.5837398255678582,0.09249249249249249,0.5832599944397765,0.27439024390243905,0.749839851612102,0.2745762711864407,0.7534067750689475,0.8474576271186441,0.9992936876729901,0.8474576271186424,0.9992847127512342,0.0498753117206983,3
2020-05-03,Berlin,1,0,3755251,4090,18.8,12.942857142857145,2.0285714285714285,3677472,0.04418067111497029,2024-04-10T03:29:00Z,2024-04-10T18:36:00Z,15.116666666666667,5.58,-23,100,2.72,2,0.434568904034199,333,9.1,2.52244423350632,0.959041392321094,29,0.772251974634984,1.46239799789896,-0.11224097254159,0.825714285714286,0,0.023739222865241532,0.2215535910263986,0.023892267593397076,0.22219561820229627,0.1207865168539326,0.49794010350775053,0.12086776859504135,0.4982533620290448,0.20567375886524822,0.9932762959842213,0.20567375886524786,0.9931710267764953,0.05486284289276814,4
2020-05-03,Bremen,1,0,684864,1629,15.871428571428572,11.014285714285714,2.3285714285714283,676463,0.0081269386481926,2024-04-10T03:29:00Z,2024-04-10T18:36:00Z,15.116666666666667,5.96,-20,24,3.55,1.38021124171161,0.550228353055094,143,21.1,2.15533603746506,1.32428245529769,3,0.438043173535184,0.477121254719662,-0.358483083322241,0.825714285714286,1,0.08616187989556137,0.518843612525568,0.08609271523178809,0.5200370079307114,0.3478260869565217,0.9954964352688529,0.3480392156862745,0.9954620515686052,0.15000000000000002,0.9918667288873609,0.1500000000000002,0.9917990817681682,0.05486284289276814,4
2020-05-03,Hamburg,1,0,1892122,2438,15.542857142857144,10.742857142857142,1.9428571428571424,1853935,0.02227293437000538,2024-04-10T03:29:00Z,2024-04-10T18:36:00Z,15.116666666666667,5.44,-23,27,1.46,1.43136376415899,0.164352855784437,153,8.3,2.1846914308176,0.919078092376074,30,1.58552144100645,1.47712125471966,0.200172119367098,0.825714285714286,2,0.04601425793907973,0.4667385586494516,0.046246246246246236,0.4666701088573597,0.1585365853658537,0.6454900239047291,0.1593220338983051,0.6511597168283962,0.5084745762711865,0.9971138027134835,0.5084745762711873,0.9970771285768045,0.05486284289276814,4
2020-05-10,Berlin,1,1,3755251,4090,18.014285714285712,12.314285714285717,0.9428571428571428,3677472,0.04418067111497029,2024-04-10T03:17:00Z,2024-04-10T18:48:00Z,15.516666666666667,5.9,-18,73,1.99,1.86332286012046,0.298853076409707,272,7.4,2.4345689040342,0.869231719730976,11,0.29292316279258,1.04139268515823,-0.533246285282321,0.887142857142857,0,0.016534782095193126,0.17310737667383935,0.016507384882710682,0.17264660235056822,0.08286516853932585,0.41823608226983366,0.08316115702479342,0.4191447638726677,0.07801418439716311,0.9891548223557599,0.07801418439716296,0.9889850255807118,0.1620947630922693,5
2020-05-10,Bremen,0,0,684864,1629,18.7,11.4,0.1,676463,0.0081269386481926,2024-04-10T03:17:00Z,2024-04-10T18:48:00Z,15.516666666666667,6.63,-11,25,3.7,1.39794000867204,0.568201724066995,170,25.1,2.23044892137827,1.39967372148104,2,0.292028782356789,0.301029995663981,-0.534574342377923,0.887142857142857,1,0.10378590078328984,0.5538290899791914,0.10375275938189846,0.5550375095968952,0.3623188405797101,0.9956705217507675,0.36274509803921573,0.99563999058549435,0.1,0.9901284320599426,0.09999999999999999,0.9900463269482584,0.1620947630922693,5
2020-05-10,Hamburg,0,0,1892122,2438,17.728571428571428,11.085714285714284,0.14285714285714288,1853935,0.02227293437000538,2024-04-10T03:17:00Z,2024-04-10T18:48:00Z,15.516666666666667,6.11,-13,13,0.7,1.11394335230684,-0.154901959985743,93,5,1.96848294855394,0.698970004336019,35,1.84977501450752,1.5440680443502799,0.26711890899771,0.887142857142857,2,0.02657161373946855,0.378473933359997,0.02642642642642642,0.37663991443520123,0.0731707317073171,0.5023456224850943,0.07344632768361584,0.5092951691250208,0.5932203389830508,0.9977716216106167,0.5932203389830502,0.9977433062026554,0.1620947630922693,5
2020-05-17,Berlin,0,0,3755251,4090,15.32857142857143,9.7,1.1857142857142855,3677472,0.04418067111497029,2024-04-10T03:06:00Z,2024-04-10T18:59:00Z,15.883333333333333,5.7700000000000005,-20,30,0.82,1.47712125471966,-0.0861861476162833,198,5.4,2.29666519026153,0.732393759822969,16,0.426070054971026,1.20411998265592,-0.370518987784621,0.892857142857143,0,0.007794968702019617,0.09708020365977744,0.007819287576020848,0.09715154653910654,0.022471910112359564,0.19302050498960258,0.022727272727272735,0.19470584778548947,0.11347517730496455,0.9907478575146311,0.11347517730496444,0.9906030019845665,0.17206982543640909,6
2020-05-17,Bremen,0,0,684864,1629,13.957142857142856,8.585714285714285,0.22857142857142856,676463,0.0081269386481926,2024-04-10T03:06:00Z,2024-04-10T18:59:00Z,15.883333333333333,6.2700000000000005,-16,19,2.81,1.27875360095283,0.44870631990508,127,18.8,2.10380372095596,1.27415784926368,4,0.584057564713578,0.602059991327962,-0.233544346713941,0.892857142857143,1,0.07571801566579636,0.49484130288924255,0.07593818984547462,0.49676658887787645,0.27536231884057966,0.9945001785194432,0.2754901960784314,0.9944569685065949,0.2,0.9931000701141347,0.19999999999999998,0.993042681103865,0.17206982543640909,6
2020-05-17,Hamburg,0,0,1892122,2438,13.1,8.32857142857143,1.042857142857143,1853935,0.02227293437000538,2024-04-10T03:06:00Z,2024-04-10T18:59:00Z,15.883333333333333,5.74,-18,2,0.11,0.301029995663981,-0.958607314841775,47,2.5,1.67209785793572,0.397940008672038,16,0.845611435203438,1.20411998265592,-0.0728291526966411,0.892857142857143,2,0.0116655865197667,0.2574781301847277,0.011411411411411387,0.25351045891243185,0.006097560975609773,0.13575295390501496,0.006779661016949156,0.15215945488881458,0.2711864406779661,0.9944312932653704,0.27118644067796593,0.9943605331988759,0.17206982543640909,6
2020-05-24,Berlin,1,1,3755251,4090,20.742857142857144,15.1,0.9857142857142857,3677472,0.04418067111497029,2024-04-10T02:57:00Z,2024-04-10T19:09:00Z,16.2,5.8500000000000005,-19,34,0.92,1.53147891704226,-0.0362121726544447,185,5,2.26717172840301,0.698970004336019,10,0.266293784356891,1,-0.574638970440546,0.865714285714286,0,0.006259596078894554,0.08082027514764527,0.006081668114682911,0.07871128122374907,0.02808988764044943,0.224719472907879,0.0278925619834711,0.22383561969736554,0.07092198581560284,0.9887496045232812,0.0709219858156027,0.9885734634832146,0.12468827930174574,7
2020-05-24,Bremen,1,1,684864,1629,20.07142857142857,15.22857142857143,1.1857142857142855,676463,0.0081269386481926,2024-04-10T02:57:00Z,2024-04-10T19:09:00Z,16.2,6.29,-16,11,1.63,1.04139268515823,0.212187604403958,81,12,1.90848501887865,1.07918124604762,4,0.584057564713578,0.602059991327962,-0.233544346713941,0.865714285714286,1,0.04569190600522195,0.4038673222377731,0.04591611479028696,0.4062484258172601,0.1594202898550724,0.9921694283399795,0.1598039215686274,0.9921153984313841,0.2,0.9931000701141347,0.19999999999999998,0.993042681103865,0.12468827930174574,7
2020-05-24,Hamburg,1,5,1892122,2438,19.02857142857143,14.128571428571428,1.8000000000000005,1853935,0.02227293437000538,2024-04-10T02:57:00Z,2024-04-10T19:09:00Z,16.2,5.83,-17,5,0.27,0.698970004336019,-0.568636235841013,26,1.4,1.41497334797082,0.146128035678238,9,0.475656432301934,0.954242509439325,-0.322706625913241,0.865714285714286,2,0.004860661049902794,0.15251000734711317,0.004804804804804782,0.15051251327431645,0.024390243902439056,0.31520859763600334,0.024858757062146904,0.3254475871488631,0.15254237288135591,0.9919759981756917,0.1525423728813559,0.9918740393314399,0.12468827930174574,7
2020-05-31,Berlin,0,0,3755251,4090,20.02857142857143,14.614285714285714,0.07142857142857144,3677472,0.04418067111497029,2024-04-10T02:49:00Z,2024-04-10T19:18:00Z,16.483333333333334,6.44,-11,22,0.6,1.34242268082221,-0.221848749616356,165,4.5,2.21748394421391,0.653212513775344,7,0.186405649049824,0.845098040014257,-0.729540930426288,0.902857142857143,0,0.003897484351009827,0.053427091440801815,0.0039096437880104425,0.053466354260551636,0.011235955056179766,0.11447029531955977,0.011363636363636385,0.1156282747837128,0.04964539007092198,0.9872331762888674,0.04964539007092198,0.9870332933948414,0.1895261845386535,8
2020-05-31,Bremen,0,0,684864,1629,20.5,14.614285714285714,0,676463,0.0081269386481926,2024-04-10T02:49:00Z,2024-04-10T19:18:00Z,16.483333333333334,6.96,-7,17,2.51,1.2304489213782701,0.399673721481038,130,19.2,2.11394335230684,1.28330122870355,2,0.292028782356789,0.301029995663981,-0.534574342377923,0.902857142857143,1,0.0776762402088773,0.4995640591666363,0.07770419426048565,0.5010114156797164,0.24637681159420285,0.9940258538387752,0.24607843137254898,0.9939715385695336,0.1,0.9901284320599426,0.09999999999999999,0.9900463269482584,0.1895261845386535,8
2020-05-31,Hamburg,0,0,1892122,2438,19.785714285714285,13.928571428571429,0,1853935,0.02227293437000538,2024-04-10T02:49:00Z,2024-04-10T19:18:00Z,16.483333333333334,6.45,-8,1,0.05,0,-1.30102999566398,11,0.6,1.04139268515823,-0.221848749616356,11,0.581357861702364,1.04139268515823,-0.235556450194341,0.902857142857143,2,0,0,0,0,0,0,0,0,0.18644067796610173,0.9928323354667359,0.18644067796610167,0.9927412578713168,0.1895261845386535,8
2020-06-07,Berlin,1,0,3755251,4090,23.042857142857144,16.942857142857143,2.0714285714285716,3677472,0.04418067111497029,2024-04-10T02:45:00Z,2024-04-10T19:25:00Z,16.666666666666668,6.28,-13,28,0.76,1.44715803134222,-0.119186407719209,209,5.7,2.32014628611105,0.755874855672491,7,0.186405649049824,0.845098040014257,-0.729540930426288,0.938571428571429,0,0.009094130152356227,0.11002547748796718,0.009122502172024366,0.11010633366736947,0.019662921348314617,0.17554728748931742,0.019628099173553726,0.1754700345333945,0.04964539007092198,0.9872331762888674,0.04964539007092198,0.9870332933948414,0.25187032418952626,9
2020-06-07,Bremen,1,0,684864,1629,21.4,15.4,1.9285714285714288,676463,0.0081269386481926,2024-04-10T02:45:00Z,2024-04-10T19:25:00Z,16.666666666666668,6.53,-12,8,1.18,0.903089986991944,0.0718820073061254,92,13.6,1.96378782734556,1.13353890837022,3,0.438043173535184,0.477121254719662,-0.358483083322241,0.938571428571429,1,0.052872062663185386,0.42962582141850636,0.05298013245033112,0.4314840472228606,0.1159420289855072,0.9908113739294956,0.1156862745098039,0.9907263523812534,0.15000000000000002,0.9918667288873609,0.1500000000000002,0.9917990817681682,0.25187032418952626,9
2020-06-07,Hamburg,1,0,1892122,2438,21.228571428571428,14.971428571428572,2.8,1853935,0.02227293437000538,2024-04-10T02:45:00Z,2024-04-10T19:25:00Z,16.666666666666668,6.1000000000000005,-13,2,0.11,0.301029995663981,-0.958607314841775,32,1.7,1.50514997831991,0.230448921378274,2,0.10570142940043,0.301029995663981,-0.975919139688584,0.938571428571429,2,0.0068049254698639055,0.18932357915657388,0.006606606606606605,0.18500204885213384,0.006097560975609773,0.13575295390501496,0.006779661016949156,0.15215945488881458,0.03389830508474576,0.9855575345305155,0.033898305084745825,0.9853740179860707,0.25187032418952626,9
2020-06-14,Berlin,0,0,3755251,4090,24.542857142857144,18.757142857142856,2.685714285714286,3677472,0.04418067111497029,2024-04-10T02:42:00Z,2024-04-10T19:30:00Z,16.8,6.92,-4,43,1.17,1.63346845557959,0.0681858617461616,333,9.1,2.52244423350632,0.959041392321094,3,0.0798881353070674,0.477121254719662,-1.09751771572088,1.07857142857143,0,0.023739222865241532,0.2215535910263986,0.023892267593397076,0.22219561820229627,0.0407303370786517,0.2841952298105256,0.04080578512396694,0.2846891125896181,0.02127659574468084,0.9836308307350676,0.021276595744680837,0.9833745479665804,0.49625935162094753,10
2020-06-14,Bremen,0,0,684864,1629,21.257142857142856,16.914285714285715,1.2428571428571429,676463,0.0081269386481926,2024-04-10T02:42:00Z,2024-04-10T19:30:00Z,16.8,7.11,-5,14,2.07,1.14612803567824,0.315970345456918,72,10.6,1.85733249643127,1.02530586526477,2,0.292028782356789,0.301029995663981,-0.534574342377923,1.07857142857143,1,0.03981723237597913,0.3800419100375629,0.03973509933774833,0.3812367042967486,0.20289855072463764,0.9931978703486544,0.20294117647058824,0.9931428628341824,0.1,0.9901284320599426,0.09999999999999999,0.9900463269482584,0.49625935162094753,10
2020-06-14,Hamburg,0,0,1892122,2438,20.95714285714286,16.15714285714286,3.5142857142857142,1853935,0.02227293437000538,2024-04-10T02:42:00Z,2024-04-10T19:30:00Z,16.8,6.59,-6,1,0.05,0,-1.30102999566398,24,1.3,1.38021124171161,0.113943352306837,1,0.0528507147002149,0,-1.27694913535257,1.07857142857143,2,0.004212572909915758,0.13831877742348864,0.004204204204204163,0.13734810242897047,0,0,0,0,0.01694915254237288,0.9825996149522305,0.016949152542372864,0.9823785129151356,0.49625935162094753,10
2020-06-21,Berlin,0,0,3755251,4090,24.6,19.871428571428577,0.9428571428571428,3677472,0.04418067111497029,2024-04-10T02:43:00Z,2024-04-10T19:33:00Z,16.833333333333332,7.26,1,45,1.22,1.65321251377534,0.0863598306747482,503,13.7,2.70156798505593,1.13672056715641,3,0.0798881353070674,0.477121254719662,-1.09751771572088,1.30857142857143,0,0.04381717255226173,0.3203056266129048,0.04387489139878367,0.3202232359024155,0.04353932584269665,0.29570908527416945,0.043388429752066124,0.29528269795134926,0.02127659574468084,0.9836308307350676,0.021276595744680837,0.9833745479665804,0.8977556109725683,11
2020-06-21,Bremen,0,0,684864,1629,24.3,19.15714285714286,0.8999999999999999,676463,0.0081269386481926,2024-04-10T02:43:00Z,2024-04-10T19:33:00Z,16.833333333333332,7.51,1,8,1.18,0.903089986991944,0.0718820073061254,55,8.1,1.74036268949424,0.90848501887865,3,0.438043173535184,0.477121254719662,-0.358483083322241,1.30857142857143,1,0.028720626631853798,0.32556065023028025,0.02869757174392936,0.3270024615843526,0.1159420289855072,0.9908113739294956,0.1156862745098039,0.9907263523812534,0.15000000000000002,0.9918667288873609,0.1500000000000002,0.9917990817681682,0.8977556109725683,11
2020-06-21,Hamburg,0,0,1892122,2438,24.457142857142856,18.82857142857143,0.01428571428571428,1853935,0.02227293437000538,2024-04-10T02:43:00Z,2024-04-10T19:33:00Z,16.833333333333332,7.140000000000001,2,2,0.11,0.301029995663981,-0.958607314841775,28,1.5,1.44715803134222,0.176091259055681,4,0.21140285880086,0.602059991327962,-0.674889144024602,1.30857142857143,2,0.005508749189889832,0.16564903403142325,0.005405405405405401,0.16276828656373266,0.006097560975609773,0.13575295390501496,0.006779661016949156,0.15215945488881458,0.06779661016949153,0.9885154541088004,0.06779661016949162,0.9883695230570058,0.8977556109725683,11
2020-06-28,Berlin,0,4,3755251,4090,27.685714285714287,21.82857142857143,1.0142857142857142,3677472,0.04418067111497029,2024-04-10T02:46:00Z,2024-04-10T19:33:00Z,16.783333333333335,7.33,2,17,0.46,1.2304489213782701,-0.337242168318426,333,9.1,2.52244423350632,0.959041392321094,2,0.0532587568713782,0.301029995663981,-1.27360897477656,0.807142857142857,0,0.023739222865241532,0.2215535910263986,0.023892267593397076,0.22219561820229627,0.004213483146067424,0.04917218541856162,0.004132231404958703,0.04836558516397097,0.014184397163120551,0.9819069677375298,0.01418439716312053,0.9816236954270353,0.02244389027431432,12
2020-06-28,Bremen,0,0,684864,1629,27.257142857142856,21.071428571428573,0.2142857142857143,676463,0.0081269386481926,2024-04-10T02:46:00Z,2024-04-10T19:33:00Z,16.783333333333335,7.56,2,3,0.44,0.477121254719662,-0.356547323513813,17,2.5,1.2304489213782701,0.397940008672038,1,0.146014391178395,0,-0.835604338041902,0.807142857142857,1,0.0039164490861619,0.08805709946359828,0.003973509933774815,0.0899812204641729,0.04347826086956517,0.9866286014799293,0.04313725490196078,0.9864848389844593,0.04999999999999999,0.9871567940057502,0.05000000000000018,0.9870499727926523,0.02244389027431432,12
2020-06-28,Hamburg,0,4,1892122,2438,26.757142857142856,20.88571428571429,1.1714285714285717,1853935,0.02227293437000538,2024-04-10T02:46:00Z,2024-04-10T19:33:00Z,16.783333333333335,7.11,1,10,0.54,1,-0.267606240177031,45,2.4,1.65321251377534,0.380211241711606,9.999999999999998e-101,9.999999999999998e-101,-100,-100,0.807142857142857,2,0.011017498379779663,0.24976840571728057,0.010810810810810803,0.24625891104553865,0.05487804878048781,0.4509615515410183,0.05536723163841809,0.4592137265162387,0,0,0,0,0.02244389027431432,12
2020-07-05,Berlin,0,5,3755251,4090,25.17142857142857,20.085714285714285,0.3714285714285714,3677472,0.04418067111497029,2024-04-10T02:51:00Z,2024-04-10T19:30:00Z,16.65,6.8500000000000005,-5,35,0.95,1.5440680443502799,-0.0222763947111523,264,7.2,2.42160392686983,0.857332496431269,2,0.0532587568713782,0.301029995663981,-1.27360897477656,0.925714285714286,0,0.015589937404039234,0.16595970432308876,0.01563857515204173,0.16608166578085903,0.029494382022471906,0.23206089131339744,0.02944214876033062,0.23195876846054989,0.014184397163120551,0.9819069677375298,0.01418439716312053,0.9816236954270353,0.22942643391521197,13
2020-07-05,Bremen,0,0,684864,1629,22.257142857142856,17.17142857142857,2.142857142857143,676463,0.0081269386481926,2024-04-10T02:51:00Z,2024-04-10T19:30:00Z,16.65,7.09,-5,3,0.44,0.477121254719662,-0.356547323513813,17,2.5,1.2304489213782701,0.397940008672038,3,0.438043173535184,0.477121254719662,-0.358483083322241,0.925714285714286,1,0.0039164490861619,0.08805709946359828,0.003973509933774815,0.0899812204641729,0.04347826086956517,0.9866286014799293,0.04313725490196078,0.9864848389844593,0.15000000000000002,0.9918667288873609,0.1500000000000002,0.9917990817681682,0.22942643391521197,13
2020-07-05,Hamburg,0,5,1892122,2438,20.757142857142856,16.742857142857144,4.557142857142857,1853935,0.02227293437000538,2024-04-10T02:51:00Z,2024-04-10T19:30:00Z,16.65,6.63,-6,1,0.05,0,-1.30102999566398,27,1.5,1.43136376415899,0.176091259055681,1,0.0528507147002149,0,-1.27694913535257,0.925714285714286,2,0.0051847051198962955,0.15920120617539388,0.005405405405405401,0.16276828656373266,0,0,0,0,0.01694915254237288,0.9825996149522305,0.016949152542372864,0.9823785129151356,0.22942643391521197,13
2020-07-12,Berlin,0,5,3755251,4090,21.2,16.34285714285714,2.1428571428571432,3677472,0.04418067111497029,2024-04-10T02:58:00Z,2024-04-10T19:25:00Z,16.45,6.71,-7,14,0.38,1.14612803567824,-0.42021640338319,190,5.2,2.27875360095283,0.716003343634799,2,0.0532587568713782,0.301029995663981,-1.27360897477656,1.02571428571429,0,0.006850124010865727,0.08720543334304497,0.006950477845351898,0.08810876787059385,0,0,0,0,0.014184397163120551,0.9819069677375298,0.01418439716312053,0.9816236954270353,0.403990024937656,14
2020-07-12,Bremen,0,0,684864,1629,18.47142857142857,14.057142857142855,3.3142857142857145,676463,0.0081269386481926,2024-04-10T02:58:00Z,2024-04-10T19:25:00Z,16.45,7.16,-4,1,0.15,0,-0.823908740944319,11,1.6,1.04139268515823,0.204119982655925,2,0.292028782356789,0.301029995663981,-0.534574342377923,1.02571428571429,1,0,0,0,0,0.014492753623188368,0.9819435401405718,0.014705882352941173,0.981857892203336,0.1,0.9901284320599426,0.09999999999999999,0.9900463269482584,0.403990024937656,14
2020-07-12,Hamburg,0,5,1892122,2438,17.57142857142857,13.4,5.5,1853935,0.02227293437000538,2024-04-10T02:58:00Z,2024-04-10T19:25:00Z,16.45,6.59,-6,2,0.11,0.301029995663981,-0.958607314841775,17,0.9,1.2304489213782701,-0.0457574905606751,9.999999999999998e-101,9.999999999999998e-101,-100,-100,1.02571428571429,2,0.0019442644199611108,0.07718003324331939,0.0018018018018017888,0.07202611421503353,0.006097560975609773,0.13575295390501496,0.006779661016949156,0.15215945488881458,0,0,0,0,0.403990024937656,14
2020-07-19,Berlin,0,5,3755251,4090,24.414285714285715,18.87142857142857,1.0571428571428572,3677472,0.04418067111497029,2024-04-10T03:07:00Z,2024-04-10T19:17:00Z,16.166666666666668,6.94,-4,15,0.41,1.17609125905568,-0.387216143280265,132,3.6,2.12057393120585,0.556302500767287,4,0.106517513742756,0.602059991327962,-0.972578979112585,1.18714285714286,0,0,0,0,0,0.001404494382022475,0.017473217500285323,0.0015495867768595215,0.019235813252094898,0.02836879432624113,0.9848539309965636,0.02836879432624096,0.984616797612879,0.6857855361596008,15
2020-07-19,Bremen,0,4,684864,1629,23.314285714285713,17.585714285714285,0.7857142857142857,676463,0.0081269386481926,2024-04-10T03:07:00Z,2024-04-10T19:17:00Z,16.166666666666668,7.53,1,12,1.77,1.07918124604762,0.247973266361807,29,4.3,1.46239799789896,0.633468455579587,9.999999999999998e-101,9.999999999999998e-101,-100,-100,1.18714285714286,1,0.011749347258485641,0.19609248253289008,0.011920529801324476,0.1993256341575781,0.17391304347826084,0.992540490672545,0.17352941176470588,0.9924696817488144,0,0,0,0,0.6857855361596008,15
2020-07-19,Hamburg,0,5,1892122,2438,22.957142857142856,17.3,1,1853935,0.02227293437000538,2024-04-10T03:07:00Z,2024-04-10T19:17:00Z,16.166666666666668,6.94,-1,2,0.11,0.301029995663981,-0.958607314841775,15,0.8,1.17609125905568,-0.0969100130080564,1,0.0528507147002149,0,-1.27694913535257,1.18714285714286,2,0.0012961762799740739,0.05498914301421454,0.0012012012012011697,0.05110334130773578,0.006097560975609773,0.13575295390501496,0.006779661016949156,0.15215945488881458,0.01694915254237288,0.9825996149522305,0.016949152542372864,0.9823785129151356,0.6857855361596008,15
2020-07-26,Berlin,0,5,3755251,4090,24.485714285714284,18.771428571428572,2.757142857142857,3677472,0.04418067111497029,2024-04-10T03:17:00Z,2024-04-10T19:07:00Z,15.833333333333334,6.88,-4,16,0.44,1.20411998265592,-0.356547323513813,215,5.8,2.33243845991561,0.763427993562937,2,0.0532587568713782,0.301029995663981,-1.27360897477656,1.16857142857143,0,0.009802763670721627,0.11680222917210312,0.009556907037358823,0.11427348558175213,0.00280898876404495,0.033818320880955786,0.003099173553719011,0.03711263264229521,0.014184397163120551,0.9819069677375298,0.01418439716312053,0.9816236954270353,0.6533665835411472,16
2020-07-26,Bremen,0,5,684864,1629,22.728571428571428,17.400000000000002,1.3142857142857145,676463,0.0081269386481926,2024-04-10T03:17:00Z,2024-04-10T19:07:00Z,15.833333333333334,7.28,-2,7,1.03,0.845098040014257,0.0128372247051722,29,4.3,1.46239799789896,0.633468455579587,9.999999999999998e-101,9.999999999999998e-101,-100,-100,1.16857142857143,1,0.011749347258485641,0.19609248253289008,0.011920529801324476,0.1993256341575781,0.1014492753623188,0.9902419257523465,0.10098039215686276,0.9901418003480547,0,0,0,0,0.6533665835411472,16
2020-07-26,Hamburg,0,5,1892122,2438,21.642857142857142,16.65714285714286,1.7,1853935,0.02227293437000538,2024-04-10T03:17:00Z,2024-04-10T19:07:00Z,15.833333333333334,6.73,-4,12,0.65,1.07918124604762,-0.187086643357144,90,4.9,1.95424250943932,0.690196080028514,9.999999999999998e-101,9.999999999999998e-101,-100,-100,1.16857142857143,2,0.025599481529488013,0.3726604379353562,0.0258258258258258,0.3730511407636665,0.06707317073170736,0.48666924911160636,0.06779661016949153,0.4949935350574333,0,0,0,0,0.6533665835411472,16
2020-08-02,Berlin,0,5,3755251,4090,25.88571428571429,20.285714285714285,0.4000000000000001,3677472,0.04418067111497029,2024-04-10T03:28:00Z,2024-04-10T18:56:00Z,15.466666666666669,6.97,-3,19,0.52,1.27875360095283,-0.283996656365201,334,9.1,2.52374646681156,0.959041392321094,9.999999999999998e-101,9.999999999999998e-101,-100,-100,1.09142857142857,0,0.02385732845163576,0.22227152032716951,0.023892267593397076,0.22219561820229627,0.007022471910112374,0.07734132335994846,0.007231404958677714,0.07940233218505394,0,0,0,0,0.5187032418952618,17
2020-08-02,Bremen,0,5,684864,1629,24.4,18.771428571428572,0.2,676463,0.0081269386481926,2024-04-10T03:28:00Z,2024-04-10T18:56:00Z,15.466666666666669,7.33,-2,3,0.44,0.477121254719662,-0.356547323513813,35,5.2,1.5440680443502799,0.716003343634799,1,0.146014391178395,0,-0.835604338041902,1.09142857142857,1,0.015665796344647542,0.23413210263402215,0.01589403973509935,0.2376425723539672,0.04347826086956517,0.9866286014799293,0.04313725490196078,0.9864848389844593,0.04999999999999999,0.9871567940057502,0.05000000000000018,0.9870499727926523,0.5187032418952618,17
2020-08-02,Hamburg,0,5,1892122,2438,23.057142857142857,18,0.5571428571428572,1853935,0.02227293437000538,2024-04-10T03:28:00Z,2024-04-10T18:56:00Z,15.466666666666669,6.96,-1,8,0.43,0.903089986991944,-0.366531544420413,112,6,2.04921802267018,0.778151250383644,9.999999999999998e-101,9.999999999999998e-101,-100,-100,1.09142857142857,2,0.03272845106934542,0.4114330984675745,0.032432432432432406,0.40902719760927136,0.0426829268292683,0.4072588617150449,0.04293785310734462,0.41525513028003114,0,0,0,0,0.5187032418952618,17
2020-08-09,Berlin,0,5,3755251,4090,30.214285714285715,23.15714285714286,0.07142857142857144,3677472,0.04418067111497029,2024-04-10T03:39:00Z,2024-04-10T18:43:00Z,15.066666666666666,7.15,-1,17,0.46,1.2304489213782701,-0.337242168318426,377,10.3,2.57634135020579,1.01283722470517,1,0.0266293784356891,0,-1.57463897044055,1.16285714285714,0,0.028935868666587934,0.25126740586263174,0.02910512597741096,0.2518753895975317,0.004213483146067424,0.04917218541856162,0.004132231404958703,0.04836558516397097,0.00709219858156029,0.9789600044784962,0.007092198581560279,0.9786305932411916,0.6433915211970074,18
2020-08-09,Bremen,0,5,684864,1629,29.142857142857142,22.11428571428571,0,676463,0.0081269386481926,2024-04-10T03:39:00Z,2024-04-10T18:43:00Z,15.066666666666666,7.47,0,9.999999999999998e-101,9.999999999999998e-101,-100,-100,21,3.1,1.32221929473392,0.491361693834273,9.999999999999998e-101,9.999999999999998e-101,-100,-100,1.16285714285714,1,0.006527415143603157,0.1308011689318164,0.0066225165562913794,0.13335236957349553,0,0,0,0,0,0,0,0,0.6433915211970074,18
2020-08-09,Hamburg,0,3,1892122,2438,28.38571428571429,21.571428571428573,0,1853935,0.02227293437000538,2024-04-10T03:39:00Z,2024-04-10T18:43:00Z,15.066666666666666,7.24,3,11,0.59,1.04139268515823,-0.229147988357856,271,14.6,2.43296929087441,1.16435285578444,1,0.0528507147002149,0,-1.27694913535257,1.16285714285714,2,0.08425145819831496,0.5680951384475449,0.08408408408408409,0.5669941579785596,0.06097560975609758,0.4696280610624204,0.06101694915254237,0.47630309284773154,0.01694915254237288,0.9825996149522305,0.016949152542372864,0.9823785129151356,0.6433915211970074,18
2020-08-16,Berlin,0,0,3755251,4090,31.27142857142857,25.142857142857142,0.3,3677472,0.04418067111497029,2024-04-10T03:51:00Z,2024-04-10T18:29:00Z,14.633333333333333,7.22,0,22,0.6,1.34242268082221,-0.221848749616356,544,14.8,2.73559889969818,1.17026171539496,9.999999999999998e-101,9.999999999999998e-101,-100,-100,1.14142857142857,0,0.04865950159442541,0.33906708099692806,0.048653344917463065,0.33872826813142726,0.011235955056179766,0.11447029531955977,0.011363636363636385,0.1156282747837128,0,0,0,0,0.6059850374064838,19
2020-08-16,Bremen,0,5,684864,1629,31.485714285714288,24.771428571428572,2.371428571428571,676463,0.0081269386481926,2024-04-10T03:51:00Z,2024-04-10T18:29:00Z,14.633333333333333,7.34,-1,1,0.15,0,-0.823908740944319,38,5.6,1.57978359661681,0.7481880270062,9.999999999999998e-101,9.999999999999998e-101,-100,-100,1.14142857142857,1,0.01762402088772846,0.2507674065055696,0.017660044150110382,0.25258435700614185,0.014492753623188368,0.9819435401405718,0.014705882352941173,0.981857892203336,0,0,0,0,0.6059850374064838,19
2020-08-16,Hamburg,0,0,1892122,2438,31.757142857142856,24.042857142857144,0,1853935,0.02227293437000538,2024-04-10T03:51:00Z,2024-04-10T18:29:00Z,14.633333333333333,7.18,2,5,0.27,0.698970004336019,-0.568636235841013,195,10.5,2.29003461136252,1.02118929906994,2,0.10570142940043,0.301029995663981,-0.975919139688584,1.14142857142857,2,0.0596241088788075,0.5097437000770563,0.05945945945945945,0.508436369575852,0.024390243902439056,0.31520859763600334,0.024858757062146904,0.3254475871488631,0.03389830508474576,0.9855575345305155,0.033898305084745825,0.9853740179860707,0.6059850374064838,19
2020-08-23,Berlin,0,0,3755251,4090,29.085714285714285,23.12857142857143,1.0714285714285716,3677472,0.04418067111497029,2024-04-10T04:03:00Z,2024-04-10T18:14:00Z,14.183333333333334,7.15,-1,25,0.68,1.39794000867204,-0.167491087293764,467,12.7,2.66931688056611,1.10380372095596,1,0.0266293784356891,0,-1.57463897044055,0.988571428571429,0,0.039565371442069223,0.30252539260859235,0.03953084274543877,0.302062638194653,0.01544943820224719,0.14684552852911592,0.015495867768595054,0.1473132929622558,0.00709219858156029,0.9789600044784962,0.007092198581560279,0.9786305932411916,0.3391521197007481,20
2020-08-23,Bremen,0,5,684864,1629,25.428571428571427,20.057142857142857,7.257142857142857,676463,0.0081269386481926,2024-04-10T04:03:00Z,2024-04-10T18:14:00Z,14.183333333333334,7.25,-3,2,0.3,0.301029995663981,-0.522878745280338,58,8.6,1.76342799356294,0.934498451243568,9.999999999999998e-101,9.999999999999998e-101,-100,-100,0.988571428571429,1,0.030678851174934747,0.33630382281820304,0.030905077262693172,0.3390792342521208,0.028985507246376767,0.9848994847368797,0.029411764705882346,0.9848381334417264,0,0,0,0,0.3391521197007481,20
2020-08-23,Hamburg,0,0,1892122,2438,26.37142857142857,20.742857142857144,1.3857142857142857,1853935,0.02227293437000538,2024-04-10T04:03:00Z,2024-04-10T18:14:00Z,14.183333333333334,7.0200000000000005,0,11,0.59,1.04139268515823,-0.229147988357856,171,9.2,2.23299611039215,0.963787827345555,1,0.0528507147002149,0,-1.27694913535257,0.988571428571429,2,0.05184705119896306,0.4864583883144868,0.051651651651651635,0.4849576064577799,0.06097560975609758,0.4696280610624204,0.06101694915254237,0.47630309284773154,0.01694915254237288,0.9825996149522305,0.016949152542372864,0.9823785129151356,0.3391521197007481,20
2020-08-30,Berlin,0,0,3755251,4090,22.728571428571428,17.65714285714286,3.7285714285714286,3677472,0.04418067111497029,2024-04-10T04:14:00Z,2024-04-10T17:58:00Z,13.733333333333333,7.31,2,19,0.52,1.27875360095283,-0.283996656365201,478,13,2.67942789661212,1.11394335230684,9.999999999999998e-101,9.999999999999998e-101,-100,-100,0.974285714285714,0,0.04086453289240583,0.30809965848764553,0.040834057341442215,0.3076567879120044,0.007022471910112374,0.07734132335994846,0.007231404958677714,0.07940233218505394,0,0,0,0,0.314214463840399,21
2020-08-30,Bremen,0,3,684864,1629,20.457142857142856,15.942857142857145,2.1,676463,0.0081269386481926,2024-04-10T04:14:00Z,2024-04-10T17:58:00Z,13.733333333333333,7.62,2,3,0.44,0.477121254719662,-0.356547323513813,90,13.3,1.95424250943932,1.12385164096709,9.999999999999998e-101,9.999999999999998e-101,-100,-100,0.974285714285714,1,0.051566579634464774,0.4251798796972173,0.05165562913907284,0.4269867196669138,0.04347826086956517,0.9866286014799293,0.04313725490196078,0.9864848389844593,0,0,0,0,0.314214463840399,21
2020-08-30,Hamburg,0,0,1892122,2438,20.314285714285713,15.857142857142858,3.842857142857143,1853935,0.02227293437000538,2024-04-10T04:14:00Z,2024-04-10T17:58:00Z,13.733333333333333,7.22,3,7,0.38,0.845098040014257,-0.42021640338319,206,11.1,2.31386722036915,1.04532297878666,1,0.0528507147002149,0,-1.27694913535257,0.974285714285714,2,0.06318859364873622,0.5194730884970511,0.06306306306306306,0.5183077009583814,0.03658536585365856,0.38110672332910284,0.03728813559322034,0.3913996460114517,0.01694915254237288,0.9825996149522305,0.016949152542372864,0.9823785129151356,0.314214463840399,21
2020-09-06,Berlin,0,0,3755251,4090,20.542857142857144,16,3.642857142857143,3677472,0.04418067111497029,2024-04-10T04:26:00Z,2024-04-10T17:42:00Z,13.266666666666667,7.23,0,22,0.6,1.34242268082221,-0.221848749616356,531,14.4,2.72509452108147,1.15836249209525,9.999999999999998e-101,9.999999999999998e-101,-100,-100,1.04571428571429,0,0.04712412897130035,0.33327595189206294,0.04691572545612512,0.33216333156171807,0.011235955056179766,0.11447029531955977,0.011363636363636385,0.1156282747837128,0,0,0,0,0.4389027431421448,22
2020-09-06,Bremen,0,0,684864,1629,19.9,14.814285714285717,2.0285714285714285,676463,0.0081269386481926,2024-04-10T04:26:00Z,2024-04-10T17:42:00Z,13.266666666666667,7.72,4,6,0.89,0.778151250383644,-0.0506099933550872,77,11.4,1.88649072517248,1.05690485133647,2,0.292028782356789,0.301029995663981,-0.534574342377923,1.04571428571429,1,0.04308093994778069,0.39362299627826675,0.0432671081677704,0.39590657815140295,0.0869565217391304,0.9895845460762371,0.08725490196078432,0.9895136635562135,0.1,0.9901284320599426,0.09999999999999999,0.9900463269482584,0.4389027431421448,22
2020-09-06,Hamburg,0,0,1892122,2438,19.84285714285714,14.614285714285714,3.6,1853935,0.02227293437000538,2024-04-10T04:26:00Z,2024-04-10T17:42:00Z,13.266666666666667,7.16,2,14,0.76,1.14612803567824,-0.119186407719209,256,13.8,2.40823996531185,1.13987908640124,1,0.0528507147002149,0,-1.27694913535257,1.04571428571429,2,0.07939079714841218,0.5579996758108008,0.07927927927927927,0.5569837206728134,0.07926829268292687,0.5168596772341177,0.08022598870056499,0.5251657853788272,0.01694915254237288,0.9825996149522305,0.016949152542372864,0.9823785129151356,0.4389027431421448,22
2020-09-13,Berlin,0,0,3755251,4090,22.87142857142857,16.6,0.24285714285714283,3677472,0.04418067111497029,2024-04-10T04:38:00Z,2024-04-10T17:26:00Z,12.8,7.73,7,25,0.68,1.39794000867204,-0.167491087293764,579,15.7,2.76267856372744,1.19589965240923,9.999999999999998e-101,9.999999999999998e-101,-100,-100,1.12285714285714,0,0.052793197118223695,0.35399626778959714,0.052562988705473504,0.35287300901388946,0.01544943820224719,0.14684552852911592,0.015495867768595054,0.1473132929622558,0,0,0,0,0.5735660847880297,23
2020-09-13,Bremen,0,0,684864,1629,20,15,0.2285714285714286,676463,0.0081269386481926,2024-04-10T04:38:00Z,2024-04-10T17:26:00Z,12.8,8.01,7,3,0.44,0.477121254719662,-0.356547323513813,62,9.2,1.79239168949825,0.963787827345555,9.999999999999998e-101,9.999999999999998e-101,-100,-100,1.12285714285714,1,0.033289817232376,0.3497943011266838,0.03355408388520974,0.3526768684205938,0.04347826086956517,0.9866286014799293,0.04313725490196078,0.9864848389844593,0,0,0,0,0.5735660847880297,23
2020-09-13,Hamburg,0,0,1892122,2438,19.685714285714287,15.214285714285715,0.31428571428571433,1853935,0.02227293437000538,2024-04-10T04:38:00Z,2024-04-10T17:26:00Z,12.8,7.54,7,18,0.97,1.25527250510331,-0.0132282657337552,317,17.1,2.50105926221775,1.23299611039215,1,0.0528507147002149,0,-1.27694913535257,1.12285714285714,2,0.09915748541801685,0.5958920858367831,0.09909909909909911,0.5950711160455336,0.10365853658536589,0.5660796365081676,0.103954802259887,0.5722495039188075,0.01694915254237288,0.9825996149522305,0.016949152542372864,0.9823785129151356,0.5735660847880297,23
2020-09-20,Berlin,0,0,3755251,4090,24.928571428571427,17.585714285714285,0,3677472,0.04418067111497029,2024-04-10T04:49:00Z,2024-04-10T17:09:00Z,12.333333333333334,7.91,10,39,1.06,1.5910646070265,0.0253058652647703,820,22.3,2.91381385238372,1.34830486304816,1,0.0266293784356891,0,-1.57463897044055,1.07571428571429,0,0.08125664343923468,0.4373180901311113,0.08123370981754996,0.43695669376685137,0.03511235955056181,0.25946719373497323,0.03512396694214878,0.25969441248743874,0.00709219858156029,0.9789600044784962,0.007092198581560279,0.9786305932411916,0.4912718204488776,24
2020-09-20,Bremen,0,0,684864,1629,23.15714285714286,15.585714285714284,0,676463,0.0081269386481926,2024-04-10T04:49:00Z,2024-04-10T17:09:00Z,12.333333333333334,8.26,11,4,0.59,0.602059991327962,-0.229147988357856,82,12.1,1.91381385238372,1.08278537031645,9.999999999999998e-101,9.999999999999998e-101,-100,-100,1.07571428571429,1,0.046344647519582255,0.4063493436265544,0.04635761589403974,0.40792164559273614,0.0579710144927536,0.9878554293331876,0.05784313725490195,0.9877461111428629,0,0,0,0,0.4912718204488776,24
2020-09-20,Hamburg,0,0,1892122,2438,22.7,15.057142857142855,0,1853935,0.02227293437000538,2024-04-10T04:49:00Z,2024-04-10T17:09:00Z,12.333333333333334,7.85,12,16,0.86,1.20411998265592,-0.0655015487564323,404,21.8,2.6063813651106,1.3384564936046,1,0.0528507147002149,0,-1.27694913535257,1.07571428571429,2,0.127349319507453,0.6388886225554418,0.12732732732732735,0.6382072810497224,0.09146341463414638,0.5430118156200598,0.09152542372881356,0.5490212696474067,0.01694915254237288,0.9825996149522305,0.016949152542372864,0.9823785129151356,0.4912718204488776,24
2020-09-27,Berlin,0,0,3755251,4090,20.15714285714286,14.957142857142856,5.957142857142857,3677472,0.04418067111497029,2024-04-10T05:01:00Z,2024-04-10T16:52:00Z,11.85,7.3,1,58,1.58,1.76342799356294,0.198657086954423,1088,29.6,3.03662889536216,1.47129171105894,1,0.0266293784356891,0,-1.57463897044055,1.08,0,0.11290894059289006,0.5050267853200169,0.11294526498696786,0.5048099339122861,0.061797752808988776,0.3599818447823036,0.06198347107438019,0.36074063809428114,0.00709219858156029,0.9789600044784962,0.007092198581560279,0.9786305932411916,0.4987531172069826,25
2020-09-27,Bremen,0,0,684864,1629,19.52857142857143,13.657142857142857,1.2857142857142856,676463,0.0081269386481926,2024-04-10T05:01:00Z,2024-04-10T16:52:00Z,11.85,7.76,4,5,0.74,0.698970004336019,-0.130768280269024,150,22.2,2.17609125905568,1.34635297445064,9.999999999999998e-101,9.999999999999998e-101,-100,-100,1.08,1,0.09073107049608356,0.5285108133994231,0.09094922737306842,0.5302832775782806,0.072463768115942,0.9888070309456698,0.07254901960784313,0.9887200847245335,0,0,0,0,0.4987531172069826,25
2020-09-27,Hamburg,0,0,1892122,2438,19.557142857142857,13.82857142857143,2.6142857142857143,1853935,0.02227293437000538,2024-04-10T05:01:00Z,2024-04-10T16:52:00Z,11.85,7.33,4,19,1.02,1.27875360095283,0.00860017176191757,490,26.4,2.69019608002851,1.42160392686983,9.999999999999998e-101,9.999999999999998e-101,-100,-100,1.08,2,0.15521710952689566,0.6731050155873768,0.15495495495495495,0.6722168426666018,0.10975609756097564,0.5766687079243519,0.1096045197740113,0.5819492210708399,0,0,0,0,0.4987531172069826,25
2020-10-04,Berlin,1,0,3755251,4090,19.085714285714285,14.085714285714284,0,3677472,0.04418067111497029,2024-04-10T05:13:00Z,2024-04-10T16:36:00Z,11.383333333333333,7.25,1,79,2.15,1.89762709129044,0.332438459915605,1470,40,3.16731733474818,1.60205999132796,3,0.0798881353070674,0.477121254719662,-1.09751771572088,1.23571428571429,0,0.15802527459548837,0.5770761327981959,0.158123370981755,0.576956278566326,0.09129213483146069,0.4382407821935562,0.09142561983471076,0.4387216448761659,0.02127659574468084,0.9836308307350676,0.021276595744680837,0.9833745479665804,0.7705735660847881,26
2020-10-04,Bremen,1,0,684864,1629,17.371428571428574,13.5,0.08571428571428572,676463,0.0081269386481926,2024-04-10T05:13:00Z,2024-04-10T16:36:00Z,11.383333333333333,7.48,0,11,1.63,1.04139268515823,0.212187604403958,242,35.8,2.38381536598043,1.55388302664387,9.999999999999998e-101,9.999999999999998e-101,-100,-100,1.23571428571429,1,0.15078328981723238,0.6252628841598377,0.1509933774834437,0.6266293970333902,0.1594202898550724,0.9921694283399795,0.1598039215686274,0.9921153984313841,0,0,0,0,0.7705735660847881,26
2020-10-04,Hamburg,1,0,1892122,2438,17.32857142857143,13.728571428571428,0,1853935,0.02227293437000538,2024-04-10T05:13:00Z,2024-04-10T16:36:00Z,11.383333333333333,7.13,1,23,1.24,1.36172783601759,0.0934216851622351,615,33.2,2.78887511577542,1.52113808370404,3,0.158552144100645,0.477121254719662,-0.799827880632902,1.23571428571429,2,0.19572261827608553,0.7133895965757557,0.1957957957957958,0.7129290199028984,0.13414634146341467,0.614086897707087,0.13446327683615822,0.619640635701572,0.05084745762711864,0.9872878065639612,0.050847457627118724,0.9871262761232878,0.7705735660847881,26
2020-10-11,Berlin,0,0,3755251,4090,14.985714285714286,11.428571428571429,1.7428571428571429,3677472,0.04418067111497029,2024-04-10T05:25:00Z,2024-04-10T16:20:00Z,10.916666666666666,7.11,-1,141,3.83,2.14921911265538,0.583198773968623,2367,64.4,3.37419825792908,1.80888586735981,3,0.0798881353070674,0.477121254719662,-1.09751771572088,1.34571428571429,0,0.26396598559111845,0.6911308693219125,0.264118158123371,0.6910644621783589,0.17837078651685395,0.5849580447279816,0.17820247933884298,0.5848895404356602,0.02127659574468084,0.9836308307350676,0.021276595744680837,0.9833745479665804,0.9625935162094761,27
2020-10-11,Bremen,0,0,684864,1629,14.357142857142858,10.82857142857143,3.257142857142857,676463,0.0081269386481926,2024-04-10T05:25:00Z,2024-04-10T16:20:00Z,10.916666666666666,7.55,1,20,2.96,1.30102999566398,0.471291711058939,461,68.1,2.66370092538965,1.83314711191279,1,0.146014391178395,0,-0.835604338041902,1.34571428571429,1,0.293733681462141,0.7556257382824388,0.293598233995585,0.7562781425258629,0.28985507246376807,0.9947189201382856,0.2901960784313726,0.9946805672013145,0.04999999999999999,0.9871567940057502,0.05000000000000018,0.9870499727926523,0.9625935162094761,27
2020-10-11,Hamburg,0,5,1892122,2438,14.614285714285714,10.82857142857143,3.4714285714285715,1853935,0.02227293437000538,2024-04-10T05:25:00Z,2024-04-10T16:20:00Z,10.916666666666666,6.97,-1,26,1.4,1.41497334797082,0.146128035678238,679,36.6,2.8318697742805,1.56348108539441,5,0.264253573501074,0.698970004336019,-0.577979131016548,1.34571428571429,2,0.21646143875567075,0.7309416712338237,0.21621621621621626,0.7302484592226769,0.15243902439024393,0.6380985763901093,0.15254237288135594,0.6430613084923964,0.0847457627118644,0.9894676915234678,0.08474576271186424,0.9893338602977173,0.9625935162094761,27
2020-10-18,Berlin,0,5,3755251,4090,11.142857142857142,8.82857142857143,1.957142857142857,3677472,0.04418067111497029,2024-04-10T05:38:00Z,2024-04-10T16:04:00Z,10.433333333333334,6.34,-12,181,4.92,2.25767857486918,0.69196510276736,3309,90,3.51969676715985,1.95424250943932,5,0.133146892178446,0.698970004336019,-0.875668966104526,1.36428571428571,0,0.37522144797448925,0.7713451001932518,0.37532580364900087,0.7712593716445393,0.23455056179775285,0.648206772989056,0.23450413223140498,0.6482893070545607,0.03546099290780142,0.9858026412642474,0.035460992907801483,0.9855803612973709,0.99501246882793,28
2020-10-18,Bremen,0,5,684864,1629,12.557142857142855,8.6,0.27142857142857146,676463,0.0081269386481926,2024-04-10T05:38:00Z,2024-04-10T16:04:00Z,10.433333333333334,6.9,-7,19,2.81,1.27875360095283,0.44870631990508,487,72,2.68752896121463,1.85733249643127,3,0.438043173535184,0.477121254719662,-0.358483083322241,1.36428571428571,1,0.3107049608355092,0.7667241699587196,0.3108167770419426,0.7675062414024337,0.27536231884057966,0.9945001785194432,0.2754901960784314,0.9944569685065949,0.15000000000000002,0.9918667288873609,0.1500000000000002,0.9917990817681682,0.99501246882793,28
2020-10-18,Hamburg,0,5,1892122,2438,12.414285714285716,8.657142857142857,0.7,1853935,0.02227293437000538,2024-04-10T05:38:00Z,2024-04-10T16:04:00Z,10.433333333333334,6.53,-7,41,2.21,1.61278385671974,0.344392273685111,997,53.8,2.99869515831166,1.73078227566639,3,0.158552144100645,0.477121254719662,-0.799827880632902,1.36428571428571,2,0.31950745301360983,0.7990462148489186,0.3195195195195195,0.7986791962363198,0.24390243902439027,0.7273035103266392,0.2440677966101695,0.7311623019973674,0.05084745762711864,0.9872878065639612,0.050847457627118724,0.9871262761232878,0.99501246882793,28
2020-10-25,Berlin,0,5,3755251,4090,15.514285714285714,12.1,1.6428571428571428,3677472,0.04418067111497029,2024-04-10T05:50:00Z,2024-04-10T15:50:00Z,10,6.37,-11,254,6.91,2.40483371661994,0.839478047374198,4791,130.3,3.68042617085815,2.11494441571258,9,0.239664405921202,0.954242509439325,-0.620396461001221,1.36714285714286,0,0.5502539270107476,0.8599562176832507,0.5503909643788011,0.8599204375597586,0.3370786516853933,0.7340210982939869,0.3372933884297521,0.7342744309861213,0.06382978723404255,0.9883016569916391,0.06382978723404245,0.9881185026919693,1,29
2020-10-25,Bremen,0,5,684864,1629,15.185714285714283,12.171428571428573,1.4,676463,0.0081269386481926,2024-04-10T05:50:00Z,2024-04-10T15:50:00Z,10,6.76,-9,48,7.1,1.68124123737559,0.851258348719075,765,113.1,2.88366143515362,2.05346260492546,1,0.146014391178395,0,-0.835604338041902,1.36714285714286,1,0.49216710182767626,0.8580771827500276,0.4922737306843267,0.8585599209154601,0.6956521739130435,0.9984523798651609,0.696078431372549,0.9984422928069957,0.04999999999999999,0.9871567940057502,0.05000000000000018,0.9870499727926523,1,29
2020-10-25,Hamburg,0,0,1892122,2438,15.028571428571428,12.057142857142855,1.8142857142857145,1853935,0.02227293437000538,2024-04-10T05:50:00Z,2024-04-10T15:50:00Z,10,6.63,-6,79,4.26,1.89762709129044,0.629409599102719,1857,100.2,3.26881190373978,2.00086772153123,3,0.158552144100645,0.477121254719662,-0.799827880632902,1.36714285714286,2,0.5981853532080362,0.9093182683317492,0.5981981981981983,0.9091514892734648,0.47560975609756106,0.8557568573346069,0.47570621468926555,0.857813027250958,0.05084745762711864,0.9872878065639612,0.050847457627118724,0.9871262761232878,1,29
2020-11-01,Berlin,0,0,3755251,4090,13.628571428571428,11.414285714285716,4.0285714285714285,3677472,0.04418067111497029,2024-04-10T06:03:00Z,2024-04-10T15:36:00Z,9.55,6.37,-11,362,9.84,2.55870857053317,0.992995098431341,6246,169.8,3.79560197989418,2.22993768590793,13,0.346181919663959,1.11394335230684,-0.460695618133708,1.10571428571429,0,0.7220975552143616,0.9234533558027656,0.7219808861859253,0.9233635300844987,0.4887640449438203,0.8237540604783735,0.4886363636363636,0.8237593415879552,0.09219858156028368,0.9898650643701272,0.09219858156028371,0.9897063874501426,0.5436408977556109,30
2020-11-01,Bremen,1,0,684864,1629,14.157142857142857,11.614285714285714,2.628571428571429,676463,0.0081269386481926,2024-04-10T06:03:00Z,2024-04-10T15:36:00Z,9.55,6.76,-9,35,5.17,1.5440680443502799,0.713490543093943,1201,177.5,3.07954300740291,2.24919835739111,8,1.16811512942716,0.903089986991944,0.0674856489500413,1.10571428571429,1,0.7767624020887729,0.9493133325619026,0.7766004415011039,0.9494305200859965,0.5072463768115941,0.9971054165574442,0.5068627450980392,0.9970783712657522,0.4,0.9960717081683268,0.40000000000000135,0.9960390352594714,0.5436408977556109,30
2020-11-01,Hamburg,1,0,1892122,2438,13.7,11.571428571428571,3.4714285714285715,1853935,0.02227293437000538,2024-04-10T06:03:00Z,2024-04-10T15:36:00Z,9.55,6.34,-10,90,4.85,1.95424250943932,0.685741738602264,2678,144.4,3.42781057267599,2.15956719323362,2,0.10570142940043,0.301029995663981,-0.975919139688584,1.10571428571429,2,0.8642255346727156,0.974227645559893,0.8636636636636638,0.9740638894459667,0.5426829268292683,0.881288234144171,0.5423728813559322,0.8828448610605352,0.03389830508474576,0.9855575345305155,0.033898305084745825,0.9853740179860707,0.5436408977556109,30
2020-11-08,Berlin,0,0,3755251,4090,13.128571428571428,9.442857142857145,0.8571428571428572,3677472,0.04418067111497029,2024-04-10T06:16:00Z,2024-04-10T15:23:00Z,9.116666666666667,6.22,-14,453,12.32,2.65609820201283,1.09061070782841,7228,196.5,3.85901814388889,2.29336255471145,32,0.852140109942052,1.50514997831991,-0.0694889921206396,0.997142857142857,0,0.8380772410535018,0.9584150804729382,0.8379669852302345,0.9583557501773349,0.6165730337078652,0.8805473564359073,0.6167355371900827,0.8806593668300271,0.2269503546099291,0.9936948207736648,0.22695035460992888,0.9935961041704102,0.35411471321695753,31
2020-11-08,Bremen,0,0,684864,1629,12.857142857142858,9.1,0.28571428571428575,676463,0.0081269386481926,2024-04-10T06:16:00Z,2024-04-10T15:23:00Z,9.116666666666667,6.69,-10,39,5.77,1.5910646070265,0.761175813155731,1543,228.1,3.18836592606315,2.35812528527665,14,2.04420147649752,1.14612803567824,0.310523697636334,0.997142857142857,1,1,1,1,1,0.5652173913043478,0.9975668962687316,0.5656862745098039,0.997550462453836,0.7000000000000001,0.9984708747779526,0.699999999999999,0.998458156535228,0.35411471321695753,31
2020-11-08,Hamburg,0,0,1892122,2438,12.985714285714286,9.757142857142858,0.07142857142857144,1853935,0.02227293437000538,2024-04-10T06:16:00Z,2024-04-10T15:23:00Z,9.116666666666667,6.2,-12,120,6.47,2.07918124604762,0.8109042806687,3097,167.1,3.49094120535679,2.22297644989339,19,1.00416357930408,1.27875360095283,0.00180446560026193,0.997142857142857,2,1,1,1,1,0.7256097560975611,0.9376308006526244,0.7254237288135593,0.9384622755600606,0.3220338983050848,0.9951646429113808,0.32203389830508367,0.9951032013226205,0.35411471321695753,31
2020-11-15,Berlin,0,0,3755251,4090,10.342857142857143,7.914285714285715,0.2,3677472,0.04418067111497029,2024-04-10T06:29:00Z,2024-04-10T15:13:00Z,8.733333333333333,6.29,-13,504,13.71,2.70243053644553,1.13703745478951,8155,221.8,3.91142396537629,2.34596154181314,66,1.75753897675548,1.81954393554187,0.244904965101323,1.01142857142857,0,0.947561119640959,0.9873067350061485,0.9478714161598609,0.9873752084441673,0.6882022471910112,0.907566310526403,0.6885330578512397,0.907721463663832,0.46808510638297873,0.996772611871365,0.4680851063829778,0.9967220824919445,0.37905236907730655,32
2020-11-15,Bremen,0,0,684864,1629,10.842857142857143,8.3,0.7857142857142857,676463,0.0081269386481926,2024-04-10T06:29:00Z,2024-04-10T15:13:00Z,8.733333333333333,6.82,-8,45,6.65,1.65321251377534,0.822821645303105,1112,164.4,3.04610478724604,2.21590181320403,8,1.16811512942716,0.903089986991944,0.0674856489500413,1.01142857142857,1,0.718668407310705,0.9337387462001397,0.7187637969094923,0.9339725524818452,0.6521739130434782,0.9981771536243844,0.6519607843137255,0.9981607652601571,0.4,0.9960717081683268,0.40000000000000135,0.9960390352594714,0.37905236907730655,32
2020-11-15,Hamburg,0,0,1892122,2438,9.971428571428572,8.285714285714285,0.3142857142857143,1853935,0.02227293437000538,2024-04-10T06:29:00Z,2024-04-10T15:13:00Z,8.733333333333333,6.34,-10,130,7.01,2.11394335230684,0.845718017966659,2837,153,3.45285933579585,2.1846914308176,7,0.369955002901504,0.845098040014257,-0.431851095338309,1.01142857142857,2,0.915748541801685,0.9844535149041066,0.9153153153153154,0.9843403859370109,0.7865853658536586,0.9533071740261126,0.7864406779661016,0.9539321599648561,0.11864406779661017,0.9909035450393794,0.11864406779661006,0.9907879588200736,0.37905236907730655,32
2020-11-22,Berlin,0,0,3755251,4090,10.485714285714286,7.671428571428571,0.3571428571428571,3677472,0.04418067111497029,2024-04-10T06:41:00Z,2024-04-10T15:04:00Z,8.383333333333333,5.84,-19,523,14.22,2.71850168886727,1.15289959639375,8599,233.8,3.93444794894897,2.36884450682582,87,2.31675592390495,1.93951925261862,0.364880282178072,0.995714285714286,0,1,1,1,1,0.7148876404494382,0.9169382909107582,0.7148760330578513,0.9169674875656344,0.6170212765957448,0.9979471222407927,0.617021276595743,0.9979149815018842,0.3516209476309226,33
2020-11-22,Bremen,0,0,684864,1629,11.514285714285714,8.271428571428572,0.37142857142857144,676463,0.0081269386481926,2024-04-10T06:41:00Z,2024-04-10T15:04:00Z,8.383333333333333,6.37,-14,69,10.2,1.83884909073726,1.00860017176192,1000,147.8,3,2.16967443405881,12,1.75217269414073,1.07918124604762,0.24357690800572,0.995714285714286,1,0.6455613577023499,0.9122644276722545,0.6454746136865344,0.9125114265092298,1,1,1,1,0.6,0.9978100049957452,0.5999999999999986,0.997791790079381,0.3516209476309226,33
2020-11-22,Hamburg,0,0,1892122,2438,10.971428571428572,8.385714285714286,0.8714285714285714,1853935,0.02227293437000538,2024-04-10T06:41:00Z,2024-04-10T15:04:00Z,8.383333333333333,5.87,-16,140,7.55,2.14612803567824,0.877946951629188,2521,136,3.40157284567645,2.13353890837022,25,1.32126786750537,1.39794000867204,0.120990873319471,0.995714285714286,2,0.8133506156837329,0.9635163953914673,0.8132132132132133,0.9634176130297132,0.8475609756097562,0.9678212287751361,0.8474576271186441,0.9682534571580302,0.4237288135593221,0.9963357680947051,0.42372881355932107,0.9962892076802989,0.3516209476309226,33
2020-11-29,Berlin,0,0,3755251,4090,6.285714285714286,3.4714285714285715,0.2,3677472,0.04418067111497029,2024-04-10T06:52:00Z,2024-04-10T14:57:00Z,8.083333333333334,5.84,-19,630,17.13,2.79934054945358,1.23375736296551,7858,213.7,3.89531202447579,2.32980452216407,88,2.34338530234064,1.94448267215017,0.369843701709622,0.97,0,0.9124837604818707,0.9784241220226105,0.9126846220677671,0.9784611972956995,0.8651685393258427,0.9640799143504831,0.8651859504132231,0.9640993857053719,0.624113475177305,0.9979957121328611,0.6241134751773036,0.9979643321382431,0.30673316708229426,34
2020-11-29,Bremen,0,0,684864,1629,8.371428571428572,5.271428571428571,0.1142857142857143,676463,0.0081269386481926,2024-04-10T06:52:00Z,2024-04-10T14:57:00Z,8.083333333333334,6.48,-13,65,9.61,1.81291335664286,0.982723387668545,824,121.8,2.91592721169712,2.08564728829686,10,1.46014391178395,1,0.164395661958098,0.97,1,0.5306788511749349,0.8731056777162239,0.5306843267108168,0.8735017055676347,0.9420289855072465,0.999745325734472,0.942156862745098,0.9997438160310175,0.5,0.9970283619458079,0.5000000000000017,0.9970036458443934,0.30673316708229426,34
2020-11-29,Hamburg,0,0,1892122,2438,7.1571428571428575,4.142857142857143,0.2,1853935,0.02227293437000538,2024-04-10T06:52:00Z,2024-04-10T14:57:00Z,8.083333333333334,5.95,-15,115,6.2,2.06069784035361,0.792391689498254,1611,86.9,3.20709554041922,1.93901977644867,35,1.84977501450752,1.5440680443502799,0.26711890899771,0.97,2,0.5184705119896306,0.8841232730860296,0.5183183183183184,0.8838539976184531,0.6951219512195123,0.9292954953430904,0.6949152542372881,0.9302359928432997,0.5932203389830508,0.9977716216106167,0.5932203389830502,0.9977433062026554,0.30673316708229426,34
2020-12-06,Berlin,0,0,3755251,4090,4.885714285714286,2.571428571428571,0,3677472,0.04418067111497029,2024-04-10T07:01:00Z,2024-04-10T14:53:00Z,7.866666666666666,6.5600000000000005,-9,626,17.02,2.79657433321043,1.23095955574857,6973,189.6,3.84341966520492,2.27783833300205,141,3.75474235943217,2.14921911265538,0.574580142214835,1.1271428571428601,0,0.8079603165229715,0.949815542395104,0.8079930495221544,0.9497908608354563,0.8595505617977528,0.9624667802273431,0.859504132231405,0.9624685471309912,1,1,1,1,0.5810473815461348,35
2020-12-06,Bremen,0,0,684864,1629,5.1571428571428575,3.1857142857142855,1.3714285714285714,676463,0.0081269386481926,2024-04-10T07:01:00Z,2024-04-10T14:53:00Z,7.866666666666666,7.05,-5,56,8.28,1.7481880270062,0.91803033678488,729,107.8,2.86272752831797,2.03261876085072,20,2.92028782356789,1.30102999566398,0.465425657622077,1.1271428571428601,1,0.46866840731070497,0.8483267552939222,0.4688741721854305,0.8488831369031946,0.8115942028985507,0.9991097595412701,0.8117647058823529,0.9991033453109633,1,1,1,1,0.5810473815461348,35
2020-12-06,Hamburg,0,0,1892122,2438,3.8,2.4,0.4714285714285714,1853935,0.02227293437000538,2024-04-10T07:01:00Z,2024-04-10T14:53:00Z,7.866666666666666,6.57,-7,161,8.68,2.20682587603185,0.938519725176492,2126,114.7,3.32756326018728,2.05956341790127,48,2.53683430561032,1.68124123737559,0.404292102023022,1.1271428571428601,2,0.685353208036293,0.9333028336355363,0.6852852852852854,0.9331596254714273,0.9756097560975611,0.9951936210361897,0.9751412429378529,0.9951696654592173,0.8135593220338982,0.9991194848771011,0.8135593220338997,0.9991082964070281,0.5810473815461348,35
2020-12-13,Berlin,0,0,3755251,4090,3.9857142857142858,2.3428571428571425,0.1,3677472,0.04418067111497029,2024-04-10T07:09:00Z,2024-04-10T14:52:00Z,7.716666666666667,6.4,-11,726,19.74,2.86093662070009,1.29534714833362,7507,204.1,3.87546641586639,2.30984300471607,132,3.51507795351096,2.12057393120585,0.545934960765304,1.10714285714286,0,0.8710286996574939,0.9674831148659534,0.8709817549956559,0.9674482015244145,1,1,1,1,0.9361702127659576,0.9997195751303989,0.9361702127659554,0.9997151846777882,0.546134663341646,36
2020-12-13,Bremen,0,0,684864,1629,4.928571428571429,3.585714285714286,0.34285714285714286,676463,0.0081269386481926,2024-04-10T07:09:00Z,2024-04-10T14:52:00Z,7.716666666666667,7.04,-5,66,9.76,1.81954393554187,0.989449817666692,906,133.9,2.95712819767681,2.12678057701201,18,2.6282590412111,1.25527250510331,0.419668167061402,1.10714285714286,1,0.5842036553524805,0.8922959429671927,0.5841059602649007,0.8925978928727945,0.9565217391304347,0.9998104342756448,0.9568627450980391,0.9998104086774526,0.9,0.9995483018231638,0.8999999999999997,0.9995445448992908,0.546134663341646,36
2020-12-13,Hamburg,0,0,1892122,2438,4.328571428571428,3.242857142857143,0.02857142857142857,1853935,0.02227293437000538,2024-04-10T07:09:00Z,2024-04-10T14:52:00Z,7.716666666666667,6.46,-8,165,8.9,2.21748394421391,0.949390006644913,2588,139.6,3.41296427199666,2.14488541828714,59,3.11819216731268,1.77085201164214,0.493902876289579,1.10714285714286,2,0.8350615683732988,0.9681668141222189,0.8348348348348349,0.9680586441836788,1,1,1,1,1,1,1,1,0.546134663341646,36
2023-01-01,Berlin,1,5,3755251,4090,0,0,0,0,0,2024-04-10T07:17:00Z,2024-04-10T15:02:00Z,7.75,6.04,-17,0,0,0,0,0,0,0,0,0,0,0,0,0,0,0,0,0,0,0,0,0,0,0,0,0,0,0,100000
2023-01-01,Bremen,1,5,684864,1629,0,0,0,0,0,2024-04-10T07:17:00Z,2024-04-10T15:02:00Z,7.75,5.4,-28,0,0,0,0,0,0,0,0,0,0,0,0,0,1,0,0,0,0,0,0,0,0,0,0,0,0,0,100000
2023-01-01,Hamburg,1,5,1892122,2438,0,0,0,0,0,2024-04-10T07:17:00Z,2024-04-10T15:02:00Z,7.75,5.78,-19,0,0,0,0,0,0,0,0,0,0,0,0,0,2,0,0,0,0,0,0,0,0,0,0,0,0,0,100000
2023-01-08,Berlin,0,1,3755251,4090,10.214285714285714,7.957142857142857,2.4,3677472,0.04418067111497029,2024-04-10T07:14:00Z,2024-04-10T15:10:00Z,7.933333333333334,6.46,-11,0,0,0,0,0,0,0,0,0,0,0,0,0,0,0,0,0,0,0,0,0,0,0,0,0,0,0,100000
2023-01-08,Bremen,0,5,684864,1629,10.8,8.542857142857143,3.4428571428571426,676463,0.0081269386481926,2024-04-10T07:14:00Z,2024-04-10T15:10:00Z,7.933333333333334,5.69,-24,0,0,0,0,0,0,0,0,0,0,0,0,0,1,0,0,0,0,0,0,0,0,0,0,0,0,0,100000
2023-01-08,Hamburg,0,5,1892122,2438,10.428571428571429,8.128571428571428,3.785714285714286,1853935,0.02227293437000538,2024-04-10T07:14:00Z,2024-04-10T15:10:00Z,7.933333333333334,6.0600000000000005,-14,0,0,0,0,0,0,0,0,0,0,0,0,0,2,0,0,0,0,0,0,0,0,0,0,0,0,0,100000
2023-01-15,Berlin,0,0,3755251,4090,8.957142857142857,7.4714285714285715,3.857142857142857,3677472,0.04418067111497029,2024-04-10T07:09:00Z,2024-04-10T15:21:00Z,8.2,6.8500000000000005,-6,0,0,0,0,0,0,0,0,0,0,0,0,0,0,0,0,0,0,0,0,0,0,0,0,0,0,0,100000
2023-01-15,Bremen,0,0,684864,1629,9.357142857142858,7.385714285714285,4.4714285714285715,676463,0.0081269386481926,2024-04-10T07:09:00Z,2024-04-10T15:21:00Z,8.2,6.36,-15,0,0,0,0,0,0,0,0,0,0,0,0,0,1,0,0,0,0,0,0,0,0,0,0,0,0,0,100000
2023-01-15,Hamburg,0,0,1892122,2438,8.985714285714286,7.185714285714286,5.257142857142857,1853935,0.02227293437000538,2024-04-10T07:09:00Z,2024-04-10T15:21:00Z,8.2,6.6000000000000005,-7,0,0,0,0,0,0,0,0,0,0,0,0,0,2,0,0,0,0,0,0,0,0,0,0,0,0,0,100000
2023-01-22,Berlin,0,0,3755251,4090,3.128571428571429,1.5285714285714287,1.4428571428571428,3677472,0.04418067111497029,2024-04-10T07:02:00Z,2024-04-10T15:33:00Z,8.516666666666667,6.92,-5,0,0,0,0,0,0,0,0,0,0,0,0,0,0,0,0,0,0,0,0,0,0,0,0,0,0,0,100000
2023-01-22,Bremen,0,0,684864,1629,3.8857142857142857,1.7428571428571429,0.37142857142857144,676463,0.0081269386481926,2024-04-10T07:02:00Z,2024-04-10T15:33:00Z,8.516666666666667,6.49,-14,0,0,0,0,0,0,0,0,0,0,0,0,0,1,0,0,0,0,0,0,0,0,0,0,0,0,0,100000
2023-01-22,Hamburg,0,0,1892122,2438,4.057142857142857,2.0285714285714285,0.5571428571428572,1853935,0.02227293437000538,2024-04-10T07:02:00Z,2024-04-10T15:33:00Z,8.516666666666667,6.71,-5,0,0,0,0,0,0,0,0,0,0,0,0,0,2,0,0,0,0,0,0,0,0,0,0,0,0,0,100000
2023-01-29,Berlin,0,0,3755251,4090,1.6714285714285717,0.4,0.02857142857142857,3677472,0.04418067111497029,2024-04-10T06:52:00Z,2024-04-10T15:45:00Z,8.883333333333333,6.92,-4,0,0,0,0,0,0,0,0,0,0,0,0,0,0,0,0,0,0,0,0,0,0,0,0,0,0,0,100000
2023-01-29,Bremen,0,0,684864,1629,3.6142857142857143,1.7,0.5714285714285714,676463,0.0081269386481926,2024-04-10T06:52:00Z,2024-04-10T15:45:00Z,8.883333333333333,6.5,-14,0,0,0,0,0,0,0,0,0,0,0,0,0,1,0,0,0,0,0,0,0,0,0,0,0,0,0,100000
2023-01-29,Hamburg,0,1,1892122,2438,3.128571428571429,1.5285714285714287,0.6999999999999998,1853935,0.02227293437000538,2024-04-10T06:52:00Z,2024-04-10T15:45:00Z,8.883333333333333,6.7,-5,0,0,0,0,0,0,0,0,0,0,0,0,0,2,0,0,0,0,0,0,0,0,0,0,0,0,0,100000
2023-02-05,Berlin,0,5,3755251,4090,4.7,2.9857142857142858,3.557142857142857,3677472,0.04418067111497029,2024-04-10T06:41:00Z,2024-04-10T15:59:00Z,9.3,6.59,-9,0,0,0,0,0,0,0,0,0,0,0,0,0,0,0,0,0,0,0,0,0,0,0,0,0,0,0,100000
2023-02-05,Bremen,0,4,684864,1629,7.228571428571429,5.042857142857143,2.8,676463,0.0081269386481926,2024-04-10T06:41:00Z,2024-04-10T15:59:00Z,9.3,6.4,-15,0,0,0,0,0,0,0,0,0,0,0,0,0,1,0,0,0,0,0,0,0,0,0,0,0,0,0,100000
2023-02-05,Hamburg,0,0,1892122,2438,6.5,4.271428571428571,5.914285714285715,1853935,0.02227293437000538,2024-04-10T06:41:00Z,2024-04-10T15:59:00Z,9.3,6.69,-6,0,0,0,0,0,0,0,0,0,0,0,0,0,2,0,0,0,0,0,0,0,0,0,0,0,0,0,100000
2023-02-12,Berlin,0,0,3755251,4090,4.185714285714286,1.2714285714285714,0.11428571428571428,3677472,0.04418067111497029,2024-04-10T06:28:00Z,2024-04-10T16:12:00Z,9.733333333333333,6.79,-6,0,0,0,0,0,0,0,0,0,0,0,0,0,0,0,0,0,0,0,0,0,0,0,0,0,0,0,100000
2023-02-12,Bremen,0,0,684864,1629,6.3428571428571425,2.8000000000000003,0.24285714285714288,676463,0.0081269386481926,2024-04-10T06:28:00Z,2024-04-10T16:12:00Z,9.733333333333333,6.54,-13,0,0,0,0,0,0,0,0,0,0,0,0,0,1,0,0,0,0,0,0,0,0,0,0,0,0,0,100000
2023-02-12,Hamburg,0,0,1892122,2438,5.514285714285714,2.4285714285714284,0.05714285714285714,1853935,0.02227293437000538,2024-04-10T06:28:00Z,2024-04-10T16:12:00Z,9.733333333333333,6.82,-4,0,0,0,0,0,0,0,0,0,0,0,0,0,2,0,0,0,0,0,0,0,0,0,0,0,0,0,100000
2023-02-19,Berlin,0,0,3755251,4090,8.6,5.857142857142857,2.1571428571428575,3677472,0.04418067111497029,2024-04-10T06:14:00Z,2024-04-10T16:25:00Z,10.183333333333334,6.890000000000001,-5,0,0,0,0,0,0,0,0,0,0,0,0,0,0,0,0,0,0,0,0,0,0,0,0,0,0,0,100000
2023-02-19,Bremen,0,0,684864,1629,10.014285714285714,6.185714285714286,2.5142857142857142,676463,0.0081269386481926,2024-04-10T06:14:00Z,2024-04-10T16:25:00Z,10.183333333333334,6.46,-14,0,0,0,0,0,0,0,0,0,0,0,0,0,1,0,0,0,0,0,0,0,0,0,0,0,0,0,100000
2023-02-19,Hamburg,0,0,1892122,2438,9.142857142857142,5.8999999999999995,2.857142857142857,1853935,0.02227293437000538,2024-04-10T06:14:00Z,2024-04-10T16:25:00Z,10.183333333333334,6.74,-5,0,0,0,0,0,0,0,0,0,0,0,0,0,2,0,0,0,0,0,0,0,0,0,0,0,0,0,100000
2023-02-26,Berlin,0,0,3755251,4090,7.728571428571429,5.285714285714286,1.7428571428571429,3677472,0.04418067111497029,2024-04-10T05:59:00Z,2024-04-10T16:38:00Z,10.65,6.97,-4,0,0,0,0,0,0,0,0,0,0,0,0,0,0,0,0,0,0,0,0,0,0,0,0,0,0,0,100000
2023-02-26,Bremen,0,0,684864,1629,8.514285714285714,5.8428571428571425,0.5142857142857142,676463,0.0081269386481926,2024-04-10T05:59:00Z,2024-04-10T16:38:00Z,10.65,6.640000000000001,-12,0,0,0,0,0,0,0,0,0,0,0,0,0,1,0,0,0,0,0,0,0,0,0,0,0,0,0,100000
2023-02-26,Hamburg,0,0,1892122,2438,8.042857142857143,5.357142857142857,2.2,1853935,0.02227293437000538,2024-04-10T05:59:00Z,2024-04-10T16:38:00Z,10.65,6.86,-3,0,0,0,0,0,0,0,0,0,0,0,0,0,2,0,0,0,0,0,0,0,0,0,0,0,0,0,100000
2023-03-05,Berlin,0,0,3755251,4090,5.2,1.5285714285714285,0.2,3677472,0.04418067111497029,2024-04-10T05:44:00Z,2024-04-10T16:51:00Z,11.116666666666667,6.93,-4,0,0,0,0,0,0,0,0,0,0,0,0,0,0,0,0,0,0,0,0,0,0,0,0,0,0,0,100000
2023-03-05,Bremen,0,0,684864,1629,6.357142857142857,2.442857142857143,1.2571428571428571,676463,0.0081269386481926,2024-04-10T05:44:00Z,2024-04-10T16:51:00Z,11.116666666666667,6.5,-13,0,0,0,0,0,0,0,0,0,0,0,0,0,1,0,0,0,0,0,0,0,0,0,0,0,0,0,100000
2023-03-05,Hamburg,0,0,1892122,2438,6.1000000000000005,2.1,0.4285714285714286,1853935,0.02227293437000538,2024-04-10T05:44:00Z,2024-04-10T16:51:00Z,11.116666666666667,6.890000000000001,-3,0,0,0,0,0,0,0,0,0,0,0,0,0,2,0,0,0,0,0,0,0,0,0,0,0,0,0,100000
2023-03-12,Berlin,1,0,3755251,4090,3.6142857142857143,1.7428571428571429,4.542857142857143,3677472,0.04418067111497029,2024-04-10T05:27:00Z,2024-04-10T17:04:00Z,11.616666666666667,6.63,-9,0,0,0,0,0,0,0,0,0,0,0,0,0,0,0,0,0,0,0,0,0,0,0,0,0,0,0,100000
2023-03-12,Bremen,0,0,684864,1629,4.371428571428572,1.3285714285714283,4.685714285714285,676463,0.0081269386481926,2024-04-10T05:27:00Z,2024-04-10T17:04:00Z,11.616666666666667,6.28,-16,0,0,0,0,0,0,0,0,0,0,0,0,0,1,0,0,0,0,0,0,0,0,0,0,0,0,0,100000
2023-03-12,Hamburg,0,5,1892122,2438,4.8428571428571425,1.4714285714285713,2.5,1853935,0.02227293437000538,2024-04-10T05:27:00Z,2024-04-10T17:04:00Z,11.616666666666667,6.45,-9,0,0,0,0,0,0,0,0,0,0,0,0,0,2,0,0,0,0,0,0,0,0,0,0,0,0,0,100000
2023-03-19,Berlin,0,0,3755251,4090,13.1,8.614285714285714,1.5142857142857142,3677472,0.04418067111497029,2024-04-10T05:11:00Z,2024-04-10T17:16:00Z,12.083333333333334,7.0200000000000005,-3,0,0,0,0,0,0,0,0,0,0,0,0,0,0,0,0,0,0,0,0,0,0,0,0,0,0,0,100000
2023-03-19,Bremen,0,0,684864,1629,13.228571428571428,8.3,1.1,676463,0.0081269386481926,2024-04-10T05:11:00Z,2024-04-10T17:16:00Z,12.083333333333334,6.61,-12,0,0,0,0,0,0,0,0,0,0,0,0,0,1,0,0,0,0,0,0,0,0,0,0,0,0,0,100000
2023-03-19,Hamburg,0,5,1892122,2438,13.385714285714286,8.228571428571428,1.4285714285714286,1853935,0.02227293437000538,2024-04-10T05:11:00Z,2024-04-10T17:16:00Z,12.083333333333334,6.66,-6,0,0,0,0,0,0,0,0,0,0,0,0,0,2,0,0,0,0,0,0,0,0,0,0,0,0,0,100000
2023-03-26,Berlin,0,0,3755251,4090,12.928571428571429,10.385714285714286,1.2142857142857142,3677472,0.04418067111497029,2024-04-10T04:55:00Z,2024-04-10T17:29:00Z,12.566666666666666,6.61,-9,0,0,0,0,0,0,0,0,0,0,0,0,0,0,0,0,0,0,0,0,0,0,0,0,0,0,0,100000
2023-03-26,Bremen,0,0,684864,1629,12.214285714285714,9.67142857142857,3.2714285714285714,676463,0.0081269386481926,2024-04-10T04:55:00Z,2024-04-10T17:29:00Z,12.566666666666666,6.23,-17,0,0,0,0,0,0,0,0,0,0,0,0,0,1,0,0,0,0,0,0,0,0,0,0,0,0,0,100000
2023-03-26,Hamburg,0,0,1892122,2438,11.914285714285716,9.3,6.328571428571428,1853935,0.02227293437000538,2024-04-10T04:55:00Z,2024-04-10T17:29:00Z,12.566666666666666,6.5200000000000005,-8,0,0,0,0,0,0,0,0,0,0,0,0,0,2,0,0,0,0,0,0,0,0,0,0,0,0,0,100000
2023-04-02,Berlin,0,0,3755251,4090,9.5,6.6571428571428575,2.3,3677472,0.04418067111497029,2024-04-10T04:38:00Z,2024-04-10T17:41:00Z,13.05,6.82,-6,0,0,0,0,0,0,0,0,0,0,0,0,0,0,0,0,0,0,0,0,0,0,0,0,0,0,0,100000
2023-04-02,Bremen,0,0,684864,1629,11.385714285714286,7.442857142857143,2.257142857142857,676463,0.0081269386481926,2024-04-10T04:38:00Z,2024-04-10T17:41:00Z,13.05,6.15,-18,0,0,0,0,0,0,0,0,0,0,0,0,0,1,0,0,0,0,0,0,0,0,0,0,0,0,0,100000
2023-04-02,Hamburg,0,0,1892122,2438,10.2,6.514285714285714,3.314285714285714,1853935,0.02227293437000538,2024-04-10T04:38:00Z,2024-04-10T17:41:00Z,13.05,6.79,-4,0,0,0,0,0,0,0,0,0,0,0,0,0,2,0,0,0,0,0,0,0,0,0,0,0,0,0,100000
2023-04-09,Berlin,1,5,3755251,4090,8.214285714285714,4.685714285714286,0.18571428571428572,3677472,0.04418067111497029,2024-04-10T04:22:00Z,2024-04-10T17:53:00Z,13.516666666666667,6.73,-7,0,0,0,0,0,0,0,0,0,0,0,0,0,0,0,0,0,0,0,0,0,0,0,0,0,0,0,100000
2023-04-09,Bremen,1,5,684864,1629,11.442857142857145,6.2,0,676463,0.0081269386481926,2024-04-10T04:22:00Z,2024-04-10T17:53:00Z,13.516666666666667,6.12,-19,0,0,0,0,0,0,0,0,0,0,0,0,0,1,0,0,0,0,0,0,0,0,0,0,0,0,0,100000
2023-04-09,Hamburg,1,0,1892122,2438,10.071428571428571,5.114285714285714,0,1853935,0.02227293437000538,2024-04-10T04:22:00Z,2024-04-10T17:53:00Z,13.516666666666667,6.84,-4,0,0,0,0,0,0,0,0,0,0,0,0,0,2,0,0,0,0,0,0,0,0,0,0,0,0,0,100000
2023-04-16,Berlin,1,5,3755251,4090,12.285714285714286,9.342857142857143,3.642857142857143,3677472,0.04418067111497029,2024-04-10T04:06:00Z,2024-04-10T18:05:00Z,13.983333333333333,6.4,-12,0,0,0,0,0,0,0,0,0,0,0,0,0,0,0,0,0,0,0,0,0,0,0,0,0,0,0,100000
2023-04-16,Bremen,1,2,684864,1629,13.142857142857142,8.714285714285714,3,676463,0.0081269386481926,2024-04-10T04:06:00Z,2024-04-10T18:05:00Z,13.983333333333333,6.0600000000000005,-19,0,0,0,0,0,0,0,0,0,0,0,0,0,1,0,0,0,0,0,0,0,0,0,0,0,0,0,100000
2023-04-16,Hamburg,1,0,1892122,2438,12.757142857142858,8.471428571428572,2.3285714285714283,1853935,0.02227293437000538,2024-04-10T04:06:00Z,2024-04-10T18:05:00Z,13.983333333333333,6.5600000000000005,-8,0,0,0,0,0,0,0,0,0,0,0,0,0,2,0,0,0,0,0,0,0,0,0,0,0,0,0,100000
2023-04-23,Berlin,0,0,3755251,4090,15.242857142857144,11.042857142857144,1.3142857142857145,3677472,0.04418067111497029,2024-04-10T03:51:00Z,2024-04-10T18:18:00Z,14.45,7.24,0,0,0,0,0,0,0,0,0,0,0,0,0,0,0,0,0,0,0,0,0,0,0,0,0,0,0,0,100000
2023-04-23,Bremen,0,0,684864,1629,16.97142857142857,11.6,0.7714285714285715,676463,0.0081269386481926,2024-04-10T03:51:00Z,2024-04-10T18:18:00Z,14.45,6.72,-11,0,0,0,0,0,0,0,0,0,0,0,0,0,1,0,0,0,0,0,0,0,0,0,0,0,0,0,100000
2023-04-23,Hamburg,0,0,1892122,2438,16.142857142857142,10.771428571428572,1.085714285714286,1853935,0.02227293437000538,2024-04-10T03:51:00Z,2024-04-10T18:18:00Z,14.45,7.07,0,0,0,0,0,0,0,0,0,0,0,0,0,0,2,0,0,0,0,0,0,0,0,0,0,0,0,0,100000
2023-05-07,Berlin,1,0,3755251,4090,15.614285714285714,11.314285714285717,2.2857142857142856,3677472,0.04418067111497029,2024-04-10T03:23:00Z,2024-04-10T18:42:00Z,15.316666666666666,6.98,-4,0,0,0,0,0,0,0,0,0,0,0,0,0,0,0,0,0,0,0,0,0,0,0,0,0,0,0,100000
2023-05-07,Bremen,1,0,684864,1629,16.314285714285713,11.085714285714284,1.7285714285714286,676463,0.0081269386481926,2024-04-10T03:23:00Z,2024-04-10T18:42:00Z,15.316666666666666,6.36,-15,0,0,0,0,0,0,0,0,0,0,0,0,0,1,0,0,0,0,0,0,0,0,0,0,0,0,0,100000
2023-05-07,Hamburg,1,0,1892122,2438,14.571428571428571,9.814285714285711,0.22857142857142856,1853935,0.02227293437000538,2024-04-10T03:23:00Z,2024-04-10T18:42:00Z,15.316666666666666,6.82,-4,0,0,0,0,0,0,0,0,0,0,0,0,0,2,0,0,0,0,0,0,0,0,0,0,0,0,0,100000
2023-05-14,Berlin,0,0,3755251,4090,20.785714285714285,16,0,3677472,0.04418067111497029,2024-04-10T03:11:00Z,2024-04-10T18:53:00Z,15.7,7.37,2,0,0,0,0,0,0,0,0,0,0,0,0,0,0,0,0,0,0,0,0,0,0,0,0,0,0,0,100000
2023-05-14,Bremen,0,0,684864,1629,20.15714285714286,15.17142857142857,1.342857142857143,676463,0.0081269386481926,2024-04-10T03:11:00Z,2024-04-10T18:53:00Z,15.7,6.79,-10,0,0,0,0,0,0,0,0,0,0,0,0,0,1,0,0,0,0,0,0,0,0,0,0,0,0,0,100000
2023-05-14,Hamburg,0,0,1892122,2438,20.3,14.914285714285716,0.6,1853935,0.02227293437000538,2024-04-10T03:11:00Z,2024-04-10T18:53:00Z,15.7,7.32,3,0,0,0,0,0,0,0,0,0,0,0,0,0,2,0,0,0,0,0,0,0,0,0,0,0,0,0,100000
2023-05-21,Berlin,1,1,3755251,4090,18.557142857142857,14.257142857142858,0.1714285714285714,3677472,0.04418067111497029,2024-04-10T03:01:00Z,2024-04-10T19:04:00Z,16.05,7.0200000000000005,-3,0,0,0,0,0,0,0,0,0,0,0,0,0,0,0,0,0,0,0,0,0,0,0,0,0,0,0,100000
2023-05-21,Bremen,1,0,684864,1629,17.957142857142856,12.785714285714285,0.22857142857142856,676463,0.0081269386481926,2024-04-10T03:01:00Z,2024-04-10T19:04:00Z,16.05,6.390000000000001,-15,0,0,0,0,0,0,0,0,0,0,0,0,0,1,0,0,0,0,0,0,0,0,0,0,0,0,0,100000
2023-05-21,Hamburg,1,5,1892122,2438,17.614285714285714,12.357142857142858,0.2571428571428572,1853935,0.02227293437000538,2024-04-10T03:01:00Z,2024-04-10T19:04:00Z,16.05,6.66,-6,0,0,0,0,0,0,0,0,0,0,0,0,0,2,0,0,0,0,0,0,0,0,0,0,0,0,0,100000
2023-05-28,Berlin,0,1,3755251,4090,20.32857142857143,15.842857142857143,0.7857142857142858,3677472,0.04418067111497029,2024-04-10T02:53:00Z,2024-04-10T19:13:00Z,16.333333333333332,7.54,4,0,0,0,0,0,0,0,0,0,0,0,0,0,0,0,0,0,0,0,0,0,0,0,0,0,0,0,100000
2023-05-28,Bremen,0,1,684864,1629,18.442857142857143,13.614285714285714,0.4428571428571429,676463,0.0081269386481926,2024-04-10T02:53:00Z,2024-04-10T19:13:00Z,16.333333333333332,6.88,-8,0,0,0,0,0,0,0,0,0,0,0,0,0,1,0,0,0,0,0,0,0,0,0,0,0,0,0,100000
2023-05-28,Hamburg,0,5,1892122,2438,19.67142857142857,13.928571428571429,1.3285714285714283,1853935,0.02227293437000538,2024-04-10T02:53:00Z,2024-04-10T19:13:00Z,16.333333333333332,7.27,2,0,0,0,0,0,0,0,0,0,0,0,0,0,2,0,0,0,0,0,0,0,0,0,0,0,0,0,100000
2023-06-04,Berlin,1,1,3755251,4090,21.34285714285714,16.142857142857142,0.1,3677472,0.04418067111497029,2024-04-10T02:47:00Z,2024-04-10T19:22:00Z,16.583333333333332,7.28,0,0,0,0,0,0,0,0,0,0,0,0,0,0,0,0,0,0,0,0,0,0,0,0,0,0,0,0,100000
2023-06-04,Bremen,1,1,684864,1629,19,13.785714285714286,0,676463,0.0081269386481926,2024-04-10T02:47:00Z,2024-04-10T19:22:00Z,16.583333333333332,6.59,-12,0,0,0,0,0,0,0,0,0,0,0,0,0,1,0,0,0,0,0,0,0,0,0,0,0,0,0,100000
2023-06-04,Hamburg,1,0,1892122,2438,19.557142857142857,13.32857142857143,0,1853935,0.02227293437000538,2024-04-10T02:47:00Z,2024-04-10T19:22:00Z,16.583333333333332,7.07,0,0,0,0,0,0,0,0,0,0,0,0,0,0,2,0,0,0,0,0,0,0,0,0,0,0,0,0,100000
2023-06-11,Berlin,0,0,3755251,4090,26.97142857142857,21.5,0.11428571428571428,3677472,0.04418067111497029,2024-04-10T02:43:00Z,2024-04-10T19:28:00Z,16.75,7.53,4,0,0,0,0,0,0,0,0,0,0,0,0,0,0,0,0,0,0,0,0,0,0,0,0,0,0,0,100000
2023-06-11,Bremen,0,0,684864,1629,26.7,18.82857142857143,0,676463,0.0081269386481926,2024-04-10T02:43:00Z,2024-04-10T19:28:00Z,16.75,7.05,-6,0,0,0,0,0,0,0,0,0,0,0,0,0,1,0,0,0,0,0,0,0,0,0,0,0,0,0,100000
2023-06-11,Hamburg,0,0,1892122,2438,26.2,17.942857142857143,0,1853935,0.02227293437000538,2024-04-10T02:43:00Z,2024-04-10T19:28:00Z,16.75,7.51,6,0,0,0,0,0,0,0,0,0,0,0,0,0,2,0,0,0,0,0,0,0,0,0,0,0,0,0,100000
2023-06-18,Berlin,0,0,3755251,4090,22.87142857142857,18.82857142857143,3,3677472,0.04418067111497029,2024-04-10T02:42:00Z,2024-04-10T19:32:00Z,16.833333333333332,7.52,4,0,0,0,0,0,0,0,0,0,0,0,0,0,0,0,0,0,0,0,0,0,0,0,0,0,0,0,100000
2023-06-18,Bremen,0,0,684864,1629,26.728571428571428,20.071428571428573,0.01428571428571428,676463,0.0081269386481926,2024-04-10T02:42:00Z,2024-04-10T19:32:00Z,16.833333333333332,6.88,-8,0,0,0,0,0,0,0,0,0,0,0,0,0,1,0,0,0,0,0,0,0,0,0,0,0,0,0,100000
2023-06-18,Hamburg,0,0,1892122,2438,25.65714285714286,18.97142857142857,0.02857142857142857,1853935,0.02227293437000538,2024-04-10T02:42:00Z,2024-04-10T19:32:00Z,16.833333333333332,7.31,3,0,0,0,0,0,0,0,0,0,0,0,0,0,2,0,0,0,0,0,0,0,0,0,0,0,0,0,100000
2023-06-25,Berlin,0,0,3755251,4090,26.47142857142857,22,3.057142857142857,3677472,0.04418067111497029,2024-04-10T02:44:00Z,2024-04-10T19:33:00Z,16.816666666666666,7.36,2,0,0,0,0,0,0,0,0,0,0,0,0,0,0,0,0,0,0,0,0,0,0,0,0,0,0,0,100000
2023-06-25,Bremen,0,0,684864,1629,27.485714285714284,21.65714285714286,13.342857142857143,676463,0.0081269386481926,2024-04-10T02:44:00Z,2024-04-10T19:33:00Z,16.816666666666666,6.8,-9,0,0,0,0,0,0,0,0,0,0,0,0,0,1,0,0,0,0,0,0,0,0,0,0,0,0,0,100000
2023-06-25,Hamburg,0,0,1892122,2438,26.8,20.857142857142858,4.3428571428571425,1853935,0.02227293437000538,2024-04-10T02:44:00Z,2024-04-10T19:33:00Z,16.816666666666666,7.3,3,0,0,0,0,0,0,0,0,0,0,0,0,0,2,0,0,0,0,0,0,0,0,0,0,0,0,0,100000
2023-07-02,Berlin,0,4,3755251,4090,22.88571428571429,19.228571428571428,1.6857142857142855,3677472,0.04418067111497029,2024-04-10T02:48:00Z,2024-04-10T19:32:00Z,16.733333333333334,7.37,2,0,0,0,0,0,0,0,0,0,0,0,0,0,0,0,0,0,0,0,0,0,0,0,0,0,0,0,100000
2023-07-02,Bremen,0,0,684864,1629,22.5,18.057142857142857,1.7857142857142858,676463,0.0081269386481926,2024-04-10T02:48:00Z,2024-04-10T19:32:00Z,16.733333333333334,6.79,-10,0,0,0,0,0,0,0,0,0,0,0,0,0,1,0,0,0,0,0,0,0,0,0,0,0,0,0,100000
2023-07-02,Hamburg,0,4,1892122,2438,22.271428571428572,18,4.4,1853935,0.02227293437000538,2024-04-10T02:48:00Z,2024-04-10T19:32:00Z,16.733333333333334,7.19,1,0,0,0,0,0,0,0,0,0,0,0,0,0,2,0,0,0,0,0,0,0,0,0,0,0,0,0,100000
2023-07-09,Berlin,0,0,3755251,4090,25.757142857142856,20.6,0.8285714285714285,3677472,0.04418067111497029,2024-04-10T02:54:00Z,2024-04-10T19:28:00Z,16.566666666666666,7.48,3,0,0,0,0,0,0,0,0,0,0,0,0,0,0,0,0,0,0,0,0,0,0,0,0,0,0,0,100000
2023-07-09,Bremen,0,2,684864,1629,24.88571428571429,18.88571428571429,2.9571428571428573,676463,0.0081269386481926,2024-04-10T02:54:00Z,2024-04-10T19:28:00Z,16.566666666666666,6.7,-11,0,0,0,0,0,0,0,0,0,0,0,0,0,1,0,0,0,0,0,0,0,0,0,0,0,0,0,100000
2023-07-09,Hamburg,0,0,1892122,2438,23.957142857142856,18.02857142857143,3.0428571428571427,1853935,0.02227293437000538,2024-04-10T02:54:00Z,2024-04-10T19:28:00Z,16.566666666666666,7.27,2,0,0,0,0,0,0,0,0,0,0,0,0,0,2,0,0,0,0,0,0,0,0,0,0,0,0,0,100000
2023-07-16,Berlin,0,2,3755251,4090,27.8,23.17142857142857,0.45714285714285713,3677472,0.04418067111497029,2024-04-10T03:02:00Z,2024-04-10T19:22:00Z,16.333333333333332,7.44,3,0,0,0,0,0,0,0,0,0,0,0,0,0,0,0,0,0,0,0,0,0,0,0,0,0,0,0,100000
2023-07-16,Bremen,0,5,684864,1629,25.12857142857143,20.042857142857144,3.6714285714285713,676463,0.0081269386481926,2024-04-10T03:02:00Z,2024-04-10T19:22:00Z,16.333333333333332,6.54,-13,0,0,0,0,0,0,0,0,0,0,0,0,0,1,0,0,0,0,0,0,0,0,0,0,0,0,0,100000
2023-07-16,Hamburg,0,2,1892122,2438,25.442857142857143,20.12857142857143,2.5,1853935,0.02227293437000538,2024-04-10T03:02:00Z,2024-04-10T19:22:00Z,16.333333333333332,7.19,1,0,0,0,0,0,0,0,0,0,0,0,0,0,2,0,0,0,0,0,0,0,0,0,0,0,0,0,100000
2023-07-23,Berlin,0,5,3755251,4090,22.6,18.62857142857143,1.1714285714285717,3677472,0.04418067111497029,2024-04-10T03:12:00Z,2024-04-10T19:13:00Z,16.016666666666666,7.25,0,0,0,0,0,0,0,0,0,0,0,0,0,0,0,0,0,0,0,0,0,0,0,0,0,0,0,0,100000
2023-07-23,Bremen,0,4,684864,1629,21.15714285714286,16.285714285714285,3.5142857142857142,676463,0.0081269386481926,2024-04-10T03:12:00Z,2024-04-10T19:13:00Z,16.016666666666666,6.32,-16,0,0,0,0,0,0,0,0,0,0,0,0,0,1,0,0,0,0,0,0,0,0,0,0,0,0,0,100000
2023-07-23,Hamburg,0,5,1892122,2438,20.642857142857142,16.114285714285714,3.871428571428571,1853935,0.02227293437000538,2024-04-10T03:12:00Z,2024-04-10T19:13:00Z,16.016666666666666,6.98,-2,0,0,0,0,0,0,0,0,0,0,0,0,0,2,0,0,0,0,0,0,0,0,0,0,0,0,0,100000
2023-07-30,Berlin,0,5,3755251,4090,21.557142857142857,18.257142857142856,4.4714285714285715,3677472,0.04418067111497029,2024-04-10T03:22:00Z,2024-04-10T19:02:00Z,15.666666666666666,7.18,-1,0,0,0,0,0,0,0,0,0,0,0,0,0,0,0,0,0,0,0,0,0,0,0,0,0,0,0,100000
2023-07-30,Bremen,0,5,684864,1629,21.571428571428573,16.814285714285713,7.885714285714285,676463,0.0081269386481926,2024-04-10T03:22:00Z,2024-04-10T19:02:00Z,15.666666666666666,6.42,-15,0,0,0,0,0,0,0,0,0,0,0,0,0,1,0,0,0,0,0,0,0,0,0,0,0,0,0,100000
2023-07-30,Hamburg,0,5,1892122,2438,21.357142857142858,16.7,3.9,1853935,0.02227293437000538,2024-04-10T03:22:00Z,2024-04-10T19:02:00Z,15.666666666666666,7.07,0,0,0,0,0,0,0,0,0,0,0,0,0,0,2,0,0,0,0,0,0,0,0,0,0,0,0,0,100000
2023-08-06,Berlin,0,5,3755251,4090,20.54285714285714,17.87142857142857,6.985714285714286,3677472,0.04418067111497029,2024-04-10T03:33:00Z,2024-04-10T18:50:00Z,15.283333333333331,7.26,0,0,0,0,0,0,0,0,0,0,0,0,0,0,0,0,0,0,0,0,0,0,0,0,0,0,0,0,100000
2023-08-06,Bremen,0,5,684864,1629,21.02857142857143,16.9,8.928571428571429,676463,0.0081269386481926,2024-04-10T03:33:00Z,2024-04-10T18:50:00Z,15.283333333333331,6.7,-11,0,0,0,0,0,0,0,0,0,0,0,0,0,1,0,0,0,0,0,0,0,0,0,0,0,0,0,100000
2023-08-06,Hamburg,0,5,1892122,2438,19.97142857142857,16.7,10.714285714285715,1853935,0.02227293437000538,2024-04-10T03:33:00Z,2024-04-10T18:50:00Z,15.283333333333331,7.16,1,0,0,0,0,0,0,0,0,0,0,0,0,0,2,0,0,0,0,0,0,0,0,0,0,0,0,0,100000
2023-08-13,Berlin,0,5,3755251,4090,21.814285714285713,17.742857142857144,1.6142857142857143,3677472,0.04418067111497029,2024-04-10T03:45:00Z,2024-04-10T18:37:00Z,14.866666666666667,7.05,-3,0,0,0,0,0,0,0,0,0,0,0,0,0,0,0,0,0,0,0,0,0,0,0,0,0,0,0,100000
2023-08-13,Bremen,0,5,684864,1629,22.2,17.32857142857143,2.0142857142857142,676463,0.0081269386481926,2024-04-10T03:45:00Z,2024-04-10T18:37:00Z,14.866666666666667,6.43,-14,0,0,0,0,0,0,0,0,0,0,0,0,0,1,0,0,0,0,0,0,0,0,0,0,0,0,0,100000
2023-08-13,Hamburg,0,3,1892122,2438,21.02857142857143,16.47142857142857,2.357142857142857,1853935,0.02227293437000538,2024-04-10T03:45:00Z,2024-04-10T18:37:00Z,14.866666666666667,6.86,-3,0,0,0,0,0,0,0,0,0,0,0,0,0,2,0,0,0,0,0,0,0,0,0,0,0,0,0,100000
2023-08-20,Berlin,0,5,3755251,4090,28.542857142857144,23.771428571428572,2.0285714285714285,3677472,0.04418067111497029,2024-04-10T03:57:00Z,2024-04-10T18:22:00Z,14.416666666666666,7.11,-2,0,0,0,0,0,0,0,0,0,0,0,0,0,0,0,0,0,0,0,0,0,0,0,0,0,0,0,100000
2023-08-20,Bremen,0,3,684864,1629,25.3,20.11428571428571,0.15714285714285717,676463,0.0081269386481926,2024-04-10T03:57:00Z,2024-04-10T18:22:00Z,14.416666666666666,6.61,-12,0,0,0,0,0,0,0,0,0,0,0,0,0,1,0,0,0,0,0,0,0,0,0,0,0,0,0,100000
2023-08-20,Hamburg,0,5,1892122,2438,24.728571428571428,19.88571428571429,3.5714285714285716,1853935,0.02227293437000538,2024-04-10T03:57:00Z,2024-04-10T18:22:00Z,14.416666666666666,6.93,-2,0,0,0,0,0,0,0,0,0,0,0,0,0,2,0,0,0,0,0,0,0,0,0,0,0,0,0,100000
2023-08-27,Berlin,0,5,3755251,4090,25.514285714285716,21.37142857142857,1.042857142857143,3677472,0.04418067111497029,2024-04-10T04:08:00Z,2024-04-10T18:07:00Z,13.983333333333333,7.07,-2,0,0,0,0,0,0,0,0,0,0,0,0,0,0,0,0,0,0,0,0,0,0,0,0,0,0,0,100000
2023-08-27,Bremen,0,0,684864,1629,23.87142857142857,18.61428571428571,0.7285714285714286,676463,0.0081269386481926,2024-04-10T04:08:00Z,2024-04-10T18:07:00Z,13.983333333333333,6.640000000000001,-12,0,0,0,0,0,0,0,0,0,0,0,0,0,1,0,0,0,0,0,0,0,0,0,0,0,0,0,100000
2023-08-27,Hamburg,0,3,1892122,2438,23.228571428571428,18.74285714285714,0.842857142857143,1853935,0.02227293437000538,2024-04-10T04:08:00Z,2024-04-10T18:07:00Z,13.983333333333333,6.97,-2,0,0,0,0,0,0,0,0,0,0,0,0,0,2,0,0,0,0,0,0,0,0,0,0,0,0,0,100000
2023-09-03,Berlin,0,0,3755251,4090,19.02857142857143,15.714285714285714,2,3677472,0.04418067111497029,2024-04-10T04:20:00Z,2024-04-10T17:51:00Z,13.516666666666667,7.34,1,0,0,0,0,0,0,0,0,0,0,0,0,0,0,0,0,0,0,0,0,0,0,0,0,0,0,0,100000
2023-09-03,Bremen,0,0,684864,1629,19.857142857142858,14.285714285714286,0.9714285714285714,676463,0.0081269386481926,2024-04-10T04:20:00Z,2024-04-10T17:51:00Z,13.516666666666667,6.72,-11,0,0,0,0,0,0,0,0,0,0,0,0,0,1,0,0,0,0,0,0,0,0,0,0,0,0,0,100000
2023-09-03,Hamburg,0,0,1892122,2438,20.3,15.014285714285714,0.27142857142857146,1853935,0.02227293437000538,2024-04-10T04:20:00Z,2024-04-10T17:51:00Z,13.516666666666667,7.16,1,0,0,0,0,0,0,0,0,0,0,0,0,0,2,0,0,0,0,0,0,0,0,0,0,0,0,0,100000
2023-09-10,Berlin,0,0,3755251,4090,28.17142857142857,20.514285714285716,0,3677472,0.04418067111497029,2024-04-10T04:32:00Z,2024-04-10T17:34:00Z,13.033333333333331,7.74,7,0,0,0,0,0,0,0,0,0,0,0,0,0,0,0,0,0,0,0,0,0,0,0,0,0,0,0,100000
2023-09-10,Bremen,0,0,684864,1629,29.185714285714287,20.542857142857144,0.01428571428571428,676463,0.0081269386481926,2024-04-10T04:32:00Z,2024-04-10T17:34:00Z,13.033333333333331,6.93,-8,0,0,0,0,0,0,0,0,0,0,0,0,0,1,0,0,0,0,0,0,0,0,0,0,0,0,0,100000
2023-09-10,Hamburg,0,0,1892122,2438,28.15714285714286,20.557142857142857,0,1853935,0.02227293437000538,2024-04-10T04:32:00Z,2024-04-10T17:34:00Z,13.033333333333331,7.37,4,0,0,0,0,0,0,0,0,0,0,0,0,0,2,0,0,0,0,0,0,0,0,0,0,0,0,0,100000
2023-09-17,Berlin,0,0,3755251,4090,24.38571428571429,18.38571428571429,1.2285714285714284,3677472,0.04418067111497029,2024-04-10T04:43:00Z,2024-04-10T17:18:00Z,12.583333333333334,7.61,5,0,0,0,0,0,0,0,0,0,0,0,0,0,0,0,0,0,0,0,0,0,0,0,0,0,0,0,100000
2023-09-17,Bremen,0,0,684864,1629,23.52857142857143,17.2,0.3285714285714286,676463,0.0081269386481926,2024-04-10T04:43:00Z,2024-04-10T17:18:00Z,12.583333333333334,6.8,-9,0,0,0,0,0,0,0,0,0,0,0,0,0,1,0,0,0,0,0,0,0,0,0,0,0,0,0,100000
2023-09-17,Hamburg,0,0,1892122,2438,22.82857142857143,17.142857142857142,2.2571428571428567,1853935,0.02227293437000538,2024-04-10T04:43:00Z,2024-04-10T17:18:00Z,12.583333333333334,7.21,2,0,0,0,0,0,0,0,0,0,0,0,0,0,2,0,0,0,0,0,0,0,0,0,0,0,0,0,100000
2023-09-24,Berlin,0,0,3755251,4090,22.02857142857143,17.557142857142857,0.2714285714285714,3677472,0.04418067111497029,2024-04-10T04:55:00Z,2024-04-10T17:01:00Z,12.1,7.28,0,0,0,0,0,0,0,0,0,0,0,0,0,0,0,0,0,0,0,0,0,0,0,0,0,0,0,0,100000
2023-09-24,Bremen,0,0,684864,1629,20.857142857142858,16.514285714285712,0.2857142857142857,676463,0.0081269386481926,2024-04-10T04:55:00Z,2024-04-10T17:01:00Z,12.1,6.67,-11,0,0,0,0,0,0,0,0,0,0,0,0,0,1,0,0,0,0,0,0,0,0,0,0,0,0,0,100000
2023-09-24,Hamburg,0,0,1892122,2438,21.228571428571428,16.942857142857143,0.7142857142857143,1853935,0.02227293437000538,2024-04-10T04:55:00Z,2024-04-10T17:01:00Z,12.1,7.04,-1,0,0,0,0,0,0,0,0,0,0,0,0,0,2,0,0,0,0,0,0,0,0,0,0,0,0,0,100000
2023-10-01,Berlin,0,0,3755251,4090,22.185714285714287,16.65714285714286,1.2285714285714284,3677472,0.04418067111497029,2024-04-10T05:07:00Z,2024-04-10T16:44:00Z,11.616666666666667,7.38,2,0,0,0,0,0,0,0,0,0,0,0,0,0,0,0,0,0,0,0,0,0,0,0,0,0,0,0,100000
2023-10-01,Bremen,0,0,684864,1629,21.47142857142857,15.928571428571429,0.1,676463,0.0081269386481926,2024-04-10T05:07:00Z,2024-04-10T16:44:00Z,11.616666666666667,6.7,-11,0,0,0,0,0,0,0,0,0,0,0,0,0,1,0,0,0,0,0,0,0,0,0,0,0,0,0,100000
2023-10-01,Hamburg,0,0,1892122,2438,21.685714285714287,16.285714285714285,0.22857142857142856,1853935,0.02227293437000538,2024-04-10T05:07:00Z,2024-04-10T16:44:00Z,11.616666666666667,6.99,-1,0,0,0,0,0,0,0,0,0,0,0,0,0,2,0,0,0,0,0,0,0,0,0,0,0,0,0,100000
2023-10-08,Berlin,0,1,3755251,4090,18.3,15.014285714285714,4,3677472,0.04418067111497029,2024-04-10T05:19:00Z,2024-04-10T16:28:00Z,11.15,6.5200000000000005,-10,0,0,0,0,0,0,0,0,0,0,0,0,0,0,0,0,0,0,0,0,0,0,0,0,0,0,0,100000
2023-10-08,Bremen,0,1,684864,1629,18.585714285714285,15.17142857142857,3.128571428571429,676463,0.0081269386481926,2024-04-10T05:19:00Z,2024-04-10T16:28:00Z,11.15,5.91,-21,0,0,0,0,0,0,0,0,0,0,0,0,0,1,0,0,0,0,0,0,0,0,0,0,0,0,0,100000
2023-10-08,Hamburg,0,1,1892122,2438,18.571428571428573,14.7,5.771428571428572,1853935,0.02227293437000538,2024-04-10T05:19:00Z,2024-04-10T16:28:00Z,11.15,6.23,-12,0,0,0,0,0,0,0,0,0,0,0,0,0,2,0,0,0,0,0,0,0,0,0,0,0,0,0,100000
2023-10-15,Berlin,0,0,3755251,4090,16.84285714285714,13.8,2.4857142857142858,3677472,0.04418067111497029,2024-04-10T05:31:00Z,2024-04-10T16:12:00Z,10.683333333333334,6.74,-7,0,0,0,0,0,0,0,0,0,0,0,0,0,0,0,0,0,0,0,0,0,0,0,0,0,0,0,100000
2023-10-15,Bremen,0,0,684864,1629,17,13.628571428571428,6.357142857142857,676463,0.0081269386481926,2024-04-10T05:31:00Z,2024-04-10T16:12:00Z,10.683333333333334,6.26,-17,0,0,0,0,0,0,0,0,0,0,0,0,0,1,0,0,0,0,0,0,0,0,0,0,0,0,0,100000
2023-10-15,Hamburg,0,0,1892122,2438,16.542857142857144,12.928571428571429,9,1853935,0.02227293437000538,2024-04-10T05:31:00Z,2024-04-10T16:12:00Z,10.683333333333334,6.58,-7,0,0,0,0,0,0,0,0,0,0,0,0,0,2,0,0,0,0,0,0,0,0,0,0,0,0,0,100000
2023-10-22,Berlin,0,0,3755251,4090,11.371428571428572,7.814285714285714,1.414285714285714,3677472,0.04418067111497029,2024-04-10T05:44:00Z,2024-04-10T15:57:00Z,10.216666666666669,6.69,-8,0,0,0,0,0,0,0,0,0,0,0,0,0,0,0,0,0,0,0,0,0,0,0,0,0,0,0,100000
2023-10-22,Bremen,0,5,684864,1629,11.82857142857143,8.257142857142856,7.628571428571429,676463,0.0081269386481926,2024-04-10T05:44:00Z,2024-04-10T15:57:00Z,10.216666666666669,5.95,-21,0,0,0,0,0,0,0,0,0,0,0,0,0,1,0,0,0,0,0,0,0,0,0,0,0,0,0,100000
2023-10-22,Hamburg,0,5,1892122,2438,11.17142857142857,7.814285714285714,5.242857142857143,1853935,0.02227293437000538,2024-04-10T05:44:00Z,2024-04-10T15:57:00Z,10.216666666666669,6.25,-12,0,0,0,0,0,0,0,0,0,0,0,0,0,2,0,0,0,0,0,0,0,0,0,0,0,0,0,100000
2023-10-29,Berlin,0,5,3755251,4090,12.72857142857143,10.371428571428572,4.628571428571428,3677472,0.04418067111497029,2024-04-10T05:56:00Z,2024-04-10T15:43:00Z,9.783333333333331,6.390000000000001,-12,0,0,0,0,0,0,0,0,0,0,0,0,0,0,0,0,0,0,0,0,0,0,0,0,0,0,0,100000
2023-10-29,Bremen,0,5,684864,1629,12.728571428571428,10.214285714285714,3.2,676463,0.0081269386481926,2024-04-10T05:56:00Z,2024-04-10T15:43:00Z,9.783333333333331,5.97,-20,0,0,0,0,0,0,0,0,0,0,0,0,0,1,0,0,0,0,0,0,0,0,0,0,0,0,0,100000
2023-10-29,Hamburg,0,5,1892122,2438,12.971428571428572,10,1.8428571428571427,1853935,0.02227293437000538,2024-04-10T05:56:00Z,2024-04-10T15:43:00Z,9.783333333333331,6.3100000000000005,-11,0,0,0,0,0,0,0,0,0,0,0,0,0,2,0,0,0,0,0,0,0,0,0,0,0,0,0,100000
2023-11-05,Berlin,0,5,3755251,4090,12.685714285714283,10.242857142857144,2.457142857142857,3677472,0.04418067111497029,2024-04-10T06:09:00Z,2024-04-10T15:30:00Z,9.35,6.23,-14,0,0,0,0,0,0,0,0,0,0,0,0,0,0,0,0,0,0,0,0,0,0,0,0,0,0,0,100000
2023-11-05,Bremen,1,1,684864,1629,13,10.485714285714286,2.7714285714285714,676463,0.0081269386481926,2024-04-10T06:09:00Z,2024-04-10T15:30:00Z,9.35,5.55,-26,0,0,0,0,0,0,0,0,0,0,0,0,0,1,0,0,0,0,0,0,0,0,0,0,0,0,0,100000
2023-11-05,Hamburg,1,0,1892122,2438,12.442857142857145,9.9,3.4,1853935,0.02227293437000538,2024-04-10T06:09:00Z,2024-04-10T15:30:00Z,9.35,5.99,-16,0,0,0,0,0,0,0,0,0,0,0,0,0,2,0,0,0,0,0,0,0,0,0,0,0,0,0,100000
2023-11-12,Berlin,0,0,3755251,4090,10.342857142857143,8.114285714285714,0.6571428571428571,3677472,0.04418067111497029,2024-04-10T06:22:00Z,2024-04-10T15:18:00Z,8.933333333333334,6.75,-7,0,0,0,0,0,0,0,0,0,0,0,0,0,0,0,0,0,0,0,0,0,0,0,0,0,0,0,100000
2023-11-12,Bremen,0,0,684864,1629,10.428571428571429,8.285714285714286,2.1,676463,0.0081269386481926,2024-04-10T06:22:00Z,2024-04-10T15:18:00Z,8.933333333333334,6.19,-18,0,0,0,0,0,0,0,0,0,0,0,0,0,1,0,0,0,0,0,0,0,0,0,0,0,0,0,100000
2023-11-12,Hamburg,0,0,1892122,2438,10.357142857142858,8.5,0.9857142857142857,1853935,0.02227293437000538,2024-04-10T06:22:00Z,2024-04-10T15:18:00Z,8.933333333333334,6.61,-7,0,0,0,0,0,0,0,0,0,0,0,0,0,2,0,0,0,0,0,0,0,0,0,0,0,0,0,100000
2023-11-19,Berlin,0,0,3755251,4090,8.428571428571429,6.4714285714285715,3.157142857142857,3677472,0.04418067111497029,2024-04-10T06:34:00Z,2024-04-10T15:08:00Z,8.566666666666666,6.75,-7,0,0,0,0,0,0,0,0,0,0,0,0,0,0,0,0,0,0,0,0,0,0,0,0,0,0,0,100000
2023-11-19,Bremen,0,0,684864,1629,10.314285714285717,6.9714285714285715,5.842857142857143,676463,0.0081269386481926,2024-04-10T06:34:00Z,2024-04-10T15:08:00Z,8.566666666666666,6.22,-17,0,0,0,0,0,0,0,0,0,0,0,0,0,1,0,0,0,0,0,0,0,0,0,0,0,0,0,100000
2023-11-19,Hamburg,0,0,1892122,2438,9.571428571428571,6.885714285714286,4.042857142857143,1853935,0.02227293437000538,2024-04-10T06:34:00Z,2024-04-10T15:08:00Z,8.566666666666666,6.57,-7,0,0,0,0,0,0,0,0,0,0,0,0,0,2,0,0,0,0,0,0,0,0,0,0,0,0,0,100000
2023-11-26,Berlin,0,0,3755251,4090,6.128571428571429,3.8857142857142857,3.2714285714285714,3677472,0.04418067111497029,2024-04-10T06:46:00Z,2024-04-10T15:00:00Z,8.233333333333333,6.92,-4,0,0,0,0,0,0,0,0,0,0,0,0,0,0,0,0,0,0,0,0,0,0,0,0,0,0,0,100000
2023-11-26,Bremen,0,0,684864,1629,8.157142857142857,5.4,5.457142857142857,676463,0.0081269386481926,2024-04-10T06:46:00Z,2024-04-10T15:00:00Z,8.233333333333333,6.23,-17,0,0,0,0,0,0,0,0,0,0,0,0,0,1,0,0,0,0,0,0,0,0,0,0,0,0,0,100000
2023-11-26,Hamburg,0,0,1892122,2438,7.357142857142857,4.5285714285714285,3.2285714285714286,1853935,0.02227293437000538,2024-04-10T06:46:00Z,2024-04-10T15:00:00Z,8.233333333333333,6.7,-6,0,0,0,0,0,0,0,0,0,0,0,0,0,2,0,0,0,0,0,0,0,0,0,0,0,0,0,100000
2023-12-03,Berlin,0,0,3755251,4090,-0.7857142857142857,-2.1142857142857143,1.0285714285714285,3677472,0.04418067111497029,2024-04-10T06:56:00Z,2024-04-10T14:55:00Z,7.983333333333333,6.98,-4,0,0,0,0,0,0,0,0,0,0,0,0,0,0,0,0,0,0,0,0,0,0,0,0,0,0,0,100000
2023-12-03,Bremen,0,0,684864,1629,0.5714285714285714,-0.6428571428571427,1.5857142857142856,676463,0.0081269386481926,2024-04-10T06:56:00Z,2024-04-10T14:55:00Z,7.983333333333333,6.3100000000000005,-16,0,0,0,0,0,0,0,0,0,0,0,0,0,1,0,0,0,0,0,0,0,0,0,0,0,0,0,100000
2023-12-03,Hamburg,0,0,1892122,2438,0.6571428571428571,-1.4714285714285715,1.7142857142857142,1853935,0.02227293437000538,2024-04-10T06:56:00Z,2024-04-10T14:55:00Z,7.983333333333333,6.7700000000000005,-5,0,0,0,0,0,0,0,0,0,0,0,0,0,2,0,0,0,0,0,0,0,0,0,0,0,0,0,100000
2023-12-10,Berlin,0,0,3755251,4090,1.9,0.6714285714285715,1.8285714285714287,3677472,0.04418067111497029,2024-04-10T07:05:00Z,2024-04-10T14:52:00Z,7.783333333333333,6.87,-5,0,0,0,0,0,0,0,0,0,0,0,0,0,0,0,0,0,0,0,0,0,0,0,0,0,0,0,100000
2023-12-10,Bremen,0,0,684864,1629,3.5142857142857142,2.128571428571429,5.1,676463,0.0081269386481926,2024-04-10T07:05:00Z,2024-04-10T14:52:00Z,7.783333333333333,6.21,-17,0,0,0,0,0,0,0,0,0,0,0,0,0,1,0,0,0,0,0,0,0,0,0,0,0,0,0,100000
2023-12-10,Hamburg,0,0,1892122,2438,2.4571428571428573,1.3857142857142857,3.828571428571428,1853935,0.02227293437000538,2024-04-10T07:05:00Z,2024-04-10T14:52:00Z,7.783333333333333,6.65,-6,0,0,0,0,0,0,0,0,0,0,0,0,0,2,0,0,0,0,0,0,0,0,0,0,0,0,0,100000
2023-12-17,Berlin,0,0,3755251,4090,6.6,5.385714285714285,3.9142857142857137,3677472,0.04418067111497029,2024-04-10T07:12:00Z,2024-04-10T14:52:00Z,7.666666666666667,7.08,-2,0,0,0,0,0,0,0,0,0,0,0,0,0,0,0,0,0,0,0,0,0,0,0,0,0,0,0,100000
2023-12-17,Bremen,0,0,684864,1629,8.057142857142857,6.6,1.0142857142857142,676463,0.0081269386481926,2024-04-10T07:12:00Z,2024-04-10T14:52:00Z,7.666666666666667,6.46,-14,0,0,0,0,0,0,0,0,0,0,0,0,0,1,0,0,0,0,0,0,0,0,0,0,0,0,0,100000
2023-12-17,Hamburg,0,0,1892122,2438,7.642857142857143,6.228571428571429,2.2285714285714286,1853935,0.02227293437000538,2024-04-10T07:12:00Z,2024-04-10T14:52:00Z,7.666666666666667,6.87,-3,0,0,0,0,0,0,0,0,0,0,0,0,0,2,0,0,0,0,0,0,0,0,0,0,0,0,0,100000
2023-12-24,Berlin,0,0,3755251,4090,7.157142857142857,5.771428571428571,5.757142857142857,3677472,0.04418067111497029,2024-04-10T07:16:00Z,2024-04-10T14:55:00Z,7.65,6.69,-8,0,0,0,0,0,0,0,0,0,0,0,0,0,0,0,0,0,0,0,0,0,0,0,0,0,0,0,100000
2023-12-24,Bremen,0,0,684864,1629,9.085714285714284,6.814285714285714,9.928571428571429,676463,0.0081269386481926,2024-04-10T07:16:00Z,2024-04-10T14:55:00Z,7.65,6.07,-19,0,0,0,0,0,0,0,0,0,0,0,0,0,1,0,0,0,0,0,0,0,0,0,0,0,0,0,100000
2023-12-24,Hamburg,0,0,1892122,2438,8.114285714285714,6.428571428571429,10.157142857142857,1853935,0.02227293437000538,2024-04-10T07:16:00Z,2024-04-10T14:55:00Z,7.65,6.5,-8,0,0,0,0,0,0,0,0,0,0,0,0,0,2,0,0,0,0,0,0,0,0,0,0,0,0,0,100000
2023-12-31,Berlin,1,5,3755251,4090,9.9,8.4,2.475,3677472,0.04418067111497029,2024-04-10T07:17:00Z,2024-04-10T15:01:00Z,7.733333333333333,5.99,-17,0,0,0,0,0,0,0,0,0,0,0,0,0,0,0,0,0,0,0,0,0,0,0,0,0,0,0,100000
2023-12-31,Bremen,1,5,684864,1629,10.7875,8.4125,3.25,676463,0.0081269386481926,2024-04-10T07:17:00Z,2024-04-10T15:01:00Z,7.733333333333333,5.29,-30,0,0,0,0,0,0,0,0,0,0,0,0,0,1,0,0,0,0,0,0,0,0,0,0,0,0,0,100000
2023-12-31,Hamburg,1,5,1892122,2438,10.225,8.025,2.9625,1853935,0.02227293437000538,2024-04-10T07:17:00Z,2024-04-10T15:01:00Z,7.733333333333333,5.71,-20,0,0,0,0,0,0,0,0,0,0,0,0,0,2,0,0,0,0,0,0,0,0,0,0,0,0,0,100000
